# Object Export From Tinkercad Server 2015

mtllib obj.mtl

o obj_0
v -71 		-36.8801 		30.233
v -110.419 		-36.602 		21.547
v -110.567 		-36.602 		21.434
v -71 		-39 		30.233
v -110.696 		-36.602 		21.304
v -83.436 		-39 		19.482
v -110.805 		-36.602 		21.161
v -112.007 		-39 		20.065
v -83.275 		-39 		19.383
v -112.007 		-39 		20.942
v -121 		-36.8801 		30.233
v -110.892 		-36.602 		21.007
v -109.506 		-36.602 		19.188
v -121 		-39 		30.233
v -108.006 		-39 		20.503
v -109.31 		-36.602 		19.199
v -71 		-19.9118 		0
v -81.46 		-39 		19.565
v -81.61 		-39 		19.454
v -109.118 		-36.602 		19.233
v -83.1 		-39 		19.305
v -83.878 		-36.602 		21.036
v -108.057 		-39 		20.163
v -108.019 		-39 		20.332
v -110.9171 		-36.602 		20.942
v -108.12 		-36.602 		21.007
v -108.019 		-39 		20.675
v -110.9171 		-36.602 		20.065
v -108.207 		-36.602 		21.161
v -81.296 		-36.602 		21.293
v -108.057 		-39 		20.844
v -81.423 		-36.602 		21.425
v -112.007 		-36.602 		20.065
v -108.316 		-36.602 		21.304
v -81.568 		-36.602 		21.541
v -110.892 		-39 		20
v -110.9171 		-39 		20.065
v -108.445 		-36.602 		21.434
v -81.729 		-36.602 		21.639
v -110.805 		-39 		19.846
v -108.593 		-36.602 		21.547
v -81.904 		-36.602 		21.717
v -110.696 		-39 		19.703
v -110.567 		-39 		19.573
v -81.328 		-39 		19.692
v -108.932 		-36.602 		19.288
v -110.419 		-39 		19.46
v -82.089 		-36.602 		21.776
v -110.256 		-39 		19.364
v -108.756 		-36.602 		21.643
v -82.28 		-36.602 		21.812
v -81.216 		-39 		19.834
v -110.08 		-39 		19.288
v -108.932 		-36.602 		21.719
v -108.756 		-36.602 		19.364
v -81.126 		-39 		19.986
v -82.476 		-36.602 		21.826
v -79.993 		-39 		20.911
v -109.118 		-36.602 		21.774
v -108.593 		-36.602 		19.46
v -109.894 		-39 		19.233
v -81.1029 		-39 		20.0427
v -83.993 		-39 		20.362
v -84.002 		-39 		20.534
v -82.672 		-36.602 		21.818
v -82.916 		-39 		19.247
v -108.445 		-36.602 		19.573
v -83.958 		-39 		20.193
v -109.702 		-39 		19.199
v -109.31 		-36.602 		21.808
v -82.865 		-36.602 		21.787
v -108.316 		-36.602 		19.703
v -82.724 		-39 		19.21
v -83.052 		-36.602 		21.735
v -109.506 		-36.602 		21.819
v -109.506 		-39 		19.188
v -108.207 		-36.602 		19.846
v -109.31 		-39 		19.199
v -83.229 		-36.602 		21.662
v -109.702 		-36.602 		21.808
v -80.028 		-39 		20.034
v -108.12 		-36.602 		20
v -109.118 		-39 		19.233
v -109.894 		-36.602 		21.774
v -82.528 		-39 		19.196
v -81.106 		-36.602 		20.993
v -108.932 		-39 		19.288
v -83.944 		-39 		20.874
v -81.19 		-36.602 		21.149
v -82.332 		-39 		19.204
v -83.986 		-39 		20.705
v -82.139 		-39 		19.235
v -108.756 		-39 		19.364
v -108.593 		-39 		19.46
v -71 		-39 		0
v -83.394 		-39 		21.568
v -81.952 		-39 		19.287
v -108.445 		-39 		19.573
v -80.028 		-36.602 		20.034
v -121 		-19.9118 		0
v -81.775 		-39 		19.361
v -83.898 		-36.602 		20.029
v -108.316 		-39 		19.703
v -83.544 		-39 		21.457
v -121 		-39 		0
v -83.814 		-36.602 		19.873
v -108.207 		-39 		19.846
v -73.998 		-36.602 		29.7375
v -83.676 		-39 		21.33
v -108.12 		-39 		20
v -118.003 		-36.602 		0
v -118.003 		-19.9118 		0
v -107.206 		-36.602 		25.675
v -118.003 		-36.602 		29.7375
v -107.206 		-39 		15.327
v -83.788 		-39 		21.189
v -83.878 		-39 		21.036
v -73.998 		-19.9118 		0
v -73.998 		-36.602 		0
v -84.702 		-36.602 		25.675
v -83.708 		-36.602 		19.729
v -81.079 		-39 		20.9193
v -84.702 		-39 		15.327
v -83.581 		-36.602 		19.597
v -83.436 		-36.602 		19.482
v -112.007 		-36.602 		20.942
v -81.296 		-39 		21.293
v -110.08 		-39 		21.719
v -81.423 		-39 		21.425
v -110.256 		-39 		21.643
v -83.275 		-36.602 		19.383
v -83.1 		-36.602 		19.305
v -82.916 		-36.602 		19.247
v -82.724 		-36.602 		19.21
v -82.528 		-36.602 		19.196
v -108.006 		-36.602 		20.503
v -82.332 		-36.602 		19.204
v -110.419 		-39 		21.547
v -108.057 		-36.602 		20.163
v -82.139 		-36.602 		19.235
v -81.568 		-39 		21.541
v -108.019 		-36.602 		20.332
v -81.952 		-36.602 		19.287
v -81.729 		-39 		21.639
v -81.775 		-36.602 		19.361
v -108.019 		-36.602 		20.675
v -108.057 		-36.602 		20.844
v -81.61 		-36.602 		19.454
v -81.904 		-39 		21.717
v -81.46 		-36.602 		19.565
v -110.567 		-39 		21.434
v -82.089 		-39 		21.776
v -110.696 		-39 		21.304
v -82.28 		-39 		21.812
v -110.805 		-39 		21.161
v -79.993 		-36.602 		20.911
v -81.328 		-36.602 		19.692
v -84.002 		-36.602 		20.534
v -83.993 		-36.602 		20.362
v -82.476 		-39 		21.826
v -83.958 		-36.602 		20.193
v -82.672 		-39 		21.818
v -110.892 		-36.602 		20
v -81.216 		-36.602 		19.834
v -82.865 		-39 		21.787
v -110.805 		-36.602 		19.846
v -81.126 		-36.602 		19.986
v -83.052 		-39 		21.735
v -110.696 		-36.602 		19.703
v -110.892 		-39 		21.007
v -83.229 		-39 		21.662
v -110.567 		-36.602 		19.573
v -110.9171 		-39 		20.942
v -110.419 		-36.602 		19.46
v -110.256 		-36.602 		19.364
v -81.106 		-39 		20.993
v -83.944 		-36.602 		20.874
v -110.08 		-36.602 		19.288
v -81.19 		-39 		21.149
v -108.12 		-39 		21.007
v -83.986 		-36.602 		20.705
v -108.207 		-39 		21.161
v -108.316 		-39 		21.304
v -109.894 		-36.602 		19.233
v -83.394 		-36.602 		21.568
v -108.445 		-39 		21.434
v -109.702 		-36.602 		19.199
v -83.544 		-36.602 		21.457
v -81.1029 		-36.602 		20.0427
v -83.676 		-36.602 		21.33
v -108.593 		-39 		21.547
v -108.756 		-39 		21.643
v -108.932 		-39 		21.719
v -83.788 		-36.602 		21.189
v -109.118 		-39 		21.774
v -109.31 		-39 		21.808
v -109.506 		-39 		21.819
v -81.079 		-36.602 		20.9193
v -109.702 		-39 		21.808
v -109.894 		-39 		21.774
v -107.206 		-36.602 		15.327
v -84.702 		-36.602 		15.327
v -83.898 		-39 		20.029
v -83.814 		-39 		19.873
v -83.708 		-39 		19.729
v -83.581 		-39 		19.597
v -107.206 		-39 		25.675
v -110.08 		-36.602 		21.719
v -84.702 		-39 		25.675
v -110.256 		-36.602 		21.643
# 210 vertices

g group_0_15277357

usemtl color_15277357
s 0

f 1 	11 	4
f 10 	14 	8
f 14 	4 	11
f 16 	20 	201
f 23 	115 	24
f 8 	37 	33
f 32 	108 	30
f 28 	33 	37
f 35 	108 	32
f 28 	37 	36
f 43 	169 	40
f 44 	169 	43
f 18 	19 	95
f 101 	95 	19
f 46 	201 	20
f 41 	192 	50
f 81 	56 	95
f 51 	108 	48
f 48 	108 	42
f 50 	192 	54
f 18 	95 	45
f 60 	201 	55
f 55 	201 	46
f 45 	95 	52
f 74 	120 	71
f 77 	201 	72
f 63 	123 	68
f 201 	60 	67
f 72 	201 	67
f 62 	56 	81
f 156 	86 	108
f 1 	108 	11
f 30 	108 	89
f 42 	108 	39
f 115 	207 	15
f 24 	115 	15
f 17 	1 	95
f 4 	95 	1
f 52 	95 	56
f 73 	123 	85
f 97 	143 	92
f 35 	39 	108
f 57 	120 	51
f 108 	51 	120
f 65 	120 	57
f 71 	120 	65
f 79 	120 	74
f 120 	113 	108
f 143 	97 	101
f 91 	209 	64
f 63 	64 	123
f 19 	148 	101
f 14 	11 	105
f 100 	105 	11
f 104 	109 	190
f 111 	112 	114
f 190 	109 	116
f 11 	114 	100
f 112 	100 	114
f 148 	19 	18
f 112 	111 	100
f 105 	100 	111
f 108 	118 	119
f 69 	105 	76
f 115 	76 	105
f 95 	85 	123
f 115 	95 	123
f 114 	108 	113
f 184 	61 	187
f 69 	187 	61
f 124 	202 	121
f 164 	45 	52
f 95 	115 	105
f 108 	17 	118
f 187 	69 	76
f 126 	10 	8
f 126 	8 	33
f 164 	52 	167
f 56 	167 	52
f 131 	202 	125
f 124 	125 	202
f 17 	119 	118
f 133 	202 	132
f 131 	132 	202
f 62 	167 	56
f 134 	202 	133
f 126 	33 	114
f 142 	23 	24
f 83 	20 	78
f 142 	24 	15
f 87 	20 	83
f 58 	81 	4
f 204 	106 	203
f 102 	203 	106
f 128 	14 	130
f 88 	209 	91
f 113 	201 	136
f 139 	142 	201
f 106 	204 	205
f 106 	205 	121
f 55 	46 	93
f 206 	124 	205
f 121 	205 	124
f 15 	136 	142
f 55 	93 	94
f 6 	125 	124
f 6 	124 	206
f 98 	67 	94
f 9 	131 	6
f 67 	98 	72
f 103 	72 	98
f 123 	203 	68
f 72 	103 	107
f 125 	6 	131
f 156 	108 	99
f 15 	27 	136
f 37 	8 	36
f 131 	9 	132
f 21 	132 	9
f 150 	119 	148
f 82 	110 	139
f 36 	8 	40
f 150 	157 	119
f 142 	139 	23
f 66 	133 	132
f 66 	132 	21
f 28 	36 	163
f 8 	105 	40
f 157 	164 	119
f 44 	43 	105
f 43 	40 	105
f 40 	166 	36
f 163 	36 	166
f 146 	136 	27
f 49 	47 	105
f 47 	44 	105
f 166 	40 	169
f 49 	105 	53
f 133 	66 	134
f 73 	134 	66
f 44 	172 	169
f 31 	147 	146
f 31 	146 	27
f 47 	174 	172
f 47 	172 	44
f 153 	14 	155
f 134 	73 	85
f 134 	85 	135
f 147 	31 	26
f 105 	61 	53
f 174 	47 	175
f 49 	175 	47
f 99 	58 	156
f 170 	155 	10
f 69 	61 	105
f 53 	178 	175
f 53 	175 	49
f 135 	85 	137
f 90 	137 	85
f 115 	78 	76
f 63 	159 	64
f 181 	120 	177
f 31 	27 	207
f 137 	90 	140
f 92 	140 	90
f 61 	184 	53
f 78 	115 	83
f 159 	63 	161
f 68 	161 	63
f 180 	207 	182
f 31 	207 	180
f 79 	96 	185
f 178 	53 	184
f 203 	161 	68
f 143 	140 	92
f 115 	93 	87
f 87 	83 	115
f 104 	188 	96
f 185 	96 	188
f 146 	113 	136
f 142 	136 	201
f 167 	99 	164
f 101 	145 	143
f 187 	76 	13
f 148 	145 	101
f 188 	104 	190
f 158 	120 	181
f 161 	202 	159
f 120 	158 	202
f 13 	76 	16
f 78 	16 	76
f 177 	88 	181
f 91 	181 	88
f 18 	150 	148
f 20 	16 	78
f 177 	120 	22
f 116 	194 	190
f 91 	64 	181
f 87 	46 	20
f 45 	157 	150
f 45 	150 	18
f 194 	22 	120
f 194 	116 	117
f 194 	117 	22
f 191 	207 	192
f 186 	207 	191
f 189 	99 	167
f 64 	159 	158
f 87 	93 	46
f 193 	207 	195
f 192 	207 	193
f 190 	194 	120
f 164 	157 	45
f 117 	88 	22
f 195 	207 	196
f 135 	202 	134
f 119 	202 	135
f 119 	135 	137
f 119 	137 	140
f 119 	140 	143
f 119 	143 	145
f 148 	119 	145
f 119 	164 	99
f 89 	179 	30
f 94 	60 	55
f 129 	32 	30
f 129 	30 	127
f 67 	60 	94
f 89 	108 	86
f 199 	14 	200
f 167 	62 	189
f 141 	35 	129
f 32 	129 	35
f 106 	121 	202
f 198 	86 	156
f 119 	99 	108
f 35 	141 	144
f 35 	144 	39
f 107 	77 	72
f 64 	158 	181
f 120 	202 	123
f 151 	14 	153
f 138 	14 	151
f 130 	14 	138
f 10 	155 	14
f 14 	128 	200
f 197 	207 	199
f 196 	207 	197
f 149 	42 	144
f 39 	144 	42
f 110 	82 	77
f 110 	77 	107
f 202 	161 	102
f 201 	113 	115
f 13 	16 	201
f 201 	77 	82
f 42 	149 	152
f 42 	152 	48
f 102 	106 	202
f 23 	139 	110
f 119 	111 	201
f 119 	201 	202
f 201 	115 	123
f 201 	123 	202
f 95 	105 	119
f 95 	119 	17
f 154 	51 	152
f 48 	152 	51
f 99 	81 	58
f 111 	119 	105
f 51 	154 	160
f 51 	160 	57
f 82 	139 	201
f 162 	65 	160
f 57 	160 	65
f 94 	93 	115
f 159 	202 	158
f 94 	115 	98
f 104 	96 	209
f 109 	104 	209
f 58 	122 	156
f 65 	162 	165
f 65 	165 	71
f 107 	103 	115
f 98 	115 	103
f 116 	109 	209
f 198 	156 	122
f 168 	74 	165
f 71 	165 	74
f 99 	189 	81
f 62 	81 	189
f 110 	107 	115
f 117 	116 	209
f 209 	88 	117
f 28 	163 	33
f 177 	22 	88
f 74 	168 	171
f 74 	171 	79
f 110 	115 	23
f 166 	33 	163
f 27 	15 	207
f 79 	171 	96
f 95 	4 	81
f 175 	178 	111
f 169 	111 	166
f 178 	184 	111
f 179 	89 	86
f 179 	86 	176
f 127 	30 	179
f 184 	187 	111
f 174 	175 	111
f 204 	203 	123
f 187 	13 	111
f 17 	108 	1
f 114 	11 	108
f 206 	205 	123
f 204 	123 	205
f 114 	33 	111
f 172 	111 	169
f 33 	166 	111
f 172 	174 	111
f 201 	111 	13
f 141 	4 	144
f 176 	86 	122
f 198 	122 	86
f 149 	144 	4
f 206 	123 	6
f 9 	6 	123
f 152 	149 	4
f 154 	152 	4
f 123 	209 	120
f 120 	209 	207
f 120 	207 	113
f 160 	154 	209
f 102 	161 	203
f 3 	114 	2
f 173 	10 	25
f 126 	25 	10
f 165 	162 	209
f 207 	115 	113
f 5 	114 	3
f 66 	21 	123
f 9 	123 	21
f 200 	208 	84
f 7 	114 	5
f 210 	2 	114
f 168 	165 	209
f 171 	209 	96
f 73 	66 	123
f 25 	126 	12
f 208 	128 	130
f 95 	90 	85
f 7 	12 	114
f 4 	179 	58
f 138 	2 	130
f 114 	12 	126
f 2 	138 	3
f 151 	3 	138
f 92 	90 	95
f 113 	26 	29
f 127 	4 	129
f 141 	129 	4
f 4 	127 	179
f 176 	58 	179
f 122 	58 	176
f 97 	92 	95
f 34 	113 	29
f 26 	113 	147
f 153 	5 	3
f 153 	3 	151
f 38 	113 	34
f 97 	95 	101
f 5 	153 	7
f 155 	7 	153
f 41 	113 	38
f 50 	113 	41
f 171 	168 	209
f 162 	160 	209
f 4 	209 	154
f 54 	113 	50
f 170 	12 	7
f 170 	7 	155
f 70 	113 	59
f 12 	170 	25
f 173 	25 	170
f 75 	80 	113
f 180 	26 	31
f 14 	199 	207
f 186 	183 	207
f 182 	207 	183
f 26 	180 	29
f 182 	29 	180
f 54 	59 	113
f 70 	75 	113
f 114 	113 	80
f 114 	80 	84
f 114 	84 	208
f 208 	210 	114
f 123 	64 	209
f 113 	146 	147
f 183 	34 	29
f 183 	29 	182
f 14 	207 	4
f 34 	183 	38
f 186 	38 	183
f 209 	4 	207
f 188 	120 	185
f 190 	120 	188
f 105 	8 	14
f 173 	170 	10
f 191 	41 	38
f 191 	38 	186
f 120 	79 	185
f 41 	191 	192
f 193 	54 	192
f 54 	193 	59
f 195 	59 	193
f 196 	70 	59
f 196 	59 	195
f 70 	196 	75
f 197 	75 	196
f 199 	80 	75
f 199 	75 	197
f 80 	199 	84
f 200 	84 	199
f 128 	208 	200
f 208 	130 	210
f 210 	130 	2
# 428 faces

 #end of obj_0

o obj_1
v -71 		-39 		2
v -71 		-19 		2
v -71 		-39 		0
v -71 		-19 		0
v -121 		-19 		2
v -121 		-39 		2
v -121 		-19 		0
v -121 		-39 		0
# 8 vertices

g group_1_15277357

usemtl color_15277357
s 0

f 211 	213 	212
f 213 	214 	212
f 215 	217 	216
f 217 	218 	216
f 215 	216 	212
f 216 	211 	212
f 218 	217 	213
f 217 	214 	213
f 216 	218 	211
f 218 	213 	211
f 212 	214 	215
f 214 	217 	215
# 12 faces

 #end of obj_1

o obj_2
v 51.166 		-51.088 		9.858
v 55.483 		-81.906 		13
v 53.573 		-49.403 		9.858
v 55.836 		-80.936 		11.381
v 62.663 		-60.237 		2.332
v 79.269 		-73.971 		14.703
v 80.738 		-70.82 		14.703
v 65.309 		-62.09 		2.332
v 65.59 		-62.693 		2.332
v 69.071 		-76.248 		7.146
v 50 		-43.215 		24
v 46.442 		-64 		8.443
v 57.832 		-40.365 		24
v 53.792 		-41.447 		24
v 58.179 		-42.3321 		24
v 68.31 		-74.929 		5.977
v 63.91 		-53.166 		4.946
v 54.475 		-43.3241 		24
v 58.1733 		-42.3337 		24
v 46.678 		-61.298 		8.443
v 80.474 		-70.724 		10.234
v 54.4696 		-43.3267 		24
v 70.112 		-73.668 		5.977
v 65.763 		-53.662 		4.946
v 79.026 		-73.83 		10.234
v 50.415 		-77.807 		11.381
v 47.857 		-64 		7.146
v 64.456 		-61.073 		2.332
v 53.573 		-78.597 		9.858
v 52.988 		-79.609 		11.381
v 63.615 		-54.843 		4.059
v 56.235 		-79.838 		9.858
v 77.06 		-76.637 		10.234
v 68.288 		-69.276 		1.447
v 49.572 		-61.809 		5.977
v 48.072 		-61.544 		7.146
v 55.18 		-45.262 		14.703
v 67.276 		-70.288 		1.447
v 54.929 		-44.571 		16.476
v 65.18 		-55.262 		4.059
v 69.77 		-70.52 		2.249
v 68.52 		-71.77 		2.249
v 63.307 		-56.589 		3.325
v 67.071 		-72.784 		2.249
v 81.531 		-71.109 		12
v 80 		-74.392 		12
v 51.662 		-46.094 		16.476
v 49.38 		-64 		5.977
v 67.276 		-49.503 		5.615
v 69.071 		-72.427 		4.946
v 69.713 		-50.64 		5.615
v 70.427 		-71.071 		4.946
v 52.029 		-46.731 		14.703
v 66.649 		-72.053 		4.059
v 67.804 		-48.053 		7.029
v 64.927 		-61.544 		2.332
v 70.485 		-49.303 		7.029
v 67.977 		-71.123 		4.059
v 50 		-64 		3.215
v 41.215 		-52 		24
v 39.447 		-55.792 		24
v 69.123 		-69.977 		4.059
v 41.3241 		-56.475 		24
v 63.802 		-64.656 		2.081
v 49.064 		-68.708 		4.34
v 58.084 		-86.21 		15.792
v 63.889 		-64.333 		2.081
v 40.3321 		-60.179 		24
v 41.3226 		-56.4808 		24
v 76.597 		-76.248 		13
v 68.288 		-46.724 		8.573
v 47.916 		-52.182 		8.573
v 78.502 		-73.527 		13
v 66.837 		-69.765 		3.325
v 63.918 		-64 		2.081
v 48.443 		-66.39 		4.34
v 40.3316 		-60.185 		24
v 63.889 		-63.667 		2.081
v 48.234 		-64 		4.34
v 63.802 		-63.344 		2.081
v 48.443 		-61.61 		4.34
v 75.807 		-75.585 		11.381
v 69.713 		-73.193 		3.215
v 47.503 		-58.724 		5.615
v 68 		-74.392 		3.215
v 78.936 		-70.164 		11.381
v 79.906 		-70.517 		13
v 48.64 		-56.287 		5.615
v 67.321 		-49.38 		8.443
v 46.053 		-58.196 		7.029
v 47.303 		-55.515 		7.029
v 68.883 		-75.922 		4.34
v 69.071 		-51.752 		7.146
v 74.912 		-74.834 		9.858
v 76.597 		-72.427 		9.858
v 38.365 		-59.832 		24
v 69.779 		-50.526 		8.443
v 49 		-53.092 		7.029
v 77.609 		-73.012 		11.381
v 46.573 		-45.615 		24
v 50.9991 		-44.9451 		24
v 48.64 		-71.713 		5.615
v 50.9942 		-44.9485 		24
v 63.661 		-63.041 		2.081
v 77.838 		-69.765 		9.858
v 43.894 		-60.807 		8.573
v 47.503 		-69.276 		5.615
v 66.708 		-76.936 		4.34
v 44.724 		-57.712 		8.573
v 49 		-74.908 		7.029
v 47.303 		-72.485 		7.029
v 56.724 		-78.497 		5.615
v 46.053 		-69.804 		7.029
v 42.9451 		-52.9991 		24
v 42.9426 		-53.0045 		24
v 66.837 		-50.71 		7.146
v 46.078 		-54.807 		8.573
v 47.916 		-75.818 		8.573
v 54.287 		-77.36 		5.615
v 46.078 		-73.193 		8.573
v 56.196 		-79.947 		7.029
v 83.193 		-71.713 		15.792
v 44.724 		-70.288 		8.573
v 53.515 		-78.697 		7.029
v 71.916 		-52.182 		5.615
v 77.193 		-61.321 		5.615
v 72.908 		-51 		7.029
v 47.8571 		-47.1451 		24
v 55.712 		-81.276 		8.573
v 45.1451 		-49.8571 		24
v 77.427 		-64 		5.615
v 71.193 		-48.078 		8.573
v 52.807 		-79.922 		8.573
v 45.1417 		-49.862 		24
v 73.818 		-49.916 		8.573
v 63.469 		-62.767 		2.081
v 47.38 		-58.679 		8.443
v 50.182 		-78.084 		8.573
v 77.193 		-66.679 		5.615
v 63.233 		-62.531 		2.081
v 62.959 		-62.339 		2.081
v 47.38 		-69.321 		8.443
v 62.656 		-62.198 		2.081
v 49.752 		-56.929 		7.146
v 48.526 		-56.221 		8.443
v 72.001 		-52.082 		8.443
v 62.333 		-62.111 		2.081
v 78.713 		-61.053 		7.029
v 67.501 		-73.527 		4.946
v 78.971 		-64 		7.029
v 54.221 		-77.474 		8.443
v 78.713 		-66.947 		7.029
v 66.708 		-51.064 		4.34
v 56.679 		-78.62 		8.443
v 68.883 		-52.078 		4.34
v 70.784 		-69.071 		2.249
v 49.752 		-71.071 		7.146
v 48.526 		-71.779 		8.443
v 48.71 		-59.163 		7.146
v 57.163 		-77.29 		7.146
v 73.818 		-54.084 		5.615
v 80.385 		-64 		8.573
v 72.392 		-70 		3.215
v 80.106 		-67.193 		8.573
v 61.337 		-67.763 		2.332
v 71.193 		-71.713 		3.215
v 49.064 		-59.292 		4.34
v 62 		-40.818 		17.788
v 74.248 		-56.929 		7.146
v 50.141 		-68.316 		5.977
v 66.026 		-41.17 		17.788
v 60.693 		-67.59 		2.332
v 62 		-40.365 		19.832
v 73.859 		-59.684 		5.977
v 52.084 		-52.182 		5.615
v 43.615 		-48.573 		24
v 73.922 		-70.883 		4.34
v 38.365 		-68.168 		24
v 38 		-64 		24
v 66.104 		-40.724 		19.832
v 39.9971 		-64 		24
v 40.3321 		-67.821 		24
v 39.9977 		-64.006 		24
v 62 		-67.821 		2.332
v 72.545 		-72.849 		4.34
v 40.3337 		-67.8267 		24
v 62 		-40.091 		21.908
v 54.287 		-50.64 		5.615
v 77.558 		-64 		8.443
v 62 		-65.918 		2.081
v 72.929 		-57.69 		5.977
v 66.152 		-40.455 		21.908
v 56.724 		-49.503 		5.615
v 60.339 		-64.959 		2.081
v 60.531 		-65.233 		2.081
v 51.092 		-51 		7.029
v 62 		-40 		24
v 53.515 		-49.303 		7.029
v 60.767 		-65.469 		2.081
v 66.168 		-40.365 		24
v 61.041 		-65.661 		2.081
v 53.792 		-64 		1.447
v 56.196 		-48.053 		7.029
v 75.29 		-68.837 		7.146
v 61.344 		-65.802 		2.081
v 53.916 		-62.575 		1.447
v 65.821 		-42.3321 		24
v 65.806 		-42.414 		22.085
v 70.849 		-74.545 		4.34
v 61.667 		-65.889 		2.081
v 41.215 		-76 		24
v 73.918 		-53.999 		8.443
v 77.322 		-66.702 		8.443
v 39.447 		-72.208 		24
v 51.857 		-64 		2.249
v 65.815 		-42.3316 		24
v 62 		-41.9971 		24
v 61.994 		-41.9977 		24
v 52.011 		-62.239 		2.249
v 50.182 		-49.916 		8.573
v 76.143 		-64 		7.146
v 72.834 		-54.909 		7.146
v 52.807 		-48.078 		8.573
v 71.091 		-53.166 		7.146
v 77.322 		-61.298 		8.443
v 71.668 		-55.888 		5.977
v 55.712 		-46.724 		8.573
v 62 		-42.332 		20.181
v 62 		-42.081 		22.085
v 58.34 		-68.362 		2.747
v 41.3241 		-71.525 		24
v 41.3266 		-71.5304 		24
v 70.112 		-54.332 		5.977
v 68.31 		-53.071 		5.977
v 58.41 		-65.307 		2.332
v 50.182 		-61.916 		3.215
v 58.691 		-65.91 		2.332
v 75.928 		-66.456 		7.146
v 65.691 		-43.07 		18.307
v 65.763 		-42.661 		20.181
v 74.62 		-64 		5.977
v 71.527 		-69.501 		4.946
v 59.544 		-66.927 		2.332
v 56.679 		-49.38 		8.443
v 67.071 		-55.216 		2.249
v 60.09 		-67.309 		2.332
v 59.153 		-68.932 		2.747
v 51.166 		-62.09 		4.946
v 68.52 		-56.23 		2.249
v 50.999 		-64 		4.946
v 75.928 		-61.544 		7.146
v 51.999 		-52.082 		8.443
v 68 		-53.608 		3.215
v 42.9451 		-75.0009 		24
v 52.843 		-62.385 		4.059
v 42.9485 		-75.0058 		24
v 69.713 		-54.807 		3.215
v 58.391 		-61.916 		0.365
v 62 		-42.747 		18.307
v 58.807 		-61.321 		0.365
v 59.073 		-66.456 		2.332
v 75.557 		-61.61 		4.34
v 58.237 		-42.661 		20.181
v 75.766 		-64 		4.34
v 75.557 		-66.39 		4.34
v 69.071 		-55.573 		4.946
v 52.701 		-64 		4.059
v 50 		-84.785 		24
v 74.936 		-68.708 		4.34
v 43.615 		-79.427 		24
v 45.1451 		-78.1429 		24
v 60.034 		-64.715 		0.091
v 47.8571 		-80.8549 		24
v 59.94 		-64.363 		0.091
v 47.862 		-80.8583 		24
v 59.908 		-64 		0.091
v 57.163 		-50.71 		7.146
v 59.94 		-63.637 		0.091
v 53.916 		-65.425 		1.447
v 60.034 		-63.285 		0.091
v 60.189 		-62.954 		0.091
v 54.929 		-51.752 		7.146
v 58.309 		-43.07 		18.307
v 54.221 		-50.526 		8.443
v 76.497 		-69.276 		5.615
v 52.469 		-67.469 		2.249
v 66.649 		-55.947 		4.059
v 67.501 		-54.473 		4.946
v 75.36 		-71.713 		5.615
v 52.011 		-65.761 		2.249
v 77.947 		-69.804 		7.029
v 69.929 		-42.216 		17.788
v 73.591 		-43.924 		17.788
v 76.697 		-72.485 		7.029
v 70.084 		-41.79 		19.832
v 73.818 		-43.531 		19.832
v 75 		-74.908 		7.029
v 67.276 		-57.712 		1.447
v 50.724 		-68.104 		3.215
v 68.288 		-58.724 		1.447
v 79.276 		-70.288 		8.573
v 50.182 		-66.084 		3.215
v 69.109 		-59.896 		1.447
v 57.684 		-52.141 		5.977
v 60.398 		-62.655 		0.091
v 46.573 		-82.385 		24
v 77.922 		-73.193 		8.573
v 60.655 		-62.398 		0.091
v 76.084 		-75.818 		8.573
v 60.954 		-62.189 		0.091
v 53.792 		-86.553 		24
v 61.285 		-62.034 		0.091
v 50.9991 		-83.0549 		24
v 69.77 		-57.48 		2.249
v 61.637 		-61.94 		0.091
v 54.475 		-84.6759 		24
v 51.0045 		-83.0574 		24
v 62 		-61.908 		0.091
v 58.179 		-85.6679 		24
v 54.4808 		-84.6774 		24
v 58.185 		-85.6684 		24
v 75.474 		-71.779 		8.443
v 70.177 		-41.533 		21.908
v 73.954 		-43.294 		21.908
v 76.62 		-69.321 		8.443
v 70.427 		-56.929 		4.946
v 70.208 		-41.447 		24
v 52.843 		-65.615 		4.059
v 70.053 		-59.351 		4.059
v 51.166 		-65.91 		4.946
v 74 		-43.215 		24
v 55.117 		-52.078 		4.34
v 69.123 		-58.023 		4.059
v 57.292 		-51.064 		4.34
v 67.977 		-56.877 		4.059
v 62 		-87.182 		17.788
v 66.026 		-86.83 		17.788
v 69.525 		-43.3241 		24
v 68.517 		-60.237 		3.325
v 69.5192 		-43.3226 		24
v 51.662 		-67.763 		4.946
v 69.411 		-43.639 		20.181
v 66.837 		-58.235 		3.325
v 69.497 		-43.403 		22.085
v 62 		-87.635 		19.832
v 57.832 		-87.635 		24
v 66.104 		-87.276 		19.832
v 62 		-64 		1.998
v 67.765 		-59.163 		3.325
v 69.269 		-44.029 		18.307
v 53.947 		-68.649 		4.059
v 62 		-87.909 		21.908
v 70.784 		-58.929 		2.249
v 50.182 		-54.084 		5.615
v 71.531 		-60.531 		2.249
v 53.262 		-67.18 		4.059
v 66.152 		-87.545 		21.908
v 62 		-44.34 		10.234
v 58.391 		-43.531 		12
v 62 		-88 		24
v 66.168 		-87.635 		24
v 62 		-43.215 		12
v 62.006 		-86.0013 		24
v 65.806 		-85.586 		22.085
v 62 		-86.0019 		24
v 65.821 		-85.6679 		24
v 55.69 		-53.071 		5.977
v 65.609 		-43.531 		12
v 65.8267 		-85.6663 		24
v 54.891 		-68.104 		1.447
v 54.287 		-66.807 		1.447
v 71.193 		-56.287 		3.215
v 72.392 		-58 		3.215
v 62 		-85.668 		20.181
v 51.071 		-57.69 		5.977
v 50.141 		-59.684 		5.977
v 73.0009 		-44.9451 		24
v 72.9955 		-44.9426 		24
v 62 		-42.249 		13.857
v 54.287 		-61.193 		1.447
v 62 		-85.919 		22.085
v 65.777 		-42.579 		13.857
v 73.276 		-59.896 		3.215
v 62 		-41.447 		15.792
v 62 		-85.253 		18.307
v 70.849 		-53.455 		4.34
v 65.763 		-85.339 		20.181
v 72.545 		-55.151 		4.34
v 65.916 		-41.79 		15.792
v 73.922 		-57.117 		4.34
v 50.082 		-53.999 		8.443
v 52.909 		-53.166 		7.146
v 82.785 		-52 		24
v 80.385 		-48.573 		24
v 51.166 		-54.909 		7.146
v 78.8549 		-49.8571 		24
v 58.309 		-84.93 		18.307
v 58.237 		-85.339 		20.181
v 76.1429 		-47.1451 		24
v 76.138 		-47.1417 		24
v 53.888 		-54.332 		5.977
v 52.332 		-55.888 		5.977
v 65.691 		-84.93 		18.307
v 65.59 		-43.639 		16.476
v 54.929 		-66.574 		3.325
v 62 		-64 		0
v 52.469 		-60.531 		2.249
v 58.41 		-43.639 		16.476
v 53.216 		-58.929 		2.249
v 71.527 		-58.499 		4.946
v 65.463 		-44.362 		14.703
v 73.591 		-84.076 		17.788
v 56.392 		-64.989 		2.747
v 62 		-44.059 		14.703
v 50.724 		-59.896 		3.215
v 62 		-43.324 		16.476
v 51.608 		-58 		3.215
v 69.929 		-85.784 		17.788
v 54.589 		-65.307 		3.325
v 52.807 		-56.287 		3.215
v 70.738 		-60.82 		4.059
v 72.338 		-60.237 		4.946
v 73.818 		-84.469 		19.832
v 50.078 		-57.117 		4.34
v 57.068 		-66.847 		2.747
v 55.483 		-67.763 		3.325
v 70.084 		-86.21 		19.832
v 51.455 		-55.151 		4.34
v 58.537 		-44.362 		14.703
v 57.638 		-67.66 		2.747
v 56.235 		-68.837 		3.325
v 53.151 		-53.455 		4.34
v 73.954 		-84.706 		21.908
v 59.321 		-60.807 		0.365
v 59.916 		-60.391 		0.365
v 69.439 		-43.56 		13.857
v 70.177 		-86.467 		21.908
v 77.427 		-45.615 		24
v 85.635 		-59.832 		24
v 84.553 		-55.792 		24
v 69.713 		-42.807 		15.792
v 83.6679 		-60.179 		24
v 56.649 		-65.948 		2.747
v 53.573 		-56.929 		4.946
v 82.6759 		-56.475 		24
v 83.6663 		-60.1733 		24
v 81.0549 		-52.9991 		24
v 82.6734 		-56.4696 		24
v 60.339 		-63.041 		2.081
v 74 		-84.785 		24
v 81.0515 		-52.9942 		24
v 70.208 		-86.553 		24
v 58.894 		-58.621 		0.818
v 59.875 		-58.163 		0.818
v 53.947 		-59.351 		4.059
v 69.525 		-84.6759 		24
v 52.473 		-58.499 		4.946
v 69.5304 		-84.6734 		24
v 72.959 		-82.982 		22.085
v 73.0009 		-83.0549 		24
v 73.0058 		-83.0515 		24
v 51.662 		-60.237 		4.946
v 56.392 		-63.011 		2.747
v 60.575 		-60.084 		0.365
v 69.411 		-84.361 		20.181
v 62 		-62.082 		2.081
v 69.497 		-84.597 		22.085
v 61.276 		-59.896 		0.365
v 61.667 		-62.111 		2.081
v 62 		-59.832 		0.365
v 61.344 		-62.198 		2.081
v 60.921 		-57.883 		0.818
v 72.959 		-45.018 		22.085
v 61.041 		-62.339 		2.081
v 57.068 		-61.153 		2.747
v 62 		-57.788 		0.818
v 53.262 		-60.82 		4.059
v 60.767 		-62.531 		2.081
v 69.269 		-83.971 		18.307
v 60.531 		-62.767 		2.081
v 72.626 		-45.595 		18.307
v 72.626 		-82.405 		18.307
v 72.834 		-45.235 		20.181
v 72.834 		-82.765 		20.181
v 86 		-64 		24
v 55.48 		-56.23 		2.249
v 83.6679 		-67.821 		24
v 58.237 		-63.337 		2.332
v 62.724 		-59.896 		0.365
v 56.929 		-55.216 		2.249
v 58.586 		-44.639 		10.234
v 84.0019 		-64 		24
v 83.6684 		-67.815 		24
v 56.649 		-62.052 		2.747
v 58.237 		-64.663 		2.332
v 84.0013 		-63.994 		24
v 62 		-83.66 		10.234
v 58.586 		-83.361 		10.234
v 65.414 		-44.639 		10.234
v 60.198 		-63.344 		2.081
v 63.425 		-60.084 		0.365
v 60.111 		-63.667 		2.081
v 54.287 		-54.807 		3.215
v 56 		-53.608 		3.215
v 65.414 		-83.361 		10.234
v 60.082 		-64 		2.081
v 64.084 		-60.391 		0.365
v 85.635 		-68.168 		24
v 82.785 		-76 		24
v 84.553 		-72.208 		24
v 60.111 		-64.333 		2.081
v 57.896 		-52.724 		3.215
v 81.0549 		-75.0009 		24
v 58.391 		-84.469 		12
v 82.6759 		-71.525 		24
v 65.309 		-45.235 		13
v 81.0574 		-74.9955 		24
v 60.198 		-64.656 		2.081
v 82.6774 		-71.5192 		24
v 62 		-84.785 		12
v 58.179 		-64 		2.332
v 56.305 		-64 		2.747
v 64.679 		-60.807 		0.365
v 58.691 		-45.235 		13
v 65.609 		-84.469 		12
v 63.079 		-57.883 		0.818
v 64.125 		-58.163 		0.818
v 62 		-45.977 		11.381
v 62 		-44.945 		13
v 59.073 		-61.544 		2.332
v 60.189 		-65.046 		0.091
v 58.691 		-62.09 		2.332
v 59.916 		-67.609 		0.365
v 65.106 		-58.621 		0.818
v 59.321 		-67.193 		0.365
v 65.993 		-59.242 		0.818
v 65.777 		-85.421 		13.857
v 56.499 		-54.473 		4.946
v 54.929 		-61.426 		3.325
v 58.807 		-66.679 		0.365
v 58.391 		-66.084 		0.365
v 65.13 		-46.25 		11.381
v 59.544 		-61.073 		2.332
v 54.929 		-55.573 		4.946
v 54.475 		-64 		3.325
v 59.073 		-47.401 		9.858
v 58.41 		-62.693 		2.332
v 58.87 		-46.25 		11.381
v 57.351 		-55.947 		4.059
v 65.309 		-82.765 		13
v 64.191 		-76.428 		5.977
v 54.589 		-62.693 		3.325
v 58.691 		-82.765 		13
v 66.316 		-75.859 		5.977
v 64.927 		-47.401 		9.858
v 66.758 		-60.007 		0.818
v 62 		-66.092 		0.091
v 61.637 		-66.06 		0.091
v 54.891 		-59.896 		1.447
v 61.285 		-65.966 		0.091
v 60.954 		-65.811 		0.091
v 62 		-47.145 		9.858
v 62 		-82.023 		11.381
v 60.655 		-65.602 		0.091
v 76.901 		-46.241 		17.788
v 60.398 		-65.345 		0.091
v 52.084 		-75.818 		5.615
v 79.759 		-49.099 		17.788
v 55.712 		-58.724 		1.447
v 82.076 		-52.409 		17.788
v 62 		-68.168 		0.365
v 61.276 		-68.104 		0.365
v 50.182 		-73.916 		5.615
v 56.724 		-57.712 		1.447
v 62 		-83.055 		13
v 57.896 		-56.891 		1.447
v 77.193 		-45.894 		19.832
v 51.092 		-77 		7.029
v 60.575 		-67.916 		0.365
v 80.106 		-48.807 		19.832
v 59.809 		-76.428 		5.977
v 64.927 		-80.599 		9.858
v 65.13 		-81.75 		11.381
v 54.23 		-57.48 		2.249
v 62 		-76.62 		5.977
v 55.69 		-74.929 		5.977
v 59.073 		-80.599 		9.858
v 54.929 		-76.248 		7.146
v 60.575 		-72.084 		1.447
v 58.87 		-81.75 		11.381
v 68.724 		-45.526 		10.234
v 62 		-72.208 		1.447
v 57.684 		-75.859 		5.977
v 59.193 		-71.713 		1.447
v 82.469 		-52.182 		19.832
v 71.83 		-46.974 		10.234
v 56.023 		-56.877 		4.059
v 54.877 		-58.023 		4.059
v 62.363 		-61.94 		0.091
v 62.715 		-62.034 		0.091
v 63.046 		-62.189 		0.091
v 63.345 		-62.398 		0.091
v 63.602 		-62.655 		0.091
v 69.109 		-44.469 		12
v 77.368 		-45.685 		21.908
v 57.163 		-58.235 		3.325
v 72.392 		-46 		12
v 77.427 		-82.385 		24
v 80.315 		-48.632 		21.908
v 56.235 		-59.163 		3.325
v 76.1429 		-80.8549 		24
v 62 		-80.855 		9.858
v 55.483 		-60.237 		3.325
v 82.706 		-52.046 		21.908
v 78.8549 		-78.1429 		24
v 78.8583 		-78.138 		24
v 65.59 		-84.361 		16.476
v 72.876 		-45.163 		13.857
v 57.638 		-60.34 		2.747
v 62 		-71.525 		3.325
v 58.237 		-70.517 		3.325
v 58.41 		-84.361 		16.476
v 59.426 		-71.071 		3.325
v 50.082 		-74.001 		8.443
v 73.276 		-44.469 		15.792
v 51.999 		-75.918 		8.443
v 58.82 		-72.738 		4.059
v 62 		-83.941 		14.703
v 80.385 		-79.427 		24
v 50.409 		-43.924 		17.788
v 63.811 		-62.954 		0.091
v 52.909 		-74.834 		7.146
v 54.071 		-42.216 		17.788
v 58.537 		-83.638 		14.703
v 63.966 		-63.285 		0.091
v 57.242 		-60.007 		0.818
v 64.06 		-63.637 		0.091
v 57.974 		-41.17 		17.788
v 62 		-84.676 		16.476
v 58.007 		-59.242 		0.818
v 64.092 		-64 		0.091
v 64.06 		-64.363 		0.091
v 63.966 		-64.715 		0.091
v 50.182 		-43.531 		19.832
v 74.248 		-49.403 		13
v 76.089 		-47.209 		22.085
v 71.527 		-47.498 		13
v 65.463 		-83.638 		14.703
v 39.17 		-68.026 		17.788
v 53.916 		-41.79 		19.832
v 73.585 		-50.193 		11.381
v 60.052 		-69.351 		2.747
v 78.599 		-50.072 		20.181
v 38.818 		-64 		17.788
v 78.791 		-49.911 		22.085
v 61.011 		-69.608 		2.747
v 57.896 		-40.724 		19.832
v 60.693 		-71.411 		3.325
v 38.724 		-68.104 		19.832
v 72.834 		-51.088 		9.858
v 38.365 		-64 		19.832
v 71.012 		-48.391 		11.381
v 75.928 		-47.401 		20.181
v 50.046 		-43.294 		21.908
v 62 		-85.751 		13.857
v 53.888 		-73.668 		5.977
v 62 		-86.553 		15.792
v 53.823 		-41.533 		21.908
v 51.166 		-73.091 		7.146
v 65.916 		-86.21 		15.792
v 75.661 		-47.719 		18.307
v 57.848 		-40.455 		21.908
v 38.455 		-68.152 		21.908
v 62 		-69.695 		2.747
v 38.091 		-64 		21.908
v 65.193 		-61.321 		0.365
v 68.164 		-47.064 		11.381
v 78.281 		-50.339 		18.307
v 65.609 		-61.916 		0.365
v 68.517 		-46.094 		13
v 62 		-74.143 		2.249
v 60.239 		-73.989 		2.249
v 51.071 		-70.31 		5.977
v 65.916 		-62.575 		0.365
v 66.104 		-63.276 		0.365
v 58.531 		-73.531 		2.249
v 52.332 		-72.112 		5.977
v 66.168 		-64 		0.365
v 83.784 		-56.071 		17.788
v 84.83 		-59.974 		17.788
v 66.104 		-64.724 		0.365
v 58.194 		-42.414 		22.085
v 53.216 		-69.071 		2.249
v 40.414 		-67.806 		22.085
v 59.916 		-75.818 		3.215
v 84.21 		-55.916 		19.832
v 70.427 		-49.403 		9.858
v 72.876 		-82.837 		13.857
v 62 		-76 		3.215
v 67.765 		-48.162 		9.858
v 69.439 		-84.44 		13.857
v 52.807 		-71.713 		3.215
v 51.608 		-70 		3.215
v 85.276 		-59.896 		19.832
v 40.332 		-64 		20.181
v 40.081 		-64 		22.085
v 54.589 		-43.639 		20.181
v 54.503 		-43.403 		22.085
v 84.467 		-55.823 		21.908
v 73.276 		-83.531 		15.792
v 69.713 		-85.193 		15.792
v 53.151 		-74.545 		4.34
v 54.731 		-44.029 		18.307
v 40.747 		-64 		18.307
v 69.071 		-44.571 		16.476
v 62 		-75.001 		4.946
v 40.661 		-67.763 		20.181
v 58.237 		-74.338 		4.946
v 51.455 		-72.849 		4.34
v 50.078 		-70.883 		4.34
v 71.971 		-46.731 		14.703
v 60.09 		-74.834 		4.946
v 72.338 		-46.094 		16.476
v 63.811 		-65.046 		0.091
v 63.602 		-65.345 		0.091
v 63.345 		-65.602 		0.091
v 68.82 		-45.262 		14.703
v 63.046 		-65.811 		0.091
v 85.545 		-59.848 		21.908
v 62.715 		-65.966 		0.091
v 62.363 		-66.06 		0.091
v 54.561 		-43.56 		13.857
v 41.07 		-67.691 		18.307
v 68.82 		-82.738 		14.703
v 69.071 		-83.429 		16.476
v 58.223 		-42.579 		13.857
v 64.084 		-67.609 		0.365
v 52.473 		-69.501 		4.946
v 72.338 		-81.906 		16.476
v 40.216 		-71.929 		17.788
v 53.573 		-71.071 		4.946
v 63.425 		-67.916 		0.365
v 54.287 		-42.807 		15.792
v 59.321 		-48.807 		5.615
v 60.385 		-73.157 		4.059
v 41.531 		-75.818 		19.832
v 62.724 		-68.104 		0.365
v 58.084 		-41.79 		15.792
v 62 		-48.573 		5.615
v 39.79 		-72.084 		19.832
v 57.896 		-71.109 		1.447
v 64.679 		-48.807 		5.615
v 71.971 		-81.269 		14.703
v 62 		-73.299 		4.059
v 56.724 		-70.288 		1.447
v 65.916 		-65.425 		0.365
v 55.712 		-69.276 		1.447
v 41.294 		-75.954 		21.908
v 56.929 		-72.784 		2.249
v 65.609 		-66.084 		0.365
v 66.104 		-71.109 		1.447
v 39.533 		-72.177 		21.908
v 65.193 		-66.679 		0.365
v 55.48 		-71.77 		2.249
v 59.053 		-47.287 		7.029
v 64.807 		-71.713 		1.447
v 71.83 		-81.026 		10.234
v 83.586 		-60.194 		22.085
v 62 		-47.029 		7.029
v 54.23 		-70.52 		2.249
v 64.679 		-67.193 		0.365
v 63.425 		-72.084 		1.447
v 68.724 		-82.474 		10.234
v 64.947 		-47.287 		7.029
v 39.17 		-59.974 		17.788
v 80.982 		-53.041 		22.085
v 40.216 		-56.071 		17.788
v 72.392 		-82 		12
v 65.469 		-73.531 		2.249
v 65.993 		-68.758 		0.818
v 38.724 		-59.896 		19.832
v 54.929 		-72.427 		4.946
v 58.807 		-45.894 		8.573
v 69.109 		-83.531 		12
v 82.361 		-56.589 		20.181
v 82.597 		-56.503 		22.085
v 39.79 		-55.916 		19.832
v 54.877 		-69.977 		4.059
v 63.761 		-73.989 		2.249
v 60.921 		-70.117 		0.818
v 41.531 		-52.182 		19.832
v 62 		-45.615 		8.573
v 62 		-70.212 		0.818
v 59.875 		-69.837 		0.818
v 56.023 		-71.123 		4.059
v 65.193 		-45.894 		8.573
v 38.455 		-59.848 		21.908
v 58.894 		-69.379 		0.818
v 41.639 		-71.411 		20.181
v 66.104 		-75.276 		3.215
v 39.533 		-55.823 		21.908
v 41.403 		-71.497 		22.085
v 41.294 		-52.046 		21.908
v 82.93 		-60.309 		18.307
v 64.084 		-75.818 		3.215
v 83.339 		-60.237 		20.181
v 57.163 		-69.765 		3.325
v 57.351 		-72.053 		4.059
v 81.971 		-56.731 		18.307
v 65.106 		-69.379 		0.818
v 64.125 		-69.837 		0.818
v 41.924 		-75.591 		17.788
v 63.079 		-70.117 		0.818
v 80.405 		-53.374 		18.307
v 71.527 		-80.502 		13
v 80.765 		-53.166 		20.181
v 57.896 		-75.276 		3.215
v 56 		-74.392 		3.215
v 43.018 		-74.959 		22.085
v 64.702 		-48.678 		8.443
v 68.164 		-80.936 		11.381
v 54.287 		-73.193 		3.215
v 68.517 		-81.906 		13
v 63.615 		-73.157 		4.059
v 63.91 		-74.834 		4.946
v 57.292 		-76.936 		4.34
v 66.316 		-52.141 		5.977
v 42.029 		-71.269 		18.307
v 73.585 		-77.807 		11.381
v 55.117 		-75.922 		4.34
v 65.763 		-74.338 		4.946
v 74.248 		-78.597 		13
v 43.595 		-74.626 		18.307
v 40.414 		-60.194 		22.085
v 43.235 		-74.834 		20.181
v 64.456 		-50.072 		7.146
v 41.639 		-56.589 		20.181
v 41.403 		-56.503 		22.085
v 67.765 		-79.838 		9.858
v 67.379 		-60.894 		0.818
v 71.012 		-79.609 		11.381
v 67.837 		-61.875 		0.818
v 41.531 		-67.609 		12
v 64.191 		-51.572 		5.977
v 68.117 		-62.921 		0.818
v 74.637 		-48.94 		10.234
v 41.215 		-64 		12
v 77.06 		-51.363 		10.234
v 68.212 		-64 		0.818
v 56.499 		-73.527 		4.946
v 40.661 		-60.237 		20.181
v 70.427 		-78.597 		9.858
v 41.56 		-71.439 		13.857
v 62 		-48.442 		8.443
v 75.36 		-48.078 		12
v 64.574 		-71.071 		3.325
v 77.922 		-50.64 		12
v 40.579 		-67.777 		13.857
v 65.18 		-72.738 		4.059
v 75.982 		-47.337 		13.857
v 40.249 		-64 		13.857
v 41.07 		-60.309 		18.307
v 62 		-49.857 		7.146
v 68.117 		-65.079 		0.818
v 59.321 		-79.193 		5.615
v 59.298 		-48.678 		8.443
v 62 		-79.427 		5.615
v 40.807 		-71.713 		15.792
v 78.663 		-50.018 		13.857
v 62.989 		-69.608 		2.747
v 64.679 		-79.193 		5.615
v 63.307 		-71.411 		3.325
v 67.837 		-66.125 		0.818
v 39.79 		-67.916 		15.792
v 67.379 		-67.106 		0.818
v 41.924 		-52.409 		17.788
v 57.896 		-64.724 		0.365
v 76.497 		-46.724 		15.792
v 62 		-80.971 		7.029
v 59.053 		-80.713 		7.029
v 44.241 		-49.099 		17.788
v 39.447 		-64 		15.792
v 62 		-51.38 		5.977
v 57.832 		-64 		0.365
v 47.099 		-46.241 		17.788
v 79.276 		-49.503 		15.792
v 59.809 		-51.572 		5.977
v 59.544 		-50.072 		7.146
v 57.896 		-63.276 		0.365
v 65.763 		-70.517 		3.325
v 43.894 		-48.807 		19.832
v 58.084 		-62.575 		0.365
v 64.947 		-80.713 		7.029
v 46.807 		-45.894 		19.832
v 58.807 		-82.106 		8.573
v 77.838 		-50.71 		16.476
v 66.758 		-67.993 		0.818
v 55.788 		-64 		0.818
v 62 		-82.385 		8.573
v 75.29 		-48.162 		16.476
v 55.883 		-62.921 		0.818
v 59.916 		-52.182 		3.215
v 56.163 		-61.875 		0.818
v 65.193 		-82.106 		8.573
v 62 		-52 		3.215
v 63.948 		-69.351 		2.747
v 56.621 		-60.894 		0.818
v 74.818 		-48.724 		14.703
v 43.685 		-48.632 		21.908
v 41.639 		-67.59 		16.476
v 64.084 		-52.182 		3.215
v 46.632 		-45.685 		21.908
v 59.61 		-50.443 		4.34
v 77.276 		-51.182 		14.703
v 73.859 		-68.316 		5.977
v 41.324 		-64 		16.476
v 51.041 		-45.018 		22.085
v 62 		-50.234 		4.34
v 62 		-79.558 		8.443
v 75.807 		-52.415 		11.381
v 64.39 		-50.443 		4.34
v 76.597 		-51.752 		13
v 42.639 		-67.414 		10.234
v 58.084 		-65.425 		0.365
v 74.428 		-66.191 		5.977
v 42.34 		-64 		10.234
v 58.007 		-68.758 		0.818
v 51.374 		-45.595 		18.307
v 51.166 		-45.235 		20.181
v 57.242 		-67.993 		0.818
v 80.837 		-53.124 		13.857
v 56.621 		-67.106 		0.818
v 82.44 		-56.561 		13.857
v 56.163 		-66.125 		0.818
v 74.428 		-61.809 		5.977
v 85.182 		-64 		17.788
v 62 		-78.143 		7.146
v 64.702 		-79.322 		8.443
v 81.531 		-52.724 		15.792
v 55.883 		-65.079 		0.818
v 84.83 		-68.026 		17.788
v 85.635 		-64 		19.832
v 85.276 		-68.104 		19.832
v 82.361 		-60.41 		16.476
v 43.018 		-53.041 		22.085
v 43.235 		-67.309 		13
v 59.544 		-77.928 		7.146
v 59.298 		-79.322 		8.443
v 85.909 		-64 		21.908
v 69.713 		-61.193 		1.447
v 70.084 		-62.575 		1.447
v 43.977 		-64 		11.381
v 47.099 		-81.759 		17.788
v 85.545 		-68.152 		21.908
v 42.945 		-64 		13
v 44.241 		-78.901 		17.788
v 81.638 		-60.537 		14.703
v 70.208 		-64 		1.447
v 43.595 		-53.374 		18.307
v 43.235 		-53.166 		20.181
v 46.807 		-82.106 		19.832
v 64.456 		-77.928 		7.146
v 80.738 		-57.18 		14.703
v 81.429 		-56.929 		16.476
v 43.894 		-79.193 		19.832
v 70.084 		-65.425 		1.447
v 46.632 		-82.315 		21.908
v 69.713 		-66.807 		1.447
v 79.906 		-53.662 		16.476
v 43.685 		-79.368 		21.908
v 83.586 		-67.806 		22.085
v 45.401 		-61.073 		9.858
v 69.109 		-68.104 		1.447
v 44.25 		-60.87 		11.381
v 42.029 		-56.731 		18.307
v 45.401 		-66.927 		9.858
v 44.25 		-67.13 		11.381
v 79.269 		-54.029 		14.703
v 83.668 		-64 		20.181
v 83.919 		-64 		22.085
v 47.911 		-80.791 		22.085
v 45.209 		-49.911 		22.085
v 45.401 		-77.928 		20.181
v 48.072 		-47.401 		20.181
v 45.209 		-78.089 		22.085
v 47.911 		-47.209 		22.085
v 79.026 		-54.17 		10.234
v 45.145 		-64 		9.858
v 82.93 		-67.691 		18.307
v 80.474 		-57.276 		10.234
v 48.072 		-80.599 		20.181
v 83.339 		-67.763 		20.181
v 45.401 		-50.072 		20.181
v 62 		-77.766 		4.34
v 59.61 		-77.557 		4.34
v 81.361 		-60.586 		10.234
v 83.253 		-64 		18.307
v 45.719 		-77.661 		18.307
v 64.39 		-77.557 		4.34
v 48.339 		-80.281 		18.307
v 45.719 		-50.339 		18.307
v 80 		-53.608 		12
v 42.059 		-64 		14.703
v 81.531 		-56.891 		12
v 48.339 		-47.719 		18.307
v 82.469 		-60.391 		12
v 67.765 		-68.837 		3.325
v 68.517 		-67.763 		3.325
v 57.974 		-86.83 		17.788
v 70.053 		-68.649 		4.059
v 59.193 		-56.287 		1.447
v 69.713 		-77.36 		5.615
v 60.575 		-55.916 		1.447
v 54.071 		-85.784 		17.788
v 67.276 		-78.497 		5.615
v 69.071 		-66.574 		3.325
v 41.531 		-60.391 		12
v 42.362 		-67.463 		14.703
v 50.409 		-84.076 		17.788
v 40.579 		-60.223 		13.857
v 70.485 		-78.697 		7.029
v 62 		-55.792 		1.447
v 41.56 		-56.561 		13.857
v 57.896 		-87.276 		19.832
v 67.804 		-79.947 		7.029
v 39.79 		-60.084 		15.792
v 53.916 		-86.21 		19.832
v 58.531 		-54.469 		2.249
v 46.94 		-76.637 		10.234
v 50.182 		-84.469 		19.832
v 83.784 		-71.929 		17.788
v 40.807 		-56.287 		15.792
v 44.974 		-73.83 		10.234
v 73.818 		-78.084 		8.573
v 43.526 		-70.724 		10.234
v 82.076 		-75.591 		17.788
v 71.193 		-79.922 		8.573
v 66.932 		-66.847 		2.747
v 84.21 		-72.084 		19.832
v 82.469 		-75.818 		19.832
v 60.239 		-54.011 		2.249
v 57.848 		-87.545 		21.908
v 68.288 		-81.276 		8.573
v 53.823 		-86.467 		21.908
v 67.608 		-64.989 		2.747
v 69.411 		-65.307 		3.325
v 44 		-74.392 		12
v 50.046 		-84.706 		21.908
v 42.469 		-71.109 		12
v 84.467 		-72.177 		21.908
v 41.639 		-60.41 		16.476
v 82.706 		-75.954 		21.908
v 43.163 		-74.876 		13.857
v 80.765 		-60.691 		13
v 67.321 		-78.62 		8.443
v 67.351 		-65.948 		2.747
v 62 		-53.857 		2.249
v 46.94 		-51.363 		10.234
v 49.363 		-48.94 		10.234
v 78.502 		-54.473 		13
v 46.078 		-50.64 		12
v 48.64 		-48.078 		12
v 66.837 		-77.29 		7.146
v 42.469 		-75.276 		15.792
v 51.041 		-82.982 		22.085
v 78.936 		-57.836 		11.381
v 80.982 		-74.959 		22.085
v 79.906 		-57.483 		13
v 69.779 		-77.474 		8.443
v 69.525 		-64 		3.325
v 45.337 		-50.018 		13.857
v 48.018 		-47.337 		13.857
v 58.194 		-85.586 		22.085
v 69.071 		-61.426 		3.325
v 44.724 		-49.503 		15.792
v 82.361 		-71.411 		20.181
v 45.498 		-73.527 		13
v 82.597 		-71.497 		22.085
v 77.838 		-58.235 		9.858
v 47.503 		-46.724 		15.792
v 77.609 		-54.988 		11.381
v 79.759 		-78.901 		17.788
v 76.901 		-81.759 		17.788
v 67.608 		-63.011 		2.747
v 80.106 		-79.193 		19.832
v 69.411 		-62.693 		3.325
v 80.405 		-74.626 		18.307
v 54.589 		-84.361 		20.181
v 80.765 		-74.834 		20.181
v 77.193 		-82.106 		19.832
v 54.503 		-84.597 		22.085
v 45.064 		-70.164 		11.381
v 44.094 		-70.517 		13
v 80.315 		-79.368 		21.908
v 77.368 		-82.315 		21.908
v 66.932 		-61.153 		2.747
v 48.193 		-75.585 		11.381
v 47.403 		-76.248 		13
v 61.011 		-58.392 		2.747
v 48.71 		-48.162 		16.476
v 81.971 		-71.269 		18.307
v 67.695 		-64 		2.747
v 46.162 		-50.71 		16.476
v 76.597 		-55.573 		9.858
v 78.791 		-78.089 		22.085
v 46.162 		-69.765 		9.858
v 62 		-60.179 		2.332
v 62 		-58.305 		2.747
v 75.928 		-80.599 		20.181
v 76.089 		-80.791 		22.085
v 46.391 		-73.012 		11.381
v 81.66 		-64 		10.234
v 74.912 		-53.166 		9.858
v 46.724 		-51.182 		14.703
v 61.337 		-60.237 		2.332
v 78.599 		-77.928 		20.181
v 67.351 		-62.052 		2.747
v 81.361 		-67.414 		10.234
v 75.661 		-80.281 		18.307
v 49.752 		-49.403 		13
v 83.421 		-60.223 		13.857
v 49.182 		-48.724 		14.703
v 78.281 		-77.661 		18.307
v 51.374 		-82.405 		18.307
v 51.166 		-82.765 		20.181
v 83.193 		-56.287 		15.792
v 82.785 		-64 		12
v 47.403 		-51.752 		13
v 47.403 		-72.427 		9.858
v 84.21 		-60.084 		15.792
v 82.469 		-67.609 		12
v 71.989 		-62.239 		2.249
v 48.193 		-52.415 		11.381
v 74.637 		-79.06 		10.234
v 49.088 		-74.834 		9.858
v 77.922 		-77.36 		12
v 72.143 		-64 		2.249
v 75.36 		-79.922 		12
v 76.084 		-52.182 		8.573
v 83.751 		-64 		13.857
v 54.731 		-83.971 		18.307
v 75.36 		-56.287 		5.615
v 83.421 		-67.777 		13.857
v 42.639 		-60.586 		10.234
v 78.663 		-77.982 		13.857
v 76.497 		-58.724 		5.615
v 73.818 		-61.916 		3.215
v 75.982 		-80.663 		13.857
v 43.526 		-57.276 		10.234
v 74 		-64 		3.215
v 75 		-53.092 		7.029
v 76.697 		-55.515 		7.029
v 44.974 		-54.17 		10.234
v 79.276 		-78.497 		15.792
v 84.553 		-64 		15.792
v 76.497 		-81.276 		15.792
v 77.947 		-58.196 		7.029
v 43.262 		-70.82 		14.703
v 42.571 		-71.071 		16.476
v 84.21 		-67.916 		15.792
v 44.094 		-74.338 		16.476
v 73.001 		-64 		4.946
v 60.693 		-60.41 		2.332
v 75.29 		-79.838 		16.476
v 42.469 		-56.891 		12
v 77.838 		-77.29 		16.476
v 44 		-53.608 		12
v 77.922 		-54.807 		8.573
v 74.818 		-79.276 		14.703
v 49.363 		-79.06 		10.234
v 71.299 		-64 		4.059
v 59.426 		-56.929 		3.325
v 71.157 		-62.385 		4.059
v 79.276 		-57.712 		8.573
v 72.834 		-62.09 		4.946
v 43.163 		-53.124 		13.857
v 44.731 		-73.971 		14.703
v 48.64 		-79.922 		12
v 80.765 		-67.309 		13
v 46.078 		-77.36 		12
v 60.052 		-58.649 		2.747
v 48.018 		-80.663 		13.857
v 80.106 		-60.807 		8.573
v 45.337 		-77.982 		13.857
v 42.469 		-52.724 		15.792
v 59.153 		-59.068 		2.747
v 46.724 		-76.818 		14.703
v 58.237 		-57.483 		3.325
v 47.503 		-81.276 		15.792
v 44.724 		-78.497 		15.792
v 58.34 		-59.638 		2.747
v 51.166 		-76.912 		9.858
v 80.023 		-64 		11.381
v 46.162 		-77.29 		16.476
v 81.055 		-64 		13
v 48.71 		-79.838 		16.476
v 46.807 		-66.679 		5.615
v 76.62 		-58.679 		8.443
v 60.09 		-60.691 		2.332
v 45.498 		-54.473 		13
v 46.573 		-64 		5.615
v 49.182 		-79.276 		14.703
v 46.807 		-61.321 		5.615
v 43.235 		-60.691 		13
v 71.989 		-65.761 		2.249
v 75.29 		-59.163 		7.146
v 79.75 		-67.13 		11.381
v 45.287 		-66.947 		7.029
v 71.531 		-67.469 		2.249
v 75.474 		-56.221 		8.443
v 62 		-52.999 		4.946
v 45.029 		-64 		7.029
v 45.064 		-57.836 		11.381
v 44.094 		-57.483 		13
v 49.752 		-78.597 		13
v 73.818 		-66.084 		3.215
v 78.599 		-61.073 		9.858
v 45.287 		-61.053 		7.029
v 79.75 		-60.87 		11.381
v 73.276 		-68.104 		3.215
v 58.223 		-85.421 		13.857
v 54.561 		-84.44 		13.857
v 60.385 		-54.843 		4.059
v 49.088 		-53.166 		9.858
v 60.09 		-53.166 		4.946
v 74.936 		-59.292 		4.34
v 47.403 		-55.573 		9.858
v 51.124 		-82.837 		13.857
v 43.894 		-67.193 		8.573
v 78.599 		-66.927 		9.858
v 46.391 		-54.988 		11.381
v 43.615 		-64 		8.573
v 58.237 		-53.662 		4.946
v 46.162 		-58.235 		9.858
v 54.287 		-85.193 		15.792
v 72.834 		-65.91 		4.946
v 78.855 		-64 		9.858
v 72.834 		-76.912 		9.858
v 50.724 		-83.531 		15.792
v 70.738 		-67.18 		4.059
v 62 		-56.475 		3.325
v 72.338 		-67.763 		4.946
v 64.847 		-68.932 		2.747
v 62 		-54.701 		4.059
v 65.66 		-68.362 		2.747
v 71.157 		-65.615 		4.059
v 82.361 		-67.59 		16.476
v 66.362 		-67.66 		2.747
v 54.929 		-83.429 		16.476
v 64.456 		-66.927 		2.332
v 58.82 		-55.262 		4.059
v 42.571 		-56.929 		16.476
v 64.927 		-66.456 		2.332
v 46.678 		-66.702 		8.443
v 65.309 		-65.91 		2.332
v 52.029 		-81.269 		14.703
v 73.818 		-73.916 		5.615
v 51.662 		-81.906 		16.476
v 44.731 		-54.029 		14.703
v 71.916 		-75.818 		5.615
v 44.094 		-53.662 		16.476
v 81.941 		-64 		14.703
v 48.71 		-68.837 		7.146
v 82.676 		-64 		16.476
v 55.18 		-82.738 		14.703
v 43.262 		-57.18 		14.703
v 49.572 		-66.191 		5.977
v 60.693 		-56.589 		3.325
v 48.072 		-66.456 		7.146
v 72.908 		-77 		7.029
v 81.638 		-67.463 		14.703
v 65.59 		-65.307 		2.332
v 63.425 		-55.916 		1.447
v 55.276 		-82.474 		10.234
v 72.001 		-75.918 		8.443
v 62.663 		-67.763 		2.332
v 73.918 		-74.001 		8.443
v 52.17 		-81.026 		10.234
v 64.807 		-56.287 		1.447
v 42.362 		-60.537 		14.703
v 82.44 		-71.439 		13.857
v 71.091 		-74.834 		7.146
v 66.104 		-56.891 		1.447
v 63.91 		-67.309 		2.332
v 80.837 		-74.876 		13.857
v 72.834 		-73.091 		7.146
v 54.891 		-83.531 		12
v 62.333 		-65.889 		2.081
v 52.17 		-46.974 		10.234
v 71.668 		-72.112 		5.977
v 51.608 		-82 		12
v 62.656 		-65.802 		2.081
v 55.276 		-45.526 		10.234
v 72.929 		-70.31 		5.977
v 63.307 		-67.59 		2.332
v 74.248 		-71.071 		7.146
v 63.761 		-54.011 		2.249
v 81.531 		-75.276 		15.792
v 62.959 		-65.661 		2.081
v 65.469 		-54.469 		2.249
v 63.233 		-65.469 		2.081
v 51.608 		-46 		12
v 63.469 		-65.233 		2.081
v 54.891 		-44.469 		12
v 52.473 		-80.502 		13
v 63.661 		-64.959 		2.081
v 81.429 		-71.071 		16.476
v 51.124 		-45.163 		13.857
v 77.276 		-76.818 		14.703
v 66.104 		-52.724 		3.215
v 79.906 		-74.338 		16.476
v 65.763 		-64.663 		2.332
v 50.724 		-44.469 		15.792
v 65.763 		-63.337 		2.332
v 65.763 		-57.483 		3.325
v 64.574 		-56.929 		3.325
v 52.473 		-47.498 		13
v 65.821 		-64 		2.332
v 66.362 		-60.34 		2.747
v 55.836 		-47.064 		11.381
v 55.483 		-46.094 		13
v 65.66 		-59.638 		2.747
v 50.415 		-50.193 		11.381
v 56.235 		-48.162 		9.858
v 52.988 		-48.391 		11.381
v 64.847 		-59.068 		2.747
v 62.989 		-58.392 		2.747
v 63.91 		-60.691 		2.332
v 63.948 		-58.649 		2.747
v 63.307 		-60.41 		2.332
# 1330 vertices

g group_2_14093196

usemtl color_14093196
s 0

f 241 	228 	1500
f 234 	228 	241
f 238 	230 	245
f 1537 	1540 	274
f 242 	235 	249
f 239 	264 	243
f 244 	248 	247
f 234 	241 	268
f 248 	222 	250
f 241 	1508 	270
f 268 	241 	270
f 247 	248 	250
f 222 	805 	250
f 238 	254 	355
f 254 	238 	245
f 240 	236 	232
f 232 	229 	240
f 242 	249 	258
f 254 	245 	266
f 252 	260 	256
f 259 	260 	252
f 261 	258 	249
f 256 	260 	262
f 253 	254 	266
f 266 	245 	1485
f 263 	264 	239
f 261 	249 	1459
f 263 	1503 	264
f 243 	1354 	251
f 259 	384 	260
f 264 	1354 	243
f 262 	260 	303
f 263 	1499 	1503
f 268 	367 	234
f 264 	1363 	1354
f 267 	275 	269
f 273 	275 	267
f 257 	271 	255
f 265 	271 	257
f 358 	354 	246
f 345 	269 	275
f 232 	237 	231
f 236 	237 	232
f 268 	270 	280
f 268 	280 	276
f 1340 	1338 	271
f 292 	272 	276
f 225 	305 	224
f 276 	280 	1225
f 276 	1225 	292
f 224 	305 	291
f 273 	350 	275
f 289 	350 	273
f 275 	353 	345
f 297 	299 	277
f 275 	350 	353
f 314 	295 	286
f 303 	260 	301
f 302 	306 	385
f 302 	309 	306
f 291 	305 	304
f 308 	309 	302
f 1415 	1419 	294
f 281 	279 	287
f 303 	310 	326
f 294 	1419 	297
f 303 	301 	310
f 300 	313 	312
f 286 	287 	314
f 314 	287 	279
f 309 	316 	306
f 291 	317 	288
f 288 	317 	300
f 317 	291 	304
f 300 	317 	313
f 364 	315 	311
f 322 	298 	227
f 427 	310 	301
f 317 	304 	323
f 313 	317 	323
f 315 	307 	334
f 1232 	1453 	284
f 311 	315 	334
f 319 	240 	229
f 320 	329 	331
f 1054 	307 	1038
f 329 	341 	331
f 320 	331 	325
f 308 	335 	309
f 327 	335 	308
f 310 	1233 	326
f 309 	290 	316
f 309 	335 	290
f 331 	1426 	325
f 328 	796 	336
f 1045 	311 	334
f 328 	336 	338
f 332 	352 	278
f 328 	338 	329
f 330 	1083 	339
f 341 	329 	338
f 332 	278 	333
f 330 	342 	337
f 281 	333 	279
f 330 	339 	342
f 269 	345 	343
f 338 	336 	1251
f 1247 	1251 	336
f 339 	351 	342
f 322 	227 	226
f 346 	394 	348
f 339 	347 	351
f 322 	226 	354
f 274 	354 	226
f 356 	342 	351
f 274 	246 	354
f 1546 	359 	246
f 348 	394 	352
f 246 	359 	358
f 361 	359 	1546
f 1445 	355 	363
f 344 	368 	349
f 356 	1388 	336
f 363 	355 	377
f 442 	364 	311
f 366 	368 	344
f 368 	370 	349
f 362 	363 	377
f 394 	278 	352
f 355 	254 	377
f 367 	268 	276
f 372 	247 	250
f 272 	367 	276
f 349 	370 	357
f 247 	372 	369
f 370 	368 	382
f 229 	318 	321
f 1481 	360 	375
f 267 	269 	371
f 371 	269 	373
f 269 	343 	373
f 378 	369 	372
f 1375 	1401 	366
f 375 	360 	376
f 1401 	380 	366
f 366 	380 	368
f 253 	594 	377
f 375 	376 	887
f 381 	384 	374
f 382 	368 	380
f 253 	377 	254
f 381 	403 	384
f 519 	370 	382
f 343 	345 	1369
f 379 	343 	1369
f 259 	374 	384
f 874 	892 	402
f 321 	319 	229
f 346 	321 	318
f 385 	299 	302
f 318 	394 	346
f 1336 	382 	380
f 301 	260 	384
f 279 	333 	278
f 383 	428 	390
f 391 	398 	386
f 423 	390 	428
f 383 	408 	428
f 874 	402 	383
f 386 	398 	389
f 395 	403 	381
f 398 	513 	389
f 400 	396 	404
f 1153 	392 	640
f 402 	408 	383
f 405 	391 	875
f 466 	594 	253
f 314 	397 	295
f 405 	410 	391
f 415 	405 	890
f 387 	444 	409
f 405 	418 	410
f 415 	418 	405
f 391 	410 	398
f 572 	316 	393
f 479 	461 	413
f 393 	416 	406
f 414 	416 	393
f 416 	421 	406
f 400 	401 	396
f 397 	396 	401
f 401 	399 	397
f 399 	295 	397
f 403 	427 	384
f 301 	384 	427
f 433 	420 	497
f 434 	426 	425
f 406 	421 	411
f 402 	1506 	408
f 497 	508 	433
f 420 	433 	437
f 414 	316 	438
f 290 	438 	316
f 431 	407 	439
f 910 	447 	436
f 438 	441 	414
f 438 	1507 	441
f 420 	437 	424
f 1277 	1507 	438
f 456 	431 	439
f 364 	442 	430
f 440 	430 	442
f 407 	469 	439
f 414 	441 	416
f 444 	387 	440
f 441 	445 	416
f 426 	446 	458
f 434 	447 	426
f 440 	442 	451
f 440 	451 	444
f 435 	447 	434
f 407 	443 	469
f 442 	452 	451
f 416 	445 	421
f 435 	436 	447
f 1001 	421 	445
f 290 	1277 	438
f 426 	447 	446
f 433 	454 	437
f 311 	452 	442
f 433 	277 	454
f 299 	385 	454
f 454 	277 	299
f 449 	432 	450
f 456 	439 	459
f 461 	479 	448
f 448 	464 	461
f 464 	448 	465
f 439 	1153 	459
f 253 	468 	466
f 390 	464 	465
f 432 	429 	450
f 266 	468 	253
f 449 	404 	432
f 396 	432 	404
f 439 	469 	1153
f 471 	475 	463
f 455 	412 	453
f 455 	413 	412
f 463 	475 	467
f 458 	446 	477
f 475 	590 	467
f 455 	479 	413
f 488 	474 	429
f 457 	458 	477
f 476 	854 	478
f 472 	450 	429
f 417 	413 	461
f 373 	604 	471
f 478 	652 	523
f 447 	481 	446
f 464 	419 	461
f 417 	461 	419
f 419 	464 	423
f 373 	343 	604
f 482 	357 	483
f 423 	464 	390
f 468 	485 	466
f 466 	485 	473
f 452 	506 	451
f 219 	470 	221
f 344 	349 	480
f 349 	482 	480
f 349 	357 	482
f 462 	500 	495
f 446 	501 	477
f 451 	506 	484
f 481 	501 	446
f 474 	472 	429
f 490 	1095 	492
f 357 	503 	483
f 553 	551 	484
f 524 	491 	489
f 483 	503 	487
f 484 	505 	553
f 503 	507 	487
f 1102 	494 	492
f 484 	506 	505
f 507 	395 	487
f 258 	505 	506
f 517 	504 	911
f 370 	509 	357
f 242 	506 	452
f 298 	566 	296
f 389 	513 	510
f 509 	503 	357
f 496 	1110 	498
f 506 	242 	258
f 462 	502 	500
f 503 	512 	507
f 298 	322 	566
f 474 	488 	489
f 524 	489 	488
f 509 	512 	503
f 507 	512 	515
f 510 	514 	511
f 486 	493 	524
f 498 	476 	499
f 531 	493 	486
f 507 	515 	1475
f 498 	1110 	476
f 476 	478 	499
f 504 	520 	508
f 499 	478 	523
f 519 	509 	370
f 504 	517 	520
f 509 	525 	512
f 509 	519 	525
f 508 	520 	277
f 512 	527 	515
f 525 	527 	512
f 518 	467 	532
f 277 	433 	508
f 467 	518 	516
f 239 	243 	519
f 532 	571 	518
f 517 	283 	294
f 519 	243 	525
f 513 	514 	510
f 243 	251 	525
f 525 	251 	527
f 514 	795 	511
f 517 	294 	520
f 518 	571 	521
f 520 	297 	277
f 540 	312 	313
f 294 	297 	520
f 398 	541 	513
f 410 	541 	398
f 491 	524 	493
f 530 	686 	533
f 312 	540 	1495
f 543 	313 	323
f 467 	590 	532
f 513 	542 	514
f 468 	266 	548
f 313 	543 	540
f 533 	688 	536
f 686 	688 	533
f 541 	542 	513
f 431 	543 	323
f 538 	564 	537
f 540 	543 	422
f 545 	541 	410
f 468 	546 	485
f 422 	543 	456
f 418 	545 	410
f 545 	549 	541
f 1521 	1524 	566
f 544 	551 	628
f 456 	543 	431
f 535 	529 	534
f 549 	542 	541
f 282 	566 	1524
f 628 	551 	547
f 531 	486 	535
f 282 	285 	566
f 490 	492 	624
f 544 	484 	551
f 293 	566 	285
f 296 	566 	293
f 546 	468 	548
f 425 	426 	558
f 547 	551 	567
f 548 	574 	546
f 529 	535 	486
f 558 	426 	562
f 557 	547 	567
f 534 	529 	538
f 556 	562 	596
f 561 	567 	553
f 551 	553 	567
f 1533 	561 	553
f 556 	558 	562
f 578 	539 	564
f 564 	538 	529
f 562 	426 	458
f 560 	562 	458
f 548 	559 	574
f 555 	563 	554
f 565 	563 	555
f 563 	570 	1260
f 568 	560 	457
f 557 	567 	1537
f 435 	434 	415
f 436 	435 	415
f 650 	393 	406
f 560 	458 	457
f 1540 	567 	561
f 411 	552 	550
f 406 	411 	550
f 546 	637 	485
f 434 	425 	418
f 568 	457 	622
f 532 	591 	571
f 233 	436 	231
f 233 	231 	237
f 650 	646 	393
f 354 	566 	322
f 306 	316 	572
f 358 	566 	354
f 414 	393 	316
f 359 	566 	358
f 570 	563 	565
f 559 	569 	574
f 231 	436 	415
f 418 	415 	434
f 575 	570 	565
f 566 	359 	361
f 619 	585 	500
f 579 	578 	575
f 689 	566 	687
f 575 	578 	570
f 692 	566 	689
f 577 	597 	580
f 582 	599 	581
f 696 	566 	692
f 584 	582 	581
f 500 	585 	495
f 698 	566 	696
f 495 	585 	522
f 667 	566 	698
f 571 	573 	521
f 587 	582 	584
f 718 	566 	667
f 756 	522 	585
f 720 	566 	718
f 583 	599 	539
f 585 	619 	762
f 736 	566 	729
f 558 	556 	545
f 580 	586 	576
f 412 	566 	736
f 624 	492 	494
f 413 	566 	412
f 545 	418 	558
f 418 	425 	558
f 582 	587 	685
f 566 	413 	417
f 362 	594 	593
f 683 	582 	685
f 566 	417 	419
f 566 	419 	423
f 377 	594 	362
f 424 	598 	1119
f 566 	423 	428
f 590 	591 	532
f 583 	581 	599
f 580 	600 	586
f 408 	566 	428
f 597 	600 	580
f 591 	601 	571
f 566 	361 	365
f 571 	601 	573
f 1291 	599 	592
f 582 	605 	599
f 596 	545 	556
f 599 	605 	592
f 471 	604 	475
f 475 	604 	590
f 606 	590 	604
f 602 	607 	597
f 590 	608 	591
f 1442 	609 	470
f 470 	219 	1442
f 597 	607 	600
f 545 	596 	549
f 470 	610 	502
f 502 	610 	500
f 606 	608 	590
f 613 	470 	609
f 610 	470 	613
f 1444 	591 	608
f 613 	609 	362
f 588 	504 	589
f 608 	1364 	1444
f 1442 	363 	609
f 362 	609 	363
f 589 	504 	508
f 589 	508 	497
f 500 	610 	619
f 602 	966 	386
f 610 	613 	620
f 610 	620 	619
f 602 	389 	607
f 616 	592 	603
f 598 	627 	777
f 613 	593 	620
f 386 	389 	602
f 615 	616 	603
f 606 	604 	379
f 343 	379 	604
f 613 	362 	593
f 379 	1360 	606
f 592 	621 	603
f 1360 	608 	606
f 605 	621 	592
f 477 	634 	457
f 623 	546 	574
f 621 	835 	603
f 457 	634 	622
f 574 	569 	644
f 424 	625 	598
f 424 	437 	625
f 623 	574 	644
f 626 	634 	477
f 501 	626 	477
f 627 	598 	625
f 392 	628 	640
f 409 	628 	392
f 494 	496 	624
f 544 	628 	409
f 437 	454 	633
f 496 	498 	624
f 622 	632 	629
f 617 	656 	618
f 454 	385 	633
f 544 	409 	444
f 498 	499 	624
f 566 	408 	1506
f 633 	625 	437
f 499 	523 	624
f 625 	635 	627
f 523 	526 	624
f 566 	1506 	1510
f 622 	634 	632
f 526 	528 	624
f 633 	635 	625
f 528 	530 	624
f 656 	549 	618
f 484 	544 	451
f 635 	638 	627
f 634 	626 	647
f 530 	533 	624
f 637 	546 	623
f 536 	624 	533
f 632 	634 	647
f 646 	638 	635
f 817 	624 	536
f 257 	626 	501
f 817 	818 	624
f 637 	623 	661
f 631 	637 	661
f 640 	628 	547
f 635 	633 	642
f 820 	821 	624
f 641 	645 	630
f 821 	849 	624
f 639 	640 	547
f 642 	633 	385
f 569 	649 	644
f 651 	655 	641
f 643 	623 	644
f 641 	655 	645
f 642 	646 	635
f 630 	645 	636
f 642 	572 	646
f 644 	648 	643
f 855 	859 	624
f 647 	742 	632
f 645 	565 	636
f 639 	547 	557
f 859 	860 	624
f 655 	575 	645
f 860 	861 	624
f 645 	575 	565
f 721 	638 	650
f 646 	650 	638
f 861 	942 	624
f 644 	649 	648
f 650 	550 	721
f 565 	555 	636
f 444 	451 	544
f 385 	306 	642
f 942 	943 	624
f 526 	523 	652
f 943 	944 	624
f 649 	1025 	648
f 448 	648 	1025
f 612 	669 	611
f 944 	946 	624
f 642 	306 	572
f 614 	612 	617
f 946 	948 	624
f 600 	654 	586
f 595 	549 	596
f 595 	618 	549
f 948 	949 	624
f 572 	393 	646
f 659 	654 	600
f 659 	600 	607
f 655 	651 	670
f 661 	623 	643
f 526 	653 	528
f 620 	593 	675
f 661 	453 	631
f 653 	526 	652
f 662 	620 	675
f 455 	661 	643
f 854 	858 	478
f 607 	389 	510
f 669 	612 	614
f 652 	671 	653
f 510 	659 	607
f 453 	661 	455
f 671 	672 	653
f 670 	651 	668
f 643 	648 	479
f 660 	657 	664
f 670 	579 	655
f 455 	643 	479
f 655 	579 	575
f 448 	479 	648
f 510 	511 	659
f 674 	685 	587
f 676 	677 	685
f 666 	611 	665
f 656 	617 	612
f 665 	611 	669
f 676 	685 	674
f 662 	675 	673
f 678 	677 	676
f 568 	622 	933
f 624 	849 	853
f 675 	695 	673
f 853 	855 	624
f 594 	680 	593
f 933 	622 	629
f 679 	677 	678
f 675 	593 	680
f 528 	653 	682
f 605 	582 	683
f 680 	594 	466
f 653 	672 	682
f 542 	823 	514
f 682 	530 	528
f 675 	680 	695
f 682 	686 	530
f 514 	823 	795
f 542 	656 	823
f 680 	466 	473
f 549 	656 	542
f 707 	536 	688
f 511 	795 	783
f 677 	702 	685
f 690 	682 	672
f 683 	685 	702
f 690 	686 	682
f 690 	694 	686
f 595 	596 	691
f 677 	1327 	702
f 679 	1328 	677
f 680 	473 	695
f 677 	1328 	1327
f 658 	611 	666
f 701 	691 	560
f 605 	683 	697
f 691 	596 	562
f 621 	605 	697
f 560 	691 	562
f 683 	700 	697
f 624 	775 	776
f 686 	694 	688
f 566 	365 	684
f 683 	702 	700
f 566 	684 	687
f 568 	701 	560
f 701 	568 	699
f 762 	620 	662
f 666 	663 	658
f 663 	664 	658
f 657 	658 	664
f 953 	621 	697
f 624 	949 	775
f 705 	726 	711
f 712 	757 	681
f 1337 	700 	702
f 624 	778 	779
f 631 	453 	713
f 624 	779 	782
f 750 	667 	748
f 782 	784 	624
f 667 	698 	748
f 576 	586 	717
f 667 	750 	718
f 744 	707 	688
f 707 	745 	719
f 657 	660 	714
f 744 	745 	707
f 704 	638 	721
f 577 	580 	709
f 706 	724 	720
f 704 	722 	708
f 709 	580 	576
f 657 	714 	703
f 714 	710 	703
f 710 	711 	703
f 726 	703 	711
f 721 	722 	704
f 722 	730 	708
f 712 	681 	706
f 715 	732 	716
f 713 	736 	729
f 738 	732 	715
f 453 	736 	713
f 739 	706 	681
f 412 	736 	453
f 725 	754 	741
f 724 	566 	720
f 624 	776 	778
f 724 	729 	566
f 721 	550 	722
f 743 	738 	723
f 739 	681 	740
f 694 	744 	688
f 727 	728 	735
f 734 	746 	760
f 713 	740 	631
f 550 	552 	722
f 723 	738 	715
f 739 	740 	713
f 722 	552 	730
f 734 	747 	746
f 490 	624 	749
f 552 	1131 	730
f 745 	752 	719
f 837 	693 	750
f 730 	1131 	1120
f 706 	739 	724
f 693 	765 	750
f 650 	406 	550
f 729 	739 	713
f 712 	765 	693
f 752 	725 	719
f 733 	735 	728
f 752 	754 	725
f 729 	724 	739
f 706 	765 	712
f 1538 	742 	1539
f 756 	1451 	522
f 758 	784 	753
f 754 	774 	741
f 1409 	748 	761
f 762 	756 	585
f 834 	727 	731
f 696 	761 	698
f 748 	698 	761
f 883 	738 	743
f 763 	473 	485
f 1142 	490 	749
f 762 	619 	620
f 637 	763 	485
f 742 	766 	747
f 747 	766 	746
f 1451 	756 	767
f 750 	765 	718
f 746 	766 	764
f 720 	765 	706
f 756 	762 	815
f 733 	728 	737
f 765 	720 	718
f 1497 	745 	744
f 1542 	764 	766
f 767 	756 	815
f 473 	770 	695
f 758 	753 	1148
f 762 	662 	815
f 695 	770 	757
f 770 	473 	763
f 757 	770 	681
f 516 	754 	752
f 767 	815 	824
f 774 	754 	518
f 770 	763 	740
f 770 	740 	681
f 516 	518 	754
f 631 	740 	763
f 769 	772 	1049
f 1058 	774 	521
f 518 	521 	774
f 746 	780 	760
f 773 	760 	780
f 763 	637 	631
f 367 	1049 	772
f 780 	746 	764
f 234 	367 	772
f 749 	624 	784
f 780 	764 	1084
f 771 	808 	220
f 798 	786 	783
f 775 	789 	790
f 462 	764 	1542
f 771 	781 	808
f 858 	787 	792
f 764 	462 	1084
f 337 	342 	796
f 852 	793 	771
f 775 	790 	776
f 776 	790 	797
f 945 	734 	898
f 792 	794 	858
f 796 	785 	337
f 771 	793 	781
f 726 	737 	728
f 705 	737 	726
f 791 	785 	328
f 796 	328 	785
f 776 	797 	778
f 779 	778 	751
f 629 	734 	945
f 791 	329 	320
f 768 	801 	793
f 791 	328 	329
f 1165 	803 	799
f 632 	747 	629
f 342 	356 	796
f 793 	801 	781
f 583 	578 	581
f 797 	751 	778
f 768 	1039 	801
f 356 	336 	796
f 777 	802 	787
f 779 	751 	753
f 781 	801 	800
f 779 	753 	782
f 629 	747 	734
f 584 	579 	587
f 799 	934 	940
f 782 	753 	784
f 742 	747 	632
f 784 	759 	749
f 777 	627 	802
f 784 	758 	759
f 800 	801 	1057
f 537 	564 	539
f 789 	775 	949
f 789 	949 	965
f 934 	799 	803
f 790 	789 	1008
f 787 	802 	704
f 704 	792 	787
f 806 	369 	378
f 704 	708 	792
f 578 	579 	581
f 584 	581 	579
f 583 	539 	578
f 795 	798 	783
f 792 	708 	794
f 806 	811 	804
f 808 	222 	220
f 806 	378 	811
f 627 	638 	802
f 786 	813 	788
f 809 	814 	289
f 638 	704 	802
f 811 	378 	799
f 717 	822 	809
f 825 	814 	809
f 813 	786 	798
f 289 	814 	350
f 222 	808 	805
f 676 	674 	670
f 815 	662 	816
f 587 	670 	674
f 814 	1064 	350
f 814 	1073 	1064
f 804 	811 	936
f 350 	1064 	353
f 673 	816 	662
f 822 	717 	586
f 936 	811 	940
f 940 	811 	799
f 668 	676 	670
f 670 	587 	579
f 822 	825 	809
f 815 	816 	828
f 815 	828 	824
f 1166 	805 	1137
f 823 	827 	798
f 823 	798 	795
f 678 	668 	679
f 816 	831 	828
f 830 	781 	800
f 781 	830 	808
f 536 	707 	817
f 822 	836 	825
f 707 	719 	817
f 808 	830 	805
f 798 	832 	813
f 816 	673 	831
f 817 	719 	818
f 818 	725 	819
f 673 	757 	831
f 719 	725 	818
f 1073 	814 	825
f 1137 	805 	830
f 725 	741 	819
f 673 	695 	757
f 819 	741 	820
f 668 	826 	679
f 654 	822 	586
f 835 	857 	603
f 827 	832 	798
f 820 	741 	821
f 654 	836 	822
f 826 	847 	829
f 837 	824 	828
f 621 	953 	835
f 828 	831 	693
f 678 	676 	668
f 693 	837 	828
f 712 	831 	757
f 833 	829 	847
f 603 	857 	615
f 712 	693 	831
f 843 	654 	659
f 834 	833 	847
f 615 	857 	840
f 829 	679 	826
f 823 	656 	827
f 612 	827 	656
f 624 	818 	819
f 836 	654 	843
f 369 	1410 	247
f 612 	611 	827
f 857 	835 	866
f 819 	820 	624
f 511 	843 	659
f 369 	844 	1410
f 727 	834 	847
f 735 	731 	727
f 827 	611 	832
f 850 	887 	844
f 842 	844 	887
f 1467 	840 	852
f 840 	846 	852
f 652 	478 	858
f 858 	671 	652
f 386 	966 	856
f 846 	857 	866
f 878 	364 	430
f 892 	838 	1088
f 840 	857 	846
f 787 	858 	854
f 614 	617 	873
f 864 	873 	617
f 846 	768 	793
f 1088 	838 	1090
f 862 	868 	848
f 618 	691 	864
f 618 	864 	617
f 595 	691 	618
f 846 	866 	768
f 806 	844 	369
f 870 	839 	841
f 863 	865 	880
f 869 	863 	880
f 870 	465 	839
f 848 	868 	851
f 867 	879 	872
f 877 	879 	867
f 841 	874 	870
f 868 	875 	851
f 895 	880 	865
f 849 	821 	897
f 845 	876 	841
f 865 	898 	895
f 868 	890 	875
f 897 	902 	849
f 851 	875 	856
f 874 	841 	876
f 849 	902 	853
f 856 	391 	386
f 793 	852 	846
f 876 	838 	892
f 853 	903 	855
f 869 	915 	878
f 875 	391 	856
f 871 	873 	881
f 874 	876 	892
f 755 	883 	743
f 864 	881 	873
f 855 	906 	859
f 850 	804 	884
f 844 	806 	850
f 864 	691 	701
f 804 	850 	806
f 880 	895 	918
f 883 	885 	284
f 881 	864 	701
f 1068 	884 	804
f 465 	870 	390
f 882 	886 	862
f 383 	870 	874
f 885 	888 	554
f 842 	887 	376
f 868 	862 	886
f 909 	974 	860
f 889 	871 	881
f 878 	915 	315
f 860 	974 	861
f 881 	699 	889
f 390 	870 	383
f 315 	364 	878
f 886 	890 	868
f 905 	375 	887
f 881 	701 	699
f 893 	879 	877
f 375 	905 	901
f 890 	405 	875
f 891 	893 	877
f 894 	821 	741
f 318 	229 	1130
f 887 	850 	884
f 893 	1015 	879
f 810 	899 	900
f 896 	871 	889
f 1130 	229 	882
f 882 	232 	886
f 897 	821 	894
f 760 	898 	734
f 1114 	896 	889
f 807 	810 	900
f 396 	397 	891
f 882 	229 	232
f 807 	904 	812
f 898 	760 	895
f 891 	397 	893
f 902 	903 	853
f 883 	755 	885
f 807 	900 	904
f 232 	231 	886
f 905 	887 	884
f 231 	890 	886
f 885 	755 	888
f 893 	397 	314
f 901 	905 	959
f 231 	415 	890
f 906 	855 	903
f 959 	905 	884
f 906 	909 	859
f 888 	929 	555
f 233 	910 	436
f 555 	554 	888
f 400 	912 	401
f 401 	912 	924
f 899 	913 	900
f 813 	914 	788
f 237 	910 	233
f 401 	924 	399
f 880 	915 	869
f 236 	926 	237
f 913 	899 	917
f 788 	914 	907
f 400 	404 	912
f 504 	588 	911
f 900 	913 	1035
f 1135 	926 	240
f 915 	880 	918
f 914 	922 	907
f 916 	919 	996
f 236 	240 	926
f 813 	927 	914
f 927 	947 	914
f 895 	773 	918
f 859 	909 	860
f 914 	947 	922
f 900 	1035 	904
f 481 	447 	910
f 907 	922 	908
f 773 	895 	760
f 910 	925 	481
f 237 	926 	910
f 813 	832 	927
f 915 	918 	307
f 1007 	917 	899
f 921 	911 	988
f 315 	915 	307
f 741 	774 	894
f 924 	912 	935
f 988 	920 	921
f 897 	894 	1058
f 307 	918 	1038
f 910 	926 	925
f 916 	929 	919
f 923 	924 	935
f 911 	921 	517
f 928 	929 	916
f 912 	1017 	935
f 897 	1060 	902
f 1058 	1060 	897
f 931 	481 	925
f 481 	931 	501
f 933 	699 	568
f 1374 	630 	928
f 630 	636 	928
f 920 	938 	921
f 928 	636 	929
f 699 	941 	889
f 257 	501 	931
f 938 	920 	937
f 889 	941 	1118
f 283 	921 	938
f 929 	636 	555
f 941 	699 	933
f 938 	325 	283
f 938 	320 	325
f 941 	933 	945
f 283 	517 	921
f 700 	957 	697
f 939 	941 	945
f 1522 	577 	1511
f 953 	697 	957
f 927 	657 	947
f 785 	791 	937
f 785 	937 	930
f 923 	951 	932
f 933 	629 	945
f 935 	951 	923
f 861 	978 	942
f 835 	952 	866
f 937 	791 	320
f 865 	1126 	939
f 932 	951 	1128
f 937 	320 	938
f 942 	981 	943
f 1126 	865 	863
f 952 	835 	953
f 943 	989 	944
f 945 	898 	939
f 832 	658 	927
f 955 	946 	944
f 953 	971 	952
f 898 	865 	939
f 388 	956 	559
f 956 	388 	901
f 577 	1522 	954
f 944 	989 	955
f 954 	597 	577
f 946 	955 	960
f 832 	611 	658
f 959 	956 	901
f 953 	957 	971
f 963 	936 	940
f 946 	960 	948
f 948 	965 	949
f 845 	936 	963
f 961 	966 	950
f 948 	960 	965
f 569 	559 	956
f 961 	856 	966
f 968 	1030 	964
f 954 	950 	966
f 962 	987 	967
f 954 	602 	597
f 976 	980 	964
f 983 	987 	962
f 964 	980 	968
f 876 	845 	963
f 966 	602 	954
f 958 	1030 	968
f 963 	838 	876
f 968 	877 	958
f 1042 	972 	934
f 934 	972 	940
f 969 	982 	973
f 940 	972 	963
f 1531 	851 	961
f 877 	867 	958
f 963 	972 	838
f 851 	856 	961
f 970 	273 	267
f 977 	812 	904
f 658 	657 	927
f 977 	969 	812
f 978 	861 	974
f 978 	981 	942
f 983 	962 	411
f 411 	421 	983
f 982 	969 	977
f 660 	986 	714
f 647 	626 	255
f 982 	988 	975
f 981 	989 	943
f 664 	986 	660
f 987 	992 	967
f 982 	975 	973
f 255 	626 	257
f 975 	988 	911
f 909 	1091 	974
f 663 	1004 	664
f 1091 	1093 	974
f 666 	994 	1004
f 974 	1093 	978
f 911 	588 	975
f 666 	1004 	663
f 665 	994 	666
f 980 	891 	968
f 256 	262 	979
f 993 	1005 	995
f 992 	970 	967
f 614 	873 	669
f 981 	998 	989
f 1040 	982 	977
f 999 	1005 	993
f 989 	1028 	955
f 992 	273 	970
f 669 	873 	994
f 669 	994 	665
f 982 	1040 	988
f 920 	988 	1040
f 989 	998 	1028
f 968 	891 	877
f 992 	987 	1014
f 979 	997 	984
f 879 	999 	872
f 920 	1040 	937
f 959 	884 	1000
f 1001 	983 	421
f 872 	999 	993
f 985 	1002 	991
f 986 	1003 	1024
f 432 	980 	976
f 664 	1004 	986
f 979 	262 	997
f 998 	979 	1028
f 984 	997 	1007
f 1006 	956 	959
f 429 	432 	976
f 432 	396 	980
f 1001 	1010 	983
f 1008 	789 	1011
f 956 	1006 	569
f 980 	396 	891
f 986 	1004 	1003
f 959 	1000 	1013
f 1013 	1006 	959
f 790 	1012 	797
f 1007 	990 	984
f 449 	1020 	404
f 996 	1002 	985
f 983 	1010 	987
f 1005 	1009 	995
f 991 	743 	723
f 1004 	994 	1034
f 810 	990 	899
f 1002 	743 	991
f 449 	450 	1020
f 1003 	1004 	1034
f 790 	1008 	1012
f 899 	990 	1007
f 1012 	1016 	797
f 1015 	999 	879
f 1034 	994 	871
f 262 	303 	1018
f 999 	1019 	1005
f 1012 	969 	1016
f 1015 	1019 	999
f 1020 	912 	404
f 1010 	1014 	987
f 797 	1016 	751
f 994 	873 	871
f 1018 	997 	262
f 1014 	289 	992
f 1145 	751 	1016
f 1005 	1021 	1009
f 649 	569 	1006
f 912 	1020 	1017
f 997 	1023 	1007
f 1006 	1013 	1025
f 1025 	649 	1006
f 1011 	807 	1008
f 992 	289 	273
f 1011 	810 	807
f 997 	1018 	1023
f 1008 	807 	812
f 1013 	839 	1025
f 1007 	1023 	917
f 1000 	1026 	1013
f 1012 	1008 	812
f 996 	1356 	916
f 1024 	1003 	1027
f 1001 	576 	1010
f 969 	1012 	812
f 996 	919 	1002
f 935 	1046 	951
f 709 	576 	1001
f 1016 	969 	973
f 1026 	839 	1013
f 1010 	576 	717
f 919 	755 	1002
f 1016 	973 	1145
f 303 	326 	1018
f 1019 	1021 	1005
f 1017 	1053 	1051
f 1010 	717 	1014
f 1026 	841 	839
f 1377 	951 	1046
f 1014 	809 	289
f 1002 	755 	743
f 1029 	960 	955
f 717 	809 	1014
f 952 	1041 	866
f 1026 	845 	841
f 1217 	1023 	1018
f 1029 	955 	1028
f 1041 	768 	866
f 960 	1029 	1031
f 1023 	1212 	917
f 1022 	1024 	1027
f 465 	1025 	839
f 1282 	1030 	958
f 1003 	1032 	1027
f 1038 	918 	773
f 1041 	952 	1033
f 1217 	1212 	1023
f 1025 	465 	448
f 1030 	1174 	964
f 971 	1033 	952
f 960 	1031 	965
f 1174 	1183 	964
f 803 	769 	1043
f 893 	314 	1015
f 1003 	1034 	1032
f 1050 	1033 	971
f 1183 	976 	964
f 279 	1019 	1015
f 1043 	934 	803
f 871 	896 	1034
f 1011 	965 	1031
f 977 	904 	1036
f 314 	279 	1015
f 450 	1037 	1020
f 279 	278 	1019
f 472 	1037 	450
f 1031 	810 	1011
f 1035 	1036 	904
f 1011 	789 	965
f 977 	1036 	1040
f 1038 	773 	1072
f 1115 	252 	998
f 1037 	472 	474
f 1048 	930 	1036
f 1019 	278 	1021
f 1036 	930 	1040
f 768 	1041 	1039
f 1044 	1035 	913
f 256 	979 	998
f 934 	1043 	1042
f 1028 	979 	984
f 311 	1045 	452
f 1017 	1046 	935
f 1077 	1042 	1043
f 1059 	1033 	1047
f 1036 	1035 	1048
f 1017 	1051 	1046
f 286 	1052 	287
f 1043 	769 	1049
f 1035 	1044 	1048
f 1037 	1053 	1020
f 334 	1062 	1045
f 287 	1052 	1056
f 287 	1056 	281
f 1053 	1017 	1020
f 1027 	1032 	1187
f 334 	307 	1054
f 1053 	1037 	1201
f 1052 	286 	295
f 1052 	295 	924
f 1033 	1050 	1047
f 399 	924 	295
f 1038 	1081 	1054
f 1028 	984 	1029
f 1049 	367 	272
f 1050 	288 	1047
f 334 	1054 	1062
f 990 	1031 	1029
f 930 	937 	1040
f 1029 	984 	990
f 1057 	801 	1039
f 1054 	1081 	1101
f 990 	810 	1031
f 1046 	1051 	1379
f 1044 	330 	337
f 1033 	1059 	1041
f 894 	774 	1058
f 1048 	1044 	337
f 1041 	1059 	1039
f 1216 	1051 	1053
f 1056 	1052 	1069
f 1042 	1077 	1074
f 1032 	1034 	896
f 1055 	1056 	1069
f 1047 	1456 	1059
f 902 	1060 	1063
f 1052 	923 	1069
f 1101 	1062 	1054
f 902 	1063 	903
f 1052 	924 	923
f 1045 	1062 	235
f 785 	930 	1048
f 1063 	1067 	903
f 337 	785 	1048
f 906 	903 	1067
f 1066 	353 	1064
f 1090 	972 	1042
f 1039 	1070 	1057
f 1059 	1070 	1039
f 773 	780 	1072
f 1073 	1075 	1066
f 1069 	923 	932
f 1066 	1064 	1073
f 1086 	1071 	1271
f 1077 	1043 	1049
f 1084 	1072 	780
f 1069 	932 	1080
f 1168 	1060 	1058
f 1456 	1070 	1059
f 272 	1077 	1049
f 1456 	1493 	1070
f 929 	888 	919
f 825 	1078 	1073
f 1076 	1079 	1061
f 836 	1078 	825
f 919 	888 	755
f 1069 	1080 	1055
f 1081 	1038 	1072
f 1077 	272 	1108
f 1063 	1176 	1067
f 1000 	884 	1068
f 1061 	1079 	1065
f 906 	1082 	909
f 1067 	1082 	906
f 1079 	1238 	1065
f 1073 	1078 	1075
f 1080 	932 	1134
f 1087 	1075 	1078
f 1000 	1068 	1026
f 495 	1084 	462
f 1086 	1092 	1071
f 838 	972 	1090
f 1068 	845 	1026
f 1090 	1042 	1074
f 1082 	1091 	909
f 1086 	867 	1092
f 1068 	804 	936
f 1089 	1097 	1085
f 1068 	936 	845
f 1071 	1092 	1076
f 495 	1106 	1084
f 836 	843 	1096
f 1085 	1097 	1098
f 1078 	836 	1096
f 1076 	1100 	1079
f 1087 	1078 	1104
f 1096 	1104 	1078
f 1081 	1105 	1101
f 1072 	1106 	1081
f 1084 	1106 	1072
f 1085 	1098 	1083
f 1102 	492 	1095
f 1092 	1100 	1076
f 783 	1096 	843
f 339 	1083 	1098
f 1107 	494 	1102
f 1100 	1244 	1079
f 1102 	1119 	1107
f 1092 	872 	1100
f 1081 	1106 	1105
f 511 	783 	843
f 1077 	1108 	1074
f 1107 	496 	494
f 786 	1104 	783
f 339 	1098 	347
f 1106 	495 	522
f 1009 	1094 	995
f 1104 	1096 	783
f 1009 	1109 	1094
f 1107 	1110 	496
f 1461 	1074 	1108
f 786 	788 	1104
f 1094 	1109 	1099
f 522 	1105 	1106
f 788 	1157 	1104
f 1086 	1282 	958
f 1097 	1089 	1111
f 292 	1108 	272
f 1097 	1113 	1098
f 1108 	292 	1463
f 1093 	1115 	978
f 958 	867 	1086
f 1095 	1158 	1116
f 896 	1114 	1032
f 1113 	1097 	1117
f 1114 	889 	1118
f 1102 	1095 	1116
f 867 	872 	1092
f 1113 	347 	1098
f 1093 	252 	1115
f 1463 	292 	1225
f 978 	1115 	981
f 1115 	998 	981
f 1119 	1102 	1116
f 1107 	1121 	1110
f 1067 	1184 	1082
f 1109 	1112 	1103
f 1109 	1103 	1099
f 1107 	1119 	1121
f 1124 	1090 	1074
f 1103 	862 	848
f 1121 	1125 	1110
f 1090 	1124 	1088
f 1112 	862 	1103
f 1132 	1114 	1126
f 1118 	1126 	1114
f 1124 	1074 	1461
f 1122 	1117 	1111
f 1021 	1127 	1009
f 932 	1128 	1134
f 1126 	1118 	939
f 1125 	476 	1110
f 1127 	1109 	1009
f 1127 	1130 	1112
f 1127 	1112 	1109
f 1111 	1117 	1097
f 939 	1118 	941
f 1125 	854 	476
f 1112 	882 	862
f 1117 	715 	716
f 1124 	1461 	1502
f 882 	1112 	1130
f 394 	1127 	1021
f 1113 	1117 	716
f 1125 	787 	854
f 1082 	1186 	1091
f 394 	1021 	278
f 1127 	394 	1130
f 318 	1130 	394
f 1122 	715 	1117
f 424 	1119 	1116
f 863 	1140 	1126
f 723 	715 	1122
f 1116 	420 	424
f 1132 	1126 	1140
f 456 	1143 	422
f 598 	1121 	1119
f 1120 	1136 	1123
f 319 	1135 	240
f 1120 	1131 	1136
f 1136 	1139 	1123
f 777 	1125 	1121
f 321 	1135 	319
f 598 	777 	1121
f 1128 	951 	1377
f 1123 	1139 	1129
f 1125 	777 	787
f 1128 	1377 	1376
f 1147 	926 	1135
f 1133 	1454 	1460
f 1129 	371 	1528
f 749 	759 	1142
f 422 	1143 	1133
f 1139 	371 	1129
f 1143 	456 	459
f 863 	869 	1140
f 1138 	1140 	869
f 250 	805 	1166
f 371 	373 	1528
f 490 	1142 	1095
f 1133 	1143 	1454
f 925 	1146 	931
f 552 	962 	1131
f 1145 	753 	751
f 878 	1331 	869
f 552 	411 	962
f 1075 	1087 	1149
f 753 	1145 	1148
f 962 	967 	1131
f 758 	1150 	759
f 1147 	925 	926
f 1149 	1220 	1075
f 758 	1148 	1150
f 256 	998 	252
f 925 	1147 	1146
f 1142 	759 	1152
f 1137 	1180 	1155
f 1152 	759 	1150
f 800 	1156 	830
f 1157 	1149 	1087
f 1142 	1152 	1158
f 830 	1156 	1137
f 1087 	1104 	1157
f 1061 	1065 	1141
f 1156 	800 	1273
f 1141 	1065 	1144
f 1180 	1137 	1156
f 931 	1146 	265
f 1095 	1142 	1158
f 908 	1160 	1154
f 931 	265 	257
f 1156 	1273 	1281
f 922 	1160 	908
f 459 	1380 	1143
f 973 	975 	1148
f 973 	1148 	1145
f 1160 	1161 	1154
f 907 	1157 	788
f 1150 	1148 	588
f 1148 	975 	588
f 1150 	588 	589
f 1165 	378 	372
f 1152 	1150 	589
f 1154 	1161 	1159
f 250 	1166 	372
f 1056 	333 	281
f 1027 	1182 	1022
f 1158 	1152 	497
f 1161 	1257 	1159
f 1163 	332 	333
f 1163 	333 	1056
f 497 	1152 	589
f 1393 	1153 	640
f 1022 	1182 	1162
f 497 	420 	1158
f 1058 	521 	1168
f 1158 	420 	1116
f 922 	1167 	1160
f 372 	1166 	1165
f 922 	947 	1167
f 1178 	1163 	1055
f 1167 	1172 	1160
f 1166 	1137 	1155
f 1060 	1169 	1063
f 1167 	726 	1172
f 1114 	1187 	1032
f 1165 	1166 	1155
f 1055 	1163 	1056
f 1160 	1172 	1161
f 1168 	1169 	1060
f 1176 	1063 	1169
f 1030 	1408 	1174
f 1155 	769 	803
f 1163 	1178 	1200
f 657 	703 	947
f 1162 	1181 	1175
f 947 	703 	1167
f 1174 	1171 	1183
f 1179 	1183 	1171
f 703 	726 	1167
f 1173 	1164 	1195
f 1281 	1180 	1156
f 1162 	1182 	1181
f 769 	1155 	1180
f 1170 	1173 	1195
f 1131 	967 	1136
f 1193 	1178 	1055
f 1176 	1184 	1067
f 1195 	1164 	1310
f 1184 	1186 	1082
f 970 	1139 	1136
f 1177 	1178 	1193
f 1182 	1027 	1187
f 967 	970 	1136
f 1183 	1179 	1188
f 1185 	1188 	1179
f 1310 	1164 	1311
f 970 	267 	1139
f 1093 	1091 	1191
f 1139 	267 	371
f 1187 	1114 	1132
f 1188 	976 	1183
f 452 	1045 	242
f 711 	1189 	705
f 1186 	1191 	1091
f 1196 	1187 	1132
f 1191 	252 	1093
f 1190 	1431 	1192
f 1177 	1193 	1470
f 714 	986 	1198
f 1045 	235 	242
f 1188 	1185 	488
f 524 	488 	1185
f 259 	252 	1191
f 429 	1188 	488
f 1175 	1181 	1286
f 235 	1062 	1429
f 1080 	1193 	1055
f 1188 	429 	976
f 1269 	1193 	1080
f 1182 	1196 	1181
f 573 	1168 	521
f 1187 	1196 	1182
f 489 	1203 	474
f 710 	1198 	711
f 346 	1204 	321
f 711 	1198 	1189
f 1170 	1195 	1194
f 710 	714 	1198
f 1203 	489 	1199
f 491 	1199 	489
f 1062 	1101 	1429
f 1189 	1198 	1197
f 1204 	346 	1200
f 348 	1200 	346
f 1199 	491 	493
f 1199 	493 	1283
f 1194 	1195 	1324
f 1200 	348 	352
f 1200 	352 	1163
f 531 	1283 	493
f 769 	1180 	772
f 332 	1163 	352
f 1198 	986 	1024
f 1147 	1135 	1202
f 1196 	1132 	1140
f 1203 	1037 	474
f 799 	378 	1165
f 1135 	321 	1204
f 1190 	230 	238
f 1197 	1198 	1024
f 1170 	1206 	1192
f 1165 	1155 	803
f 1357 	1066 	1205
f 1037 	1203 	1201
f 1192 	1206 	1190
f 1135 	1204 	1202
f 1206 	1170 	1194
f 1209 	1201 	1199
f 1203 	1199 	1201
f 1200 	1211 	1202
f 1190 	1206 	230
f 917 	1212 	1213
f 1204 	1200 	1202
f 1210 	1189 	1197
f 1211 	1200 	1178
f 917 	1213 	913
f 1216 	1053 	1201
f 1044 	913 	1213
f 1210 	1197 	1215
f 1018 	326 	1217
f 1207 	1210 	1215
f 1201 	1209 	1218
f 1201 	1218 	1216
f 1194 	1324 	360
f 1219 	1202 	1211
f 1215 	1197 	1022
f 1218 	1209 	1342
f 1219 	1211 	1177
f 1066 	1075 	1220
f 460 	1228 	270
f 1211 	1178 	1177
f 1220 	1205 	1066
f 1212 	1083 	1213
f 1205 	1222 	1208
f 1212 	1085 	1083
f 1220 	1222 	1205
f 1202 	1223 	1147
f 1213 	1083 	330
f 1134 	1128 	1236
f 1218 	1414 	1216
f 1147 	1223 	1146
f 1044 	1213 	330
f 1208 	1224 	1214
f 1134 	1236 	1221
f 326 	1089 	1217
f 1223 	1202 	1219
f 1226 	1225 	280
f 858 	794 	671
f 1128 	1376 	1236
f 1224 	1208 	1222
f 270 	1228 	280
f 794 	1229 	671
f 1217 	1089 	1085
f 1227 	284 	885
f 1212 	1217 	1085
f 671 	1229 	672
f 672 	1231 	690
f 554 	1227 	885
f 1227 	1232 	284
f 280 	1228 	1226
f 1197 	1024 	1022
f 1245 	1232 	1227
f 1230 	1233 	310
f 1221 	1164 	1173
f 1228 	1234 	1226
f 1144 	1065 	1235
f 1233 	1089 	326
f 1065 	1238 	1235
f 1229 	1231 	672
f 1236 	1164 	1221
f 1231 	1240 	690
f 563 	1242 	554
f 1238 	1241 	1235
f 1230 	1239 	1243
f 1242 	1227 	554
f 690 	1240 	694
f 1239 	1261 	1243
f 1242 	1245 	1227
f 1230 	1243 	1233
f 1162 	1215 	1022
f 1244 	1238 	1079
f 1233 	1111 	1089
f 1232 	1248 	1237
f 1246 	1229 	794
f 1238 	1250 	1241
f 1233 	1243 	1111
f 338 	1253 	341
f 1245 	1248 	1232
f 1244 	1250 	1238
f 1151 	1222 	1220
f 1488 	1252 	1255
f 1248 	1179 	1237
f 1251 	1253 	338
f 1220 	1149 	1151
f 1252 	985 	1255
f 1159 	1257 	1249
f 1225 	1226 	1256
f 1253 	1141 	341
f 1352 	985 	1252
f 794 	708 	1246
f 1237 	1179 	1171
f 1488 	1255 	1239
f 1246 	1259 	1229
f 1249 	1258 	1254
f 1261 	1239 	1255
f 1226 	1234 	1274
f 993 	1244 	1100
f 1256 	1226 	1274
f 872 	993 	1100
f 563 	1260 	1242
f 993 	995 	1244
f 1257 	1258 	1249
f 1242 	1262 	1245
f 1234 	1263 	1274
f 1396 	1398 	1388
f 1260 	1262 	1242
f 1243 	1122 	1111
f 1261 	1122 	1243
f 1244 	995 	1250
f 1245 	1266 	1248
f 1247 	1265 	1251
f 1251 	1267 	1253
f 1234 	1264 	1263
f 1224 	1222 	1339
f 995 	1094 	1250
f 1265 	1267 	1251
f 1262 	1266 	1245
f 1161 	1268 	1257
f 1253 	1061 	1141
f 1172 	1268 	1161
f 1261 	1255 	991
f 1266 	1185 	1248
f 1253 	1267 	1061
f 1257 	1270 	1258
f 985 	991 	1255
f 1266 	524 	1185
f 991 	723 	1261
f 486 	524 	1266
f 1134 	1269 	1080
f 1261 	723 	1122
f 1248 	1185 	1179
f 1268 	1270 	1257
f 800 	1057 	1273
f 1269 	1221 	1498
f 1270 	1312 	1258
f 1259 	1231 	1229
f 1221 	1269 	1134
f 564 	1260 	570
f 1312 	1303 	1258
f 578 	564 	570
f 1286 	1272 	1175
f 335 	1276 	290
f 1172 	728 	1268
f 1267 	1265 	1071
f 1260 	529 	1262
f 290 	1276 	1277
f 1286 	1181 	1278
f 726 	728 	1172
f 728 	727 	1268
f 564 	529 	1260
f 1196 	1278 	1181
f 727 	1270 	1268
f 529 	486 	1262
f 1271 	1071 	1265
f 1071 	1076 	1267
f 1262 	486 	1266
f 1140 	1278 	1196
f 1277 	1276 	1280
f 1279 	1280 	1276
f 1267 	1076 	1061
f 1057 	1287 	1273
f 1282 	1086 	1271
f 534 	1309 	535
f 1287 	1057 	1070
f 535 	1309 	1283
f 535 	1283 	531
f 1272 	1286 	1284
f 735 	1285 	731
f 1282 	1408 	1030
f 537 	1291 	538
f 705 	1189 	737
f 1280 	1279 	1290
f 1289 	1290 	1279
f 1286 	1278 	1299
f 1291 	1309 	538
f 538 	1309 	534
f 737 	1189 	1296
f 1284 	1286 	1299
f 1291 	537 	539
f 1291 	539 	599
f 1138 	1299 	1278
f 1236 	1311 	1164
f 1307 	1285 	1294
f 772 	1180 	1281
f 1138 	1278 	1140
f 733 	1296 	735
f 735 	1296 	1285
f 733 	737 	1296
f 1231 	1275 	1240
f 1285 	1296 	1294
f 1290 	1289 	1298
f 1293 	1298 	1289
f 1296 	1189 	1210
f 1320 	1264 	1288
f 1231 	1259 	1275
f 1275 	1515 	1240
f 1531 	1290 	1298
f 630 	1374 	1301
f 1288 	1302 	1320
f 1294 	1296 	1210
f 1258 	1303 	1254
f 1285 	1307 	1323
f 1254 	1303 	1300
f 1303 	1308 	1301
f 1303 	1301 	1300
f 1304 	1391 	1292
f 1323 	1307 	1334
f 1301 	641 	630
f 708 	730 	1246
f 1288 	1304 	1302
f 1308 	641 	1301
f 1246 	1120 	1259
f 1334 	1307 	1305
f 1298 	1099 	1103
f 1283 	1309 	1306
f 1246 	730 	1120
f 1308 	1303 	1313
f 1312 	1313 	1303
f 1120 	1123 	1259
f 1309 	1291 	616
f 1099 	1298 	1293
f 641 	1308 	651
f 1299 	1138 	1331
f 1259 	1123 	1275
f 1103 	848 	1298
f 1335 	1292 	1314
f 1311 	1295 	1329
f 1313 	651 	1308
f 1123 	1129 	1275
f 1270 	847 	1312
f 1294 	1210 	1207
f 557 	1314 	1292
f 1310 	1311 	1329
f 727 	847 	1270
f 1295 	1315 	1329
f 1313 	1312 	826
f 847 	826 	1312
f 1138 	869 	1331
f 1537 	1314 	557
f 826 	668 	1313
f 1298 	848 	1531
f 1313 	668 	651
f 1317 	1326 	1459
f 1318 	265 	1146
f 1294 	1319 	1307
f 1263 	1536 	1530
f 1223 	1318 	1146
f 1307 	1319 	1305
f 1295 	1316 	1315
f 829 	1328 	679
f 1318 	1219 	1321
f 1316 	1433 	1315
f 1320 	1263 	1264
f 1219 	1318 	1223
f 1284 	1322 	1297
f 1328 	829 	1323
f 833 	1323 	829
f 1299 	1322 	1284
f 1299 	1331 	1322
f 1324 	1195 	1310
f 1536 	1263 	1320
f 834 	1285 	1323
f 834 	1323 	833
f 731 	1285 	834
f 1207 	1319 	1294
f 1310 	1347 	1324
f 1320 	1302 	1532
f 1465 	1319 	1207
f 1318 	1340 	265
f 1340 	271 	265
f 1401 	1330 	380
f 1310 	1329 	1347
f 1332 	1318 	1321
f 1317 	1333 	1326
f 1327 	1328 	1334
f 1401 	1214 	1330
f 1323 	1334 	1328
f 1332 	1321 	1477
f 1292 	1335 	1304
f 1330 	1336 	380
f 430 	1322 	1331
f 1304 	1335 	1302
f 1306 	1309 	616
f 1321 	1479 	1477
f 430 	1331 	878
f 616 	1291 	592
f 1337 	702 	1327
f 1151 	1339 	1222
f 239 	519 	382
f 226 	1335 	1314
f 1341 	1337 	1334
f 1327 	1334 	1337
f 244 	1353 	1315
f 239 	382 	1336
f 1341 	1334 	1305
f 1340 	1318 	1332
f 1283 	1343 	1199
f 227 	1335 	226
f 1214 	1224 	1345
f 1149 	1344 	1151
f 1199 	1343 	1209
f 360 	1324 	376
f 1343 	1283 	1306
f 1157 	1344 	1149
f 1332 	1346 	1338
f 1344 	1348 	1151
f 274 	1314 	1537
f 1209 	1343 	1342
f 1340 	1332 	1338
f 1214 	1345 	1330
f 907 	908 	1344
f 226 	1314 	274
f 1339 	1151 	1348
f 1330 	1349 	1336
f 1339 	1373 	1358
f 1347 	376 	1324
f 1345 	1349 	1330
f 573 	1350 	1168
f 263 	1336 	1349
f 1344 	1157 	907
f 1351 	1338 	1346
f 1541 	1338 	1351
f 1347 	842 	376
f 527 	251 	1252
f 1352 	1252 	251
f 1348 	1344 	908
f 1169 	1168 	1350
f 1315 	1353 	1329
f 1351 	1346 	1449
f 1329 	1353 	1347
f 263 	239 	1336
f 908 	1154 	1348
f 1169 	1355 	1176
f 1306 	616 	615
f 1357 	1369 	353
f 1442 	219 	1351
f 219 	1541 	1351
f 1224 	1339 	1358
f 1353 	842 	1347
f 1352 	251 	1356
f 251 	1354 	1356
f 353 	1066 	1357
f 1356 	996 	1352
f 1350 	1355 	1169
f 844 	842 	1353
f 1358 	1345 	1224
f 1306 	1359 	1343
f 1352 	996 	985
f 1343 	1359 	1342
f 1345 	1361 	1349
f 1342 	1359 	1467
f 1358 	1361 	1345
f 1364 	608 	1360
f 1365 	1350 	573
f 1356 	1354 	1366
f 1363 	1366 	1354
f 324 	1367 	327
f 1366 	916 	1356
f 1325 	1326 	1333
f 573 	601 	1365
f 1365 	1368 	1350
f 1317 	1381 	1333
f 1362 	1367 	324
f 1367 	1371 	327
f 1350 	1368 	1355
f 379 	1370 	1360
f 1503 	1372 	1363
f 379 	1369 	1370
f 1372 	1374 	1366
f 1372 	1366 	1363
f 1370 	1375 	1360
f 1366 	928 	916
f 1371 	335 	327
f 1374 	928 	1366
f 480 	1365 	601
f 1276 	335 	1371
f 684 	223 	1325
f 1348 	1373 	1339
f 1377 	1046 	1379
f 1365 	482 	1368
f 1373 	1378 	1358
f 1325 	1333 	687
f 480 	482 	1365
f 615 	1359 	1306
f 1373 	1159 	1378
f 1372 	1300 	1374
f 1301 	1374 	1300
f 684 	1325 	687
f 482 	483 	1368
f 687 	1333 	689
f 1358 	1378 	1361
f 1359 	615 	840
f 700 	1382 	957
f 1144 	1235 	1362
f 1360 	1375 	1364
f 1362 	1235 	1383
f 1337 	1382 	700
f 1364 	366 	344
f 459 	1153 	1393
f 1367 	1362 	1383
f 1382 	1337 	1384
f 366 	1364 	1375
f 1395 	1377 	1379
f 1333 	1381 	689
f 459 	1393 	1380
f 1341 	1384 	1337
f 1378 	340 	1361
f 345 	353 	1369
f 1367 	1383 	1385
f 1357 	1386 	1369
f 1382 	1387 	957
f 689 	1381 	692
f 1348 	1154 	1373
f 957 	1387 	971
f 1367 	1385 	1371
f 1371 	1279 	1276
f 1369 	1386 	1370
f 1382 	1384 	1387
f 1405 	1414 	1420
f 1380 	1391 	1389
f 1154 	1159 	1373
f 1386 	1392 	1370
f 1371 	1385 	1279
f 1249 	1378 	1159
f 1386 	1208 	1392
f 1376 	1311 	1236
f 224 	1384 	1529
f 340 	1378 	1249
f 1241 	1383 	1235
f 1380 	1393 	1391
f 971 	1387 	1050
f 1376 	1295 	1311
f 1241 	1394 	1383
f 1377 	1395 	1376
f 1247 	336 	1388
f 1393 	639 	1391
f 1394 	1385 	1383
f 1527 	288 	1387
f 1385 	1289 	1279
f 300 	1047 	288
f 1376 	1395 	1295
f 1247 	1388 	1398
f 1370 	1392 	1375
f 1398 	1265 	1247
f 1394 	1289 	1385
f 1392 	1401 	1375
f 1395 	1316 	1295
f 1398 	1396 	1402
f 1400 	1402 	1396
f 1241 	1250 	1403
f 1390 	1404 	1399
f 1402 	1271 	1398
f 1395 	1379 	1405
f 1205 	1386 	1357
f 1398 	1271 	1265
f 1403 	1394 	1241
f 1395 	1405 	1316
f 1403 	1293 	1394
f 1390 	1406 	1404
f 1400 	1407 	1402
f 1408 	1402 	1407
f 1250 	1094 	1403
f 1402 	1282 	1271
f 1403 	1099 	1293
f 1402 	1408 	1282
f 1406 	1409 	1404
f 1405 	1420 	1316
f 1205 	1208 	1386
f 824 	1406 	767
f 1208 	1214 	1392
f 1353 	244 	1410
f 1394 	1293 	1289
f 247 	1410 	244
f 1408 	1407 	1174
f 1171 	1174 	1407
f 1409 	1406 	824
f 1392 	1214 	1401
f 1353 	1410 	844
f 1051 	1412 	1379
f 837 	1409 	824
f 1216 	1412 	1051
f 1216 	1414 	1412
f 1317 	1399 	1381
f 283 	1415 	294
f 1399 	1404 	1417
f 1403 	1094 	1099
f 1397 	1413 	1411
f 1417 	1381 	1399
f 283 	325 	1415
f 1405 	1379 	1412
f 1297 	1428 	1416
f 1393 	640 	639
f 1413 	1272 	1437
f 1404 	1409 	761
f 1322 	1428 	1297
f 1418 	1346 	1332
f 1417 	1404 	761
f 1415 	1430 	1419
f 1389 	1391 	1304
f 1389 	1304 	1288
f 430 	1428 	1322
f 748 	1409 	837
f 1411 	1413 	1437
f 297 	1421 	299
f 748 	837 	750
f 639 	1292 	1391
f 1422 	1432 	1484
f 1419 	1421 	297
f 1437 	1272 	1284
f 692 	1381 	1417
f 557 	1292 	639
f 1421 	302 	299
f 1176 	1355 	1423
f 443 	1416 	1424
f 692 	1417 	696
f 1397 	1425 	305
f 1426 	1415 	325
f 443 	1424 	469
f 1176 	1423 	1184
f 1184 	1427 	1186
f 696 	1417 	761
f 305 	1425 	304
f 1416 	387 	1424
f 1425 	1397 	1411
f 1412 	1414 	1405
f 1418 	1449 	1346
f 1423 	1427 	1184
f 1425 	1448 	304
f 1427 	374 	1186
f 1418 	1431 	1449
f 374 	1427 	381
f 1438 	381 	1427
f 1316 	1420 	1433
f 1416 	1428 	387
f 1186 	374 	1191
f 374 	259 	1191
f 1418 	1432 	1431
f 1428 	430 	440
f 1426 	1430 	1415
f 1451 	1105 	522
f 1355 	1434 	1423
f 1432 	1422 	1192
f 1430 	1436 	1419
f 244 	1315 	1433
f 1355 	1368 	1434
f 1105 	1451 	1443
f 1434 	1438 	1423
f 387 	1428 	440
f 1431 	1432 	1192
f 1411 	1437 	1435
f 1419 	1436 	1421
f 1423 	1438 	1427
f 392 	469 	1424
f 1192 	1422 	1170
f 1439 	732 	738
f 1462 	235 	1429
f 1437 	1284 	1297
f 738 	883 	1439
f 1436 	308 	1421
f 469 	392 	1153
f 1170 	1422 	1173
f 409 	1424 	387
f 1297 	1435 	1437
f 392 	1424 	409
f 1105 	1443 	1101
f 308 	1436 	327
f 1368 	483 	1434
f 1439 	1440 	732
f 1101 	1443 	1429
f 1442 	1351 	1445
f 1434 	487 	1438
f 1421 	308 	302
f 1444 	601 	591
f 304 	1448 	323
f 483 	487 	1434
f 480 	601 	1444
f 395 	381 	1438
f 331 	1447 	1426
f 1429 	1443 	1441
f 487 	395 	1438
f 1425 	1455 	1448
f 341 	1447 	331
f 1446 	1400 	1509
f 1447 	1450 	1426
f 1351 	1449 	1445
f 431 	323 	1448
f 883 	284 	1439
f 1444 	344 	480
f 1452 	1449 	1431
f 431 	1448 	407
f 1364 	344 	1444
f 1439 	1453 	1440
f 1426 	1450 	1430
f 1445 	1449 	1452
f 1439 	284 	1453
f 1411 	1455 	1425
f 1469 	1443 	1451
f 1453 	1457 	1440
f 324 	1436 	1430
f 1455 	1411 	1435
f 1190 	1452 	1431
f 1453 	1237 	1457
f 300 	312 	1047
f 1456 	1047 	312
f 1143 	1380 	1454
f 1450 	324 	1430
f 407 	1448 	1455
f 1440 	1457 	1446
f 324 	327 	1436
f 1457 	1407 	1446
f 1493 	1456 	1495
f 312 	1495 	1456
f 767 	1469 	1451
f 1457 	1171 	1407
f 1447 	341 	1141
f 1455 	1435 	443
f 1228 	460 	1458
f 1446 	1407 	1400
f 1442 	1445 	363
f 1447 	1144 	1450
f 407 	1455 	443
f 1141 	1144 	1447
f 1462 	249 	235
f 1144 	1362 	1450
f 1461 	1108 	1463
f 1416 	1435 	1297
f 460 	1460 	1458
f 1445 	1452 	355
f 1462 	1429 	1441
f 1453 	1232 	1237
f 1450 	1362 	324
f 1464 	1460 	1454
f 249 	1462 	1459
f 1416 	443 	1435
f 355 	1452 	238
f 1237 	1171 	1457
f 1458 	1460 	1464
f 1225 	1466 	1463
f 1462 	1441 	1486
f 1454 	1380 	1389
f 1452 	1190 	238
f 1256 	1466 	1225
f 1464 	1454 	1389
f 1459 	1462 	1486
f 1207 	1215 	1482
f 1228 	1458 	1234
f 1177 	1479 	1219
f 1467 	1476 	1342
f 1468 	1461 	1463
f 1441 	1390 	1486
f 1207 	1482 	1465
f 1458 	1464 	1264
f 1443 	1469 	1441
f 1264 	1234 	1458
f 1463 	1466 	1471
f 1463 	1471 	1468
f 1177 	1470 	1479
f 1194 	1472 	1206
f 1466 	1473 	1471
f 1464 	1288 	1264
f 840 	1467 	1359
f 1206 	1472 	230
f 1482 	1215 	1162
f 1472 	1194 	360
f 1473 	1466 	1256
f 1288 	1464 	1389
f 1441 	1469 	1390
f 1414 	1474 	1420
f 1193 	1269 	1470
f 395 	1475 	403
f 1342 	1476 	1218
f 507 	1475 	395
f 1218 	1476 	1414
f 1469 	767 	1406
f 1490 	1256 	1274
f 1472 	360 	1481
f 403 	1475 	427
f 1478 	427 	1475
f 1414 	1476 	1474
f 1479 	1321 	1219
f 1476 	1467 	1483
f 427 	1478 	1230
f 1406 	1390 	1469
f 1465 	1482 	1480
f 1530 	1490 	1274
f 1474 	1476 	1483
f 1482 	1162 	1175
f 1326 	261 	1459
f 1484 	1479 	1470
f 427 	1230 	310
f 1477 	1479 	1484
f 1521 	1468 	1471
f 1483 	1467 	852
f 1175 	1480 	1482
f 1487 	245 	230
f 515 	1488 	1478
f 515 	1478 	1475
f 1523 	1420 	1474
f 1472 	1487 	230
f 225 	1397 	305
f 1470 	1269 	1498
f 1487 	1472 	1481
f 1465 	1489 	1525
f 1486 	1317 	1459
f 1239 	1230 	1478
f 1484 	1470 	1498
f 1256 	1490 	1473
f 1525 	1489 	225
f 1239 	1478 	1488
f 245 	1487 	1485
f 1489 	1465 	1480
f 527 	1252 	515
f 1486 	1390 	1399
f 1397 	225 	1489
f 388 	1487 	1481
f 1488 	515 	1252
f 1477 	1418 	1332
f 1317 	1486 	1399
f 1483 	852 	771
f 1489 	1480 	1413
f 1491 	744 	694
f 1485 	1487 	388
f 1489 	1413 	1397
f 1492 	347 	1113
f 1477 	1484 	1432
f 1418 	1477 	1432
f 901 	1481 	375
f 1272 	1413 	1480
f 1113 	716 	1492
f 1240 	1491 	694
f 1494 	892 	1088
f 1492 	1496 	347
f 1491 	1497 	744
f 388 	1481 	901
f 892 	1494 	402
f 1480 	1175 	1272
f 1494 	1088 	1513
f 548 	266 	1485
f 1499 	263 	1349
f 1513 	1088 	1124
f 559 	1485 	388
f 1496 	351 	347
f 1422 	1484 	1498
f 548 	1485 	559
f 1496 	1388 	351
f 752 	745 	1501
f 1499 	1349 	1361
f 1498 	1221 	1173
f 1493 	1495 	1504
f 1493 	1504 	1500
f 1497 	1501 	745
f 1388 	356 	351
f 1422 	1498 	1173
f 1501 	516 	752
f 716 	732 	1505
f 1468 	1502 	1461
f 1501 	467 	516
f 1506 	402 	1494
f 716 	1505 	1492
f 1503 	1363 	264
f 241 	1500 	1508
f 1504 	1508 	1500
f 1505 	1509 	1492
f 1494 	1510 	1506
f 1504 	1512 	1508
f 1495 	1514 	1504
f 340 	1499 	1361
f 441 	1511 	445
f 1514 	1495 	540
f 1505 	1446 	1509
f 1514 	540 	422
f 1275 	1129 	1515
f 340 	1516 	1499
f 1492 	1509 	1496
f 1124 	1502 	1513
f 1504 	1514 	1512
f 1507 	1511 	441
f 1496 	1396 	1388
f 1510 	1494 	1513
f 1499 	1516 	1503
f 1514 	1133 	1512
f 1515 	1491 	1240
f 1511 	709 	445
f 1496 	1509 	1396
f 1516 	1372 	1503
f 1513 	1502 	1517
f 1514 	422 	1133
f 1505 	732 	1440
f 1510 	1513 	1517
f 1491 	1518 	1497
f 1508 	1512 	460
f 1517 	1502 	1519
f 460 	270 	1508
f 1505 	1440 	1446
f 1254 	1516 	340
f 1460 	1512 	1133
f 1515 	1518 	1491
f 445 	709 	1001
f 340 	1249 	1254
f 1502 	1468 	1519
f 1460 	460 	1512
f 1280 	1520 	1277
f 1516 	1300 	1372
f 1509 	1400 	1396
f 1493 	1287 	1070
f 1273 	228 	1281
f 1518 	463 	1497
f 1277 	1520 	1507
f 1300 	1516 	1254
f 1521 	1519 	1468
f 228 	1273 	1287
f 1507 	1522 	1511
f 1493 	1500 	1287
f 1473 	1524 	1471
f 1520 	1522 	1507
f 1341 	1305 	1529
f 1287 	1500 	228
f 1471 	1524 	1521
f 1420 	1523 	1433
f 1529 	1384 	1341
f 1511 	577 	709
f 1524 	1473 	282
f 234 	1281 	228
f 463 	1501 	1497
f 1305 	1525 	1529
f 1281 	234 	772
f 1319 	1525 	1305
f 463 	467 	1501
f 1290 	1526 	1280
f 220 	1483 	771
f 1525 	1319 	1465
f 566 	1510 	1517
f 1280 	1526 	1520
f 1517 	1519 	566
f 1520 	950 	1522
f 1384 	1527 	1387
f 1519 	1521 	566
f 1129 	1528 	1515
f 1433 	1523 	248
f 1527 	1384 	224
f 1528 	1518 	1515
f 244 	1433 	248
f 1520 	1526 	950
f 1518 	471 	463
f 950 	954 	1522
f 1523 	222 	248
f 1274 	1263 	1530
f 1528 	471 	1518
f 1483 	220 	1474
f 1474 	220 	1523
f 1290 	1531 	1526
f 1529 	1525 	225
f 1528 	373 	471
f 1523 	220 	222
f 1526 	961 	950
f 224 	1529 	225
f 961 	1526 	1531
f 1532 	1536 	1320
f 848 	851 	1531
f 553 	505 	1533
f 1050 	1387 	288
f 505 	1534 	1533
f 1490 	282 	1473
f 1527 	224 	291
f 255 	1539 	647
f 285 	1490 	1530
f 288 	1527 	291
f 258 	1534 	505
f 282 	1490 	285
f 1535 	1539 	255
f 1530 	293 	285
f 271 	1535 	255
f 1535 	271 	1338
f 1536 	293 	1530
f 766 	742 	1538
f 1537 	567 	1540
f 1536 	1532 	296
f 1539 	742 	647
f 293 	1536 	296
f 1532 	298 	296
f 227 	1532 	1302
f 227 	298 	1532
f 1338 	1541 	1535
f 766 	1538 	1542
f 1535 	1543 	1539
f 1335 	227 	1302
f 1539 	1543 	1538
f 1543 	1535 	1541
f 219 	1543 	1541
f 246 	274 	1540
f 1533 	1544 	561
f 561 	1544 	1540
f 462 	1542 	502
f 1538 	221 	1542
f 1543 	221 	1538
f 221 	502 	1542
f 258 	261 	1534
f 221 	470 	502
f 261 	1545 	1534
f 221 	1543 	219
f 1540 	1546 	246
f 1544 	1546 	1540
f 1534 	1547 	1533
f 1533 	1547 	1544
f 1547 	1534 	1545
f 1547 	1545 	223
f 1548 	1547 	223
f 1545 	1325 	223
f 1545 	261 	1326
f 1325 	1545 	1326
f 1544 	1548 	1546
f 1547 	1548 	1544
f 1546 	1548 	361
f 1548 	223 	365
f 365 	361 	1548
f 684 	365 	223
# 2656 faces

 #end of obj_2

o obj_3
v -106.011 		-38.7 		15.72
v -106.011 		-42.7 		15.72
v 39 		-59 		17.003
v 32.433 		-59 		16.94
v -106.3 		-38.7 		13.897
v 25.928 		-59 		16.753
v 19.55 		-59 		16.443
v 13.359 		-59 		16.013
v 7.415 		-59 		15.467
v 1.775 		-59 		14.811
v -3.506 		-59 		14.051
v -8.378 		-59 		13.193
v -12.794 		-59 		12.248
v -16.711 		-59 		11.223
v -20.091 		-59 		10.128
v -22.902 		-59 		8.974
v -25.117 		-59 		7.773
v -26.715 		-59 		6.535
v -27.68 		-59 		5.272
v -28.0025 		-59 		4
v 39 		-59 		24
v -28.003 		-59 		24
v -100.752 		-59 		19.569
v -100.698 		-59 		19.605
v -100.649 		-59 		19.648
v -100.605 		-59 		19.698
v -100.569 		-59 		19.752
v -101.002 		-59 		19.502
v -100.937 		-59 		19.506
v -100.873 		-59 		19.519
v -106.3 		-42.7 		13.897
v -106.3 		-38.7 		7.997
v -106.011 		-38.7 		12.074
v -106.011 		-42.7 		12.074
v -98.577 		-42.7 		19.508
v -100.4 		-42.7 		19.797
v -102.223 		-42.7 		19.508
v -103.868 		-42.7 		18.67
v -98.577 		-38.7 		19.508
v -100.4 		-38.7 		19.797
v -102.223 		-38.7 		19.508
v -103.868 		-38.7 		18.67
v -102 		-42.7 		16.598
v -101.824 		-42.7 		16.6452
v -103.098 		-42.7 		15.5
v -103.4963 		-42.7 		14.0137
v -105.173 		-42.7 		17.365
v -105.173 		-38.7 		17.365
v -100.811 		-59 		19.54
v -103.5 		-42.7 		14
v -103.4014 		-42.7 		13.632
v -101.435 		-59 		19.752
v -101.399 		-59 		19.698
v -101.356 		-59 		19.648
v -99 		-42.7 		16.598
v -101.307 		-59 		19.605
v -100.4864 		-43.5 		17
v -100.5 		-43.5 		17
v -100.4864 		-43.5 		16.9964
v -100.5 		-42.7 		17
v -101.252 		-59 		19.569
v -100.5146 		-43.5 		17
v -101.194 		-59 		19.54
v -100.5146 		-43.5 		16.9961
v -101.132 		-59 		19.519
v -101.068 		-59 		19.506
v -100.54 		-59 		19.811
v -100.519 		-59 		19.873
v -100.506 		-59 		19.937
v -100.502 		-59 		20.002
v -100.506 		-59 		20.067
v -100.519 		-59 		20.132
v -100.54 		-59 		20.194
v -100.569 		-59 		20.252
v -100.605 		-59 		20.307
v -100.649 		-59 		20.356
v -97.728 		-42.7 		14.8507
v -97.8664 		-42.7 		15.367
v -97.902 		-42.7 		15.5
v -103.098 		-42.7 		12.5
v -105.173 		-42.7 		10.429
v -105.173 		-38.7 		10.429
v -102 		-42.7 		11.402
v -101.824 		-42.7 		11.3548
v -100.5146 		-43.5 		11
v -100.5 		-43.5 		11
v -100.4864 		-43.5 		11
v -88.432 		-59 		13.502
v -88.498 		-59 		13.498
v -100.5146 		-43.5 		11.0039
v -88.368 		-59 		13.515
v -100.8831 		-42.7 		11.1027
v -100.5 		-42.7 		11
v -100.4864 		-43.5 		11.0036
v -99 		-42.7 		11.402
v -97.902 		-42.7 		12.5
v -97.8651 		-42.7 		12.6376
v -100.698 		-59 		20.399
v -100.752 		-59 		20.435
v -101.435 		-59 		20.252
v -101.464 		-59 		20.194
v -101.485 		-59 		20.132
v -101.498 		-59 		20.067
v -101.503 		-59 		20.002
v -101.498 		-59 		19.937
v -101.485 		-59 		19.873
v -101.464 		-59 		19.811
v -100.811 		-59 		20.464
v -100.873 		-59 		20.485
v -100.937 		-59 		20.498
v -101.002 		-59 		20.503
v -101.068 		-59 		20.498
v -101.132 		-59 		20.485
v -101.194 		-59 		20.464
v -101.252 		-59 		20.435
v -101.307 		-59 		20.399
v -101.356 		-59 		20.356
v -101.399 		-59 		20.307
v -97.728 		-42.7 		13.1493
v -103.868 		-42.7 		9.124
v -102.223 		-42.7 		8.286
v -100.4 		-42.7 		7.997
v -98.577 		-42.7 		8.286
v -88.306 		-59 		13.536
v -88.248 		-59 		13.565
v -88.193 		-59 		13.601
v -103.868 		-38.7 		9.124
v -102.223 		-38.7 		8.286
v -88.802 		-59 		13.601
v -100.4 		-38.7 		7.997
v -98.577 		-38.7 		8.286
v -88.748 		-59 		13.565
v -96.932 		-42.7 		18.67
v -96.932 		-38.7 		18.67
v -94.1 		-38.7 		16.397
v -95.627 		-38.7 		17.365
v -94.873 		-38.7 		16.275
v -95.031 		-38.7 		16.195
v -88.689 		-59 		13.536
v -97.5 		-42.7 		14
v -97.5986 		-42.7 		13.632
v -88.627 		-59 		13.515
v -88.563 		-59 		13.502
v -100.502 		-59 		24
v -95.627 		-42.7 		17.365
v -88.144 		-59 		13.644
v -94.1 		-42.7 		16.397
v -94.873 		-42.7 		16.275
v -95.031 		-42.7 		16.195
v -108 		-59 		19.502
v -88.101 		-59 		13.693
v -121 		-59 		24
v -88.065 		-59 		13.748
v -100.748 		-59 		7.565
v -100.693 		-59 		7.601
v -88.036 		-59 		13.806
v -100.644 		-59 		7.644
v -88.015 		-59 		13.868
v -100.601 		-59 		7.693
v -100.565 		-59 		7.748
v -88.002 		-59 		13.933
v -100.536 		-59 		7.806
v -100.515 		-59 		7.868
v -87.998 		-59 		13.998
v -100.502 		-59 		7.933
v -88.002 		-59 		14.063
v -88.015 		-59 		14.127
v -101.302 		-59 		7.601
v -101.248 		-59 		7.565
v -101.189 		-59 		7.536
v -101.127 		-59 		7.515
v -88.036 		-59 		14.189
v -101.063 		-59 		7.502
v -88.065 		-59 		14.248
v -100.998 		-59 		7.498
v -100.932 		-59 		7.502
v -88.101 		-59 		14.302
v -100.868 		-59 		7.515
v -91.6 		-42.7 		13.897
v -91.722 		-42.7 		14.67
v -92.077 		-42.7 		15.366
v -92.631 		-42.7 		15.92
v -93.327 		-42.7 		16.275
v -88.144 		-59 		14.352
v -91.722 		-38.7 		14.67
v -88.193 		-59 		14.395
v -91.6 		-38.7 		13.897
v -88.248 		-59 		14.431
v -92.077 		-38.7 		15.366
v -100.806 		-59 		7.536
v -88.306 		-59 		14.46
v -92.631 		-38.7 		15.92
v -88.368 		-59 		14.481
v -88.432 		-59 		14.494
v -101.498 		-59 		7.998
v -101.494 		-59 		7.933
v -88.498 		-59 		14.498
v -101.481 		-59 		7.868
v -101.46 		-59 		7.806
v -88.981 		-59 		14.127
v -101.431 		-59 		7.748
v -88.994 		-59 		14.063
v -101.395 		-59 		7.693
v -101.351 		-59 		7.644
v -88.998 		-59 		13.998
v -88.994 		-59 		13.933
v -88.981 		-59 		13.868
v -100.502 		-59 		8.063
v -100.515 		-59 		8.127
v -88.96 		-59 		13.806
v -100.536 		-59 		8.189
v -88.931 		-59 		13.748
v -100.565 		-59 		8.248
v -88.895 		-59 		13.693
v -100.601 		-59 		8.302
v -88.851 		-59 		13.644
v -100.644 		-59 		8.352
v -100.693 		-59 		8.395
v -100.748 		-59 		8.431
v -88.563 		-59 		14.494
v -100.502 		-59 		8.498
v -93.327 		-38.7 		16.275
v -100.998 		-59 		8.498
v -101.063 		-59 		8.494
v -101.127 		-59 		8.481
v -101.189 		-59 		8.46
v -101.248 		-59 		8.431
v -101.302 		-59 		8.395
v -95.627 		-42.7 		10.429
v -100.806 		-59 		8.46
v -88.627 		-59 		14.481
v -100.868 		-59 		8.481
v -95.031 		-42.7 		11.6
v -94.873 		-42.7 		11.519
v -100.932 		-59 		8.494
v -94.1 		-42.7 		11.397
v -101.351 		-59 		8.352
v -101.395 		-59 		8.302
v -101.431 		-59 		8.248
v -101.46 		-59 		8.189
v -101.481 		-59 		8.127
v -101.494 		-59 		8.063
v -88.689 		-59 		14.46
v -95.627 		-38.7 		10.429
v -94.1 		-38.7 		11.397
v -95.031 		-38.7 		11.6
v -94.873 		-38.7 		11.519
v -88.748 		-59 		14.431
v -107.805 		-59 		13.605
v -107.75 		-59 		13.569
v -88.802 		-59 		14.395
v -107.692 		-59 		13.54
v -88.851 		-59 		14.352
v -107.63 		-59 		13.519
v -88.895 		-59 		14.302
v -107.565 		-59 		13.506
v -88.931 		-59 		14.248
v -107.5 		-59 		13.502
v -107.435 		-59 		13.506
v -88.96 		-59 		14.189
v -107.371 		-59 		13.519
v -107.309 		-59 		13.54
v -90.503 		-46 		14
v -90.435 		-46 		14.251
v -90.251 		-46 		14.435
v -107.25 		-59 		13.569
v -107.196 		-59 		13.605
v -90 		-46 		13.498
v -90.251 		-46 		13.565
v -107.146 		-59 		13.648
v -90.435 		-46 		13.749
v -92.503 		-46 		14
v -107.103 		-59 		13.698
v -92.435 		-46 		14.251
v -92.251 		-46 		14.435
v -107.067 		-59 		13.752
v -93.327 		-42.7 		11.519
v -92 		-46 		14.503
v -92.631 		-42.7 		11.874
v -92.077 		-42.7 		12.428
v -91.722 		-42.7 		13.124
v -107.038 		-59 		13.811
v -91.749 		-46 		14.435
v -107.017 		-59 		13.873
v -92.1422 		-46 		16.4133
v -91.565 		-46 		14.251
v -107.004 		-59 		13.937
v -93.327 		-38.7 		11.519
v -107 		-59 		14.002
v -91.498 		-46 		14
v -107.004 		-59 		14.067
v -91.565 		-46 		13.749
v -107.017 		-59 		14.132
v -91.749 		-46 		13.565
v -107.038 		-59 		14.194
v -107.067 		-59 		14.252
v -107.103 		-59 		14.307
v -107.146 		-59 		14.356
v -107.196 		-59 		14.399
v -107.25 		-59 		14.435
v -107.309 		-59 		14.464
v -107.371 		-59 		14.485
v -107.435 		-59 		14.498
v -107.962 		-59 		13.811
v -107.933 		-59 		13.752
v -107.897 		-59 		13.698
v -107.854 		-59 		13.648
v -107.5 		-59 		14.503
v -107.565 		-59 		14.498
v -107.63 		-59 		14.485
v -107.692 		-59 		14.464
v -107.75 		-59 		14.435
v -107.805 		-59 		14.399
v -107.854 		-59 		14.356
v -107.897 		-59 		14.307
v -107.933 		-59 		14.252
v -92.631 		-38.7 		11.874
v -107.962 		-59 		14.194
v -92.077 		-38.7 		12.428
v -107.983 		-59 		14.132
v -91.722 		-38.7 		13.124
v -107.996 		-59 		14.067
v -108 		-59 		14.002
v -107.996 		-59 		13.937
v -96.932 		-42.7 		9.124
v -107.983 		-59 		13.873
v -96.932 		-38.7 		9.124
v -92 		-46 		13.498
v -92.251 		-46 		13.565
v -92.435 		-46 		13.749
v -94.503 		-46 		14
v -94.435 		-46 		14.251
v -94.251 		-46 		14.435
v -94 		-46 		14.503
v -93.749 		-46 		14.435
v -93.565 		-46 		14.251
v -93.498 		-46 		14
v -93.565 		-46 		13.749
v -93.749 		-46 		13.565
v -94 		-46 		13.498
v -94.251 		-46 		13.565
v -94.435 		-46 		13.749
v -96.503 		-46 		14
v -96.435 		-46 		14.251
v -96.251 		-46 		14.435
v -96 		-46 		14.503
v -95.749 		-46 		14.435
v -95.565 		-46 		14.251
v -95.498 		-46 		14
v -95.565 		-46 		13.749
v -95.749 		-46 		13.565
v -96 		-46 		13.498
v -96.251 		-46 		13.565
v -96.435 		-46 		13.749
v -113.807 		-59 		13.605
v -113.752 		-59 		13.569
v -113.694 		-59 		13.54
v -113.632 		-59 		13.519
v -113.568 		-59 		13.506
v -113.502 		-59 		13.502
v -113.437 		-59 		13.506
v -113.373 		-59 		13.519
v -113.311 		-59 		13.54
v -113.252 		-59 		13.569
v -113.198 		-59 		13.605
v -88.503 		-46 		14
v -88.435 		-46 		14.251
v -88.251 		-46 		14.435
v -88 		-46 		14.503
v -87.749 		-46 		14.435
v -87.565 		-46 		14.251
v -87.998 		-46 		15.9995
v -87.998 		-46 		15.997
v -87.498 		-46 		14
v -87.565 		-46 		13.749
v -87.749 		-46 		13.565
v -88 		-46 		13.498
v -94.435 		-59 		13.502
v -94.5 		-59 		13.498
v -94.37 		-59 		13.515
v -94.308 		-59 		13.536
v -88.251 		-46 		13.565
v -94.25 		-59 		13.565
v -88.435 		-46 		13.749
v -90 		-46 		14.503
v -94.195 		-59 		13.601
v -89.749 		-46 		14.435
v -89.565 		-46 		14.251
v -94.804 		-59 		13.601
v -89.498 		-46 		14
v -94.75 		-59 		13.565
v -89.565 		-46 		13.749
v -89.749 		-46 		13.565
v -94.691 		-59 		13.536
v -94.629 		-59 		13.515
v -94.565 		-59 		13.502
v -87.998 		-46 		12.002
v -87.998 		-46 		12.0005
v -94.146 		-59 		13.644
v -94.103 		-59 		13.693
v -86.268 		-46 		15
v -87 		-46 		15.732
v -94.067 		-59 		13.748
v -87 		-46 		12.268
v -86.268 		-46 		13
v -86 		-46 		14
v -94.038 		-59 		13.806
v -94.017 		-59 		13.868
v -94.004 		-59 		13.933
v -94 		-59 		13.998
v -94.004 		-59 		14.063
v -94.017 		-59 		14.127
v -94.038 		-59 		14.189
v -113.069 		-59 		13.752
v -94.067 		-59 		14.248
v -113.04 		-59 		13.811
v -94.103 		-59 		14.302
v -113.019 		-59 		13.873
v -94.146 		-59 		14.352
v -113.006 		-59 		13.937
v -94.195 		-59 		14.395
v -113.002 		-59 		14.002
v -113.006 		-59 		14.067
v -94.25 		-59 		14.431
v -113.019 		-59 		14.132
v -94.308 		-59 		14.46
v -111 		-44.7619 		14.503
v -110.749 		-44.7317 		14.435
v -94.37 		-59 		14.481
v -110.565 		-44.7096 		14.251
v -94.435 		-59 		14.494
v -94.5 		-59 		14.498
v -110.498 		-44.7015 		14
v -94.565 		-59 		14.494
v -94.629 		-59 		14.481
v -110.565 		-44.7096 		13.749
v -94.983 		-59 		14.127
v -110.749 		-44.7317 		13.565
v -94.996 		-59 		14.063
v -95 		-59 		13.998
v -94.996 		-59 		13.933
v -94.983 		-59 		13.868
v -111 		-44.7619 		13.498
v -94.962 		-59 		13.806
v -94.933 		-59 		13.748
v -94.897 		-59 		13.693
v -94.854 		-59 		13.644
v -113.04 		-59 		14.194
v -113.069 		-59 		14.252
v -113.502 		-59 		14.503
v -113.568 		-59 		14.498
v -113.149 		-59 		13.648
v -113.105 		-59 		13.698
v -113.105 		-59 		14.307
v -113.149 		-59 		14.356
v -113.198 		-59 		14.399
v -113.252 		-59 		14.435
v -113.311 		-59 		14.464
v -113.373 		-59 		14.485
v -113.437 		-59 		14.498
v -94.691 		-59 		14.46
v -94.75 		-59 		14.431
v -94.804 		-59 		14.395
v -94.854 		-59 		14.352
v -94.897 		-59 		14.302
v -94.933 		-59 		14.248
v -94.962 		-59 		14.189
v -100.502 		-69 		7.933
v -100.498 		-69 		7.998
v -100.502 		-69 		8.063
v -101.003 		-46 		10
v -100.935 		-46 		10.251
v -100.751 		-46 		10.435
v -100.5 		-46 		10.503
v -100.249 		-46 		10.435
v -100.065 		-46 		10.251
v -102.5 		-46 		11
v -113.985 		-59 		14.132
v -113.998 		-59 		14.067
v -114.003 		-59 		14.002
v -113.998 		-59 		13.937
v -113.985 		-59 		13.873
v -113.964 		-59 		13.811
v -113.935 		-59 		13.752
v -113.899 		-59 		13.698
v -113.856 		-59 		13.648
v -113.632 		-59 		14.485
v -113.694 		-59 		14.464
v -113.752 		-59 		14.435
v -113.807 		-59 		14.399
v -113.856 		-59 		14.356
v -113.899 		-59 		14.307
v -113.935 		-59 		14.252
v -113.964 		-59 		14.194
v -107 		-59 		7.498
v -98.5 		-46 		11
v -102.5 		-46 		8
v -99.998 		-46 		10
v -100.065 		-46 		9.749
v -100.249 		-46 		9.565
v -100.5 		-46 		9.497
v -107.503 		-44.3411 		14
v -107.435 		-44.3329 		14.251
v -100.502 		-59 		4
v -121 		-59 		4
v -107.251 		-44.3107 		14.435
v -100.751 		-46 		9.565
v -100.935 		-46 		9.749
v -107 		-44.2805 		14.503
v -106.749 		-44.2503 		14.435
v -101.003 		-46 		8
v -100.935 		-46 		8.251
v -100.751 		-46 		8.435
v -100.5 		-46 		8.503
v -106.565 		-44.2282 		14.251
v -100.249 		-46 		8.435
v -100.065 		-46 		8.251
v -99.998 		-46 		8
v -106.498 		-44.2201 		14
v -100.065 		-46 		7.749
v -100.249 		-46 		7.565
v -100.5 		-46 		7.498
v -100.751 		-46 		7.565
v -100.935 		-46 		7.749
v -100.498 		-59 		7.998
v -106.565 		-44.2282 		13.749
v -106.749 		-44.2503 		13.565
v -88.432 		-69 		13.502
v -88.498 		-69 		13.498
v -88.368 		-69 		13.515
v -107 		-44.2805 		13.498
v -88.306 		-69 		13.536
v -88.248 		-69 		13.565
v -107.251 		-44.3107 		13.565
v -88.193 		-69 		13.601
v -94 		-59 		13.498
v -107.435 		-44.3329 		13.749
v -88.802 		-69 		13.601
v -109.503 		-44.5818 		14
v -109.435 		-44.5736 		14.251
v -88.748 		-69 		13.565
v -88.689 		-69 		13.536
v -109.251 		-44.5514 		14.435
v -88.627 		-69 		13.515
v -88.563 		-69 		13.502
v -109 		-44.5212 		14.503
v -108.749 		-44.491 		14.435
v -88.144 		-69 		13.644
v -88.101 		-69 		13.693
v -88.065 		-69 		13.748
v -88.036 		-69 		13.806
v -102.232 		-46 		7
v -101.5 		-46 		6.268
v -100.5 		-46 		6
v -88.015 		-69 		13.868
v -99.5 		-46 		6.268
v -98.768 		-46 		7
v -88.002 		-69 		13.933
v -98.5 		-46 		8
v -111 		-46 		14.503
v -110.749 		-46 		14.435
v -110.565 		-46 		14.251
v -87.998 		-69 		13.998
v -110.498 		-46 		14
v -110.565 		-46 		13.749
v -88.002 		-69 		14.063
v -110.749 		-46 		13.565
v -88.015 		-69 		14.127
v -108.565 		-44.4689 		14.251
v -111 		-46 		13.498
v -110.498 		-46 		11.7504
v -88.036 		-69 		14.189
v -88.065 		-69 		14.248
v -88.101 		-69 		14.302
v -108.498 		-44.4608 		14
v -88.144 		-69 		14.352
v -108.498 		-44.4608 		16.4495
v -88.193 		-69 		14.395
v -88.248 		-69 		14.431
v -108.565 		-44.4689 		13.749
v -88.306 		-69 		14.46
v -88.368 		-69 		14.481
v -108.749 		-44.491 		13.565
v -88.432 		-69 		14.494
v -107.503 		-46 		14
v -107.435 		-46 		14.251
v -107.251 		-46 		14.435
v -88.498 		-69 		14.498
v -107 		-46 		14.503
v -106.749 		-46 		14.435
v -106.565 		-46 		14.251
v -88.981 		-69 		14.127
v -109 		-44.5212 		13.498
v -106.498 		-46 		14
v -88.994 		-69 		14.063
v -109.251 		-44.5514 		13.565
v -88.998 		-69 		13.998
v -88.994 		-69 		13.933
v -109.435 		-44.5736 		13.749
v -88.981 		-69 		13.868
v -88.96 		-69 		13.806
v -106.565 		-46 		13.749
v -106.749 		-46 		13.565
v -88.931 		-69 		13.748
v -107 		-46 		13.498
v -88.895 		-69 		13.693
v -107.251 		-46 		13.565
v -107.435 		-46 		13.749
v -88.851 		-69 		13.644
v -109.503 		-46 		14
v -109.435 		-46 		14.251
v -109.251 		-46 		14.435
v -109 		-46 		14.503
v -108.749 		-46 		14.435
v -110.1224 		-46 		16.2864
v -88.563 		-69 		14.494
v -108.565 		-46 		14.251
v -108.498 		-46 		14
v -88.627 		-69 		14.481
v -108.565 		-46 		13.749
v -88.689 		-69 		14.46
v -108.749 		-46 		13.565
v -109 		-46 		13.498
v -88.748 		-69 		14.431
v -109.251 		-46 		13.565
v -109.435 		-46 		13.749
v -88.802 		-69 		14.395
v -88.851 		-69 		14.352
v -88.895 		-69 		14.302
v -88.931 		-69 		14.248
v -105.503 		-46 		14
v -105.435 		-46 		14.251
v -88.96 		-69 		14.189
v -105.251 		-46 		14.435
v -105 		-46 		14.503
v -104.749 		-46 		14.435
v -104.565 		-46 		14.251
v -104.498 		-46 		14
v -104.565 		-46 		13.749
v -104.749 		-46 		13.565
v -105 		-46 		13.498
v -105.251 		-46 		13.565
v -105.435 		-46 		13.749
v -103.0279 		-46 		11
v -113.503 		-46 		14
v -113.435 		-46 		14.251
v -113.251 		-46 		14.435
v -113 		-46 		14.503
v -112.749 		-46 		14.435
v -112.565 		-46 		14.251
v -113.003 		-46 		15.997
v -113.003 		-46 		15.9992
v -112.498 		-46 		14
v -112.565 		-46 		13.749
v -112.749 		-46 		13.565
v -113 		-46 		13.498
v -113.251 		-46 		13.565
v -113.435 		-46 		13.749
v -114 		-46 		15.732
v -114.732 		-46 		15
v -115 		-46 		14
v -113.003 		-46 		12.0008
v -113.003 		-46 		12.002
v -114.732 		-46 		13
v -114 		-46 		12.268
v -111.503 		-46 		14
v -111.435 		-46 		14.251
v -111.251 		-46 		14.435
v -111.251 		-46 		13.565
v -111.435 		-46 		13.749
v -88.998 		-59 		24
v -97.9731 		-46 		11
v -97.9831 		-46 		17
v -98.5 		-46 		20
v -98.768 		-46 		21
v -99.5 		-46 		21.732
v -98.5 		-46 		17
v -101.003 		-46 		20
v -100.935 		-46 		20.251
v -100.751 		-46 		20.435
v -100.5 		-46 		20.503
v -100.249 		-46 		20.435
v -100.065 		-46 		20.251
v -99.998 		-46 		20
v -100.5 		-46 		22
v 32.433 		-69 		16.94
v 39 		-69 		17.003
v 25.928 		-69 		16.753
v -101.5 		-46 		21.732
v -102.232 		-46 		21
v 19.55 		-69 		16.443
v 13.359 		-69 		16.013
v 7.415 		-69 		15.467
v -100.065 		-46 		19.749
v 1.775 		-69 		14.811
v -100.249 		-46 		19.565
v -3.506 		-69 		14.051
v -100.5 		-46 		19.498
v -8.378 		-69 		13.193
v -12.794 		-69 		12.248
v -100.751 		-46 		19.565
v -16.711 		-69 		11.223
v -100.935 		-46 		19.749
v -20.091 		-69 		10.128
v -22.902 		-69 		8.974
v -25.117 		-69 		7.773
v -100.751 		-46 		18.435
v -100.5 		-46 		18.503
v -100.249 		-46 		18.435
v -100.065 		-46 		18.251
v -99.998 		-46 		18
v -100.065 		-46 		17.749
v -26.715 		-69 		6.535
v -27.68 		-69 		5.272
v -28.0025 		-69 		4
v -102.5 		-46 		20
v -101.003 		-46 		18
v -100.935 		-46 		18.251
v 39 		-69 		24
v -100.752 		-69 		19.569
v -94.435 		-69 		13.502
v -100.698 		-69 		19.605
v -94.5 		-69 		13.498
v -100.649 		-69 		19.648
v -94.37 		-69 		13.515
v -100.065 		-45 		19.749
v -100.249 		-45 		19.565
v -94.308 		-69 		13.536
v -100.605 		-69 		19.698
v -100.5 		-45 		19.498
v -94.25 		-69 		13.565
v -100.569 		-69 		19.752
v -100.751 		-45 		19.565
v -94.195 		-69 		13.601
v -100.935 		-45 		19.749
v -100.937 		-69 		19.506
v -101.002 		-69 		19.502
v -100.873 		-69 		19.519
v -100.811 		-69 		19.54
v -94.804 		-69 		13.601
v -100.751 		-45 		18.435
v -100.5 		-45 		18.503
v -94.75 		-69 		13.565
v -101.435 		-69 		19.752
v -94.691 		-69 		13.536
v -100.249 		-45 		18.435
v -101.399 		-69 		19.698
v -94.629 		-69 		13.515
v -100.065 		-45 		18.251
v -101.356 		-69 		19.648
v -94.565 		-69 		13.502
v -99.998 		-45 		18
v -101.307 		-69 		19.605
v -100.065 		-45 		17.749
v -101.252 		-69 		19.569
v -101.194 		-69 		19.54
v -100.249 		-46 		17.565
v -101.132 		-69 		19.519
v -94.146 		-69 		13.644
v -101.068 		-69 		19.506
v -94.103 		-69 		13.693
v -100.5 		-46 		17.498
v -94.067 		-69 		13.748
v -100.751 		-46 		17.565
v -94.038 		-69 		13.806
v -100.935 		-46 		17.749
v -94.017 		-69 		13.868
v -94.004 		-69 		13.933
v -102.5 		-46 		17
v -94 		-69 		13.998
v -100.54 		-69 		19.811
v -103.0179 		-46 		17
v -94.004 		-69 		14.063
v -100.519 		-69 		19.873
v -94.017 		-69 		14.127
v -100.506 		-69 		19.937
v -100.502 		-69 		20.002
v -101.503 		-46 		14
v -101.368 		-46 		14.501
v -100.506 		-69 		20.067
v -101.001 		-46 		14.868
v -94.038 		-69 		14.189
v -100.519 		-69 		20.132
v -100.5 		-46 		15.003
v -100.54 		-69 		20.194
v -94.067 		-69 		14.248
v -100.569 		-69 		20.252
v -99.999 		-46 		14.868
v -94.103 		-69 		14.302
v -100.605 		-69 		20.307
v -99.632 		-46 		14.501
v -100.649 		-69 		20.356
v -94.146 		-69 		14.352
v -99.498 		-46 		14
v -100.698 		-69 		20.399
v -99.632 		-46 		13.499
v -94.195 		-69 		14.395
v -100.752 		-69 		20.435
v -99.999 		-46 		13.132
v -100.5 		-46 		12.998
v -94.25 		-69 		14.431
v -100.935 		-45 		18.251
v -101.003 		-45 		18
v -101.001 		-46 		13.132
v -101.435 		-69 		20.252
v -101.368 		-46 		13.499
v -94.308 		-69 		14.46
v -101.464 		-69 		20.194
v -101.485 		-69 		20.132
v -94.37 		-69 		14.481
v -101.498 		-69 		20.067
v -101.503 		-69 		20.002
v -94.435 		-69 		14.494
v -100.935 		-45 		17.749
v -101.498 		-69 		19.937
v -101.485 		-69 		19.873
v -94.5 		-69 		14.498
v -101.464 		-69 		19.811
v -94.565 		-69 		14.494
v -94.629 		-69 		14.481
v -100.811 		-69 		20.464
v -100.873 		-69 		20.485
v -100.937 		-69 		20.498
v -94.983 		-69 		14.127
v -101.002 		-69 		20.503
v -94.996 		-69 		14.063
v -101.068 		-69 		20.498
v -95 		-69 		13.998
v -101.132 		-69 		20.485
v -94.996 		-69 		13.933
v -101.194 		-69 		20.464
v -101.252 		-69 		20.435
v -94.983 		-69 		13.868
v -101.307 		-69 		20.399
v -94.962 		-69 		13.806
v -101.356 		-69 		20.356
v -94.933 		-69 		13.748
v -101.399 		-69 		20.307
v -94.897 		-69 		13.693
v -94.854 		-69 		13.644
v -97.9831 		-43.8013 		17
v -94.691 		-69 		14.46
v -107.805 		-69 		13.605
v -94.75 		-69 		14.431
v -100.502 		-69 		24
v -107.75 		-69 		13.569
v -121 		-69 		24
v -94.804 		-69 		14.395
v -107.692 		-69 		13.54
v -94.854 		-69 		14.352
v -98.5 		-45 		17
v -107.63 		-69 		13.519
v -94.897 		-69 		14.302
v -107.565 		-69 		13.506
v -94.933 		-69 		14.248
v -94.962 		-69 		14.189
v -107.5 		-69 		13.502
v -107.435 		-69 		13.506
v -107.371 		-69 		13.519
v -100.748 		-69 		7.565
v -99 		-43.6789 		16.598
v -107.309 		-69 		13.54
v -100.693 		-69 		7.601
v -107.25 		-69 		13.569
v -100.644 		-69 		7.644
v -100.601 		-69 		7.693
v -107.196 		-69 		13.605
v -100.565 		-69 		7.748
v -100.536 		-69 		7.806
v -100.515 		-69 		7.868
v -107.146 		-69 		13.648
v -101.302 		-69 		7.601
v -107.103 		-69 		13.698
v -101.248 		-69 		7.565
v -107.067 		-69 		13.752
v -101.189 		-69 		7.536
v -101.127 		-69 		7.515
v -107.038 		-69 		13.811
v -101.063 		-69 		7.502
v -107.017 		-69 		13.873
v -100.998 		-69 		7.498
v -100.932 		-69 		7.502
v -100.249 		-45 		17.565
v -107.004 		-69 		13.937
v -100.5 		-45 		17.498
v -100.868 		-69 		7.515
v -100.751 		-45 		17.565
v -107 		-69 		14.002
v -100.806 		-69 		7.536
v -107.004 		-69 		14.067
v -107.017 		-69 		14.132
v -101.498 		-69 		7.998
v -101.494 		-69 		7.933
v -101.481 		-69 		7.868
v -107.038 		-69 		14.194
v -101.46 		-69 		7.806
v -101.431 		-69 		7.748
v -107.067 		-69 		14.252
v -101.395 		-69 		7.693
v -101.351 		-69 		7.644
v -107.103 		-69 		14.307
v -107.146 		-69 		14.356
v -100.515 		-69 		8.127
v -107.196 		-69 		14.399
v -100.536 		-69 		8.189
v -107.25 		-69 		14.435
v -100.565 		-69 		8.248
v -103.0179 		-43.8013 		17
v -100.601 		-69 		8.302
v -102.5 		-45 		17
v -107.309 		-69 		14.464
v -100.644 		-69 		8.352
v -102 		-43.6788 		16.598
v -107.371 		-69 		14.485
v -100.693 		-69 		8.395
v -100.748 		-69 		8.431
v -107.435 		-69 		14.498
v -101.063 		-69 		8.494
v -100.998 		-69 		8.498
v -101.127 		-69 		8.481
v -101.189 		-69 		8.46
v -107.962 		-69 		13.811
v -101.248 		-69 		8.431
v -107.933 		-69 		13.752
v -107.897 		-69 		13.698
v -107.854 		-69 		13.648
v -101.302 		-69 		8.395
v -107.565 		-69 		14.498
v -107.5 		-69 		14.503
v -100.806 		-69 		8.46
v -100.868 		-69 		8.481
v -107.63 		-69 		14.485
v -100.932 		-69 		8.494
v -107.692 		-69 		14.464
v -101.351 		-69 		8.352
v -107.75 		-69 		14.435
v -101.395 		-69 		8.302
v -107.805 		-69 		14.399
v -101.431 		-69 		8.248
v -101.46 		-69 		8.189
v -107.854 		-69 		14.356
v -105.503 		-44.1004 		14
v -105.435 		-44.0922 		14.251
v -101.481 		-69 		8.127
v -101.494 		-69 		8.063
v -107.897 		-69 		14.307
v -105.251 		-44.07 		14.435
v -107.933 		-69 		14.252
v -105 		-44.0398 		14.503
v -107.962 		-69 		14.194
v -104.749 		-44.0096 		14.435
v -107.983 		-69 		14.132
v -103.098 		-43.8109 		15.5
v -107.996 		-69 		14.067
v -108 		-69 		14.002
v -107.996 		-69 		13.937
v -104.565 		-43.9875 		14.251
v -107.983 		-69 		13.873
v -104.498 		-43.9794 		14
v -104.565 		-43.9875 		13.749
v -113.807 		-69 		13.605
v -113.752 		-69 		13.569
v -113.694 		-69 		13.54
v -105.435 		-44.0922 		13.749
v -113.632 		-69 		13.519
v -113.568 		-69 		13.506
v -113.502 		-69 		13.502
v -113.437 		-69 		13.506
v -113.373 		-69 		13.519
v -113.311 		-69 		13.54
v -113.252 		-69 		13.569
v -113.198 		-69 		13.605
v -113.069 		-69 		13.752
v -113.04 		-69 		13.811
v -103.5 		-43.8593 		14
v -113.019 		-69 		13.873
v -113.006 		-69 		13.937
v -97.902 		-43.811 		15.5
v -113.002 		-69 		14.002
v -113.006 		-69 		14.067
v -113.019 		-69 		14.132
v -113.04 		-69 		14.194
v -113.069 		-69 		14.252
v -113.568 		-69 		14.498
v -113.502 		-69 		14.503
v -98.5 		-45 		11
v -100.935 		-45 		10.251
v -101.003 		-45 		10
v -100.751 		-45 		10.435
v -113.149 		-69 		13.648
v -100.5 		-45 		10.503
v -113.105 		-69 		13.698
v -100.249 		-45 		10.435
v -100.065 		-45 		10.251
v -113.105 		-69 		14.307
v -113.149 		-69 		14.356
v -113.198 		-69 		14.399
v -99.998 		-45 		10
v -113.252 		-69 		14.435
v -100.065 		-45 		9.749
v -100.249 		-45 		9.565
v -113.311 		-69 		14.464
v -113.373 		-69 		14.485
v -100.751 		-45 		9.565
v -113.437 		-69 		14.498
v -100.935 		-45 		9.749
v -113.985 		-69 		14.132
v -113.998 		-69 		14.067
v -114.003 		-69 		14.002
v -113.998 		-69 		13.937
v -113.985 		-69 		13.873
v -113.964 		-69 		13.811
v -113.935 		-69 		13.752
v -113.899 		-69 		13.698
v -113.856 		-69 		13.648
v -113.632 		-69 		14.485
v -113.694 		-69 		14.464
v -113.752 		-69 		14.435
v -113.807 		-69 		14.399
v -113.856 		-69 		14.356
v -97.9731 		-43.8025 		11
v -113.899 		-69 		14.307
v -113.935 		-69 		14.252
v -113.964 		-69 		14.194
v -99 		-43.6789 		11.402
v -97.902 		-43.811 		12.5
v -102.5 		-45 		11
v -103.0279 		-43.8025 		11
v -104.749 		-44.0096 		13.565
v -105 		-44.0398 		13.498
v -105.251 		-44.07 		13.565
v -103.098 		-43.8109 		12.5
v -102 		-43.6788 		11.402
v -98.5 		-45 		8
v -102.5 		-45 		8
v -100.5 		-45 		9.497
v -100.935 		-45 		8.251
v -101.003 		-45 		8
v -100.751 		-45 		8.435
v -121 		-69 		4
v -100.5 		-45 		8.503
v -100.249 		-45 		8.435
v -100.065 		-45 		8.251
v -99.998 		-45 		8
v -90.503 		-44.7015 		14
v -90.435 		-44.7097 		14.251
v -90.251 		-44.7318 		14.435
v -90 		-44.7621 		14.503
v -89.749 		-44.7923 		14.435
v -89.565 		-44.8144 		14.251
v -89.565 		-44.8144 		13.749
v -89.749 		-44.7923 		13.565
v -90 		-44.7621 		13.498
v -90.251 		-44.7318 		13.565
v -90.435 		-44.7097 		13.749
v -92.503 		-44.4608 		14
v -92.435 		-44.469 		14.251
v -92.251 		-44.4911 		14.435
v -92 		-44.5214 		14.503
v -91.749 		-44.5516 		14.435
v -91.565 		-44.5737 		14.251
v -91.498 		-44.5818 		14
v -91.565 		-44.5737 		13.749
v -91.749 		-44.5516 		13.565
v -92 		-44.5214 		13.498
v -92.251 		-44.4911 		13.565
v -92.435 		-44.469 		13.749
v -94.503 		-44.2201 		14
v -94.435 		-44.2283 		14.251
v -94.251 		-44.2504 		14.435
v -94 		-44.2806 		14.503
v -93.749 		-44.3109 		14.435
v -93.565 		-44.333 		14.251
v -93.498 		-44.3411 		14
v -93.565 		-44.333 		13.749
v -93.749 		-44.3109 		13.565
v -94 		-44.2806 		13.498
v -94.251 		-44.2504 		13.565
v -94.435 		-44.2283 		13.749
v -96.503 		-43.9794 		14
v -96.435 		-43.9876 		14.251
v -96.251 		-44.0097 		14.435
v -96 		-44.0399 		14.503
v -95.749 		-44.0702 		14.435
v -100.498 		-69 		8.306
v -95.565 		-44.0923 		14.251
v -94 		-69 		4
v -95.498 		-44.1004 		14
v -95.565 		-44.0923 		13.749
v -95.749 		-44.0702 		13.565
v -96 		-44.0399 		13.498
v -96.251 		-44.0097 		13.565
v -96.435 		-43.9876 		13.749
v -97.5 		-43.8594 		14
v -101.503 		-45.9 		14
v -101.368 		-45.9 		14.501
v -101.001 		-45.9 		14.868
v -100.5 		-45.9 		15.003
v -99.999 		-45.9 		14.868
v -99.632 		-45.9 		14.501
v -99.498 		-45.9 		14
v -99.5964 		-45.9 		13.632
v -99.632 		-45.9 		13.499
v -87.998 		-69 		24
v -99.999 		-45.9 		13.132
v -100.5 		-45.9 		12.998
v -83.8 		-38.7 		19.797
v -83.8 		-38.7 		7.997
v -83.8 		-34.4 		7.997
v -83.8 		-34.4 		14.4074
v -83.8 		-34.4 		19.797
v -101.001 		-45.9 		13.132
v -101.368 		-45.9 		13.499
v -88.503 		-44.9422 		14
v -88.435 		-44.9504 		14.251
v -101.4038 		-45.9 		13.632
v -88.251 		-44.9725 		14.435
v -79.1 		-34.4 		14.367
v -79.1 		-31.9 		14.367
v -79.1 		-31.9 		7.997
v -79.1 		-31.9 		13.3647
v -79.1 		-34.4 		13.3647
v -79.1 		-34.4 		7.997
v -88.251 		-44.9725 		13.565
v -79.1 		-31.9 		19.797
v -79.1 		-34.4 		19.797
v -88.435 		-44.9504 		13.749
v -100.065 		-45 		7.749
v -100.249 		-45 		7.565
v -89.498 		-44.8225 		14
v -100.5 		-45 		7.498
v -100.751 		-45 		7.565
v -100.935 		-45 		7.749
v -100.5 		-45 		6
v -101.5 		-45 		6.268
v -102.232 		-45 		7
v -98.768 		-45 		7
v -99.5 		-45 		6.268
v -87.998 		-45 		14.5025
v -87.749 		-45 		14.435
v -87.565 		-45 		14.251
v -87.998 		-45 		15.9995
v -87.498 		-45 		14
v -87.565 		-45 		13.749
v -106.3 		-16 		7.997
v -87.749 		-45 		13.565
v -106.3 		-34.4 		7.997
v -106.3 		-31.9 		7.997
v -111 		-31.9 		7.997
v -111 		-34.4 		7.997
v -87.998 		-45 		13.4985
v -87.998 		-45 		12.0005
v -83.8 		-16 		7.997
v -83.8 		-31.9 		7.997
v -87 		-45 		15.732
v -86.268 		-45 		15
v -86 		-45 		14
v -86.268 		-45 		13
v -87 		-45 		12.268
v -106.3 		-16 		19.797
v -83.8 		-16 		19.797
v -112.749 		-44.9724 		14.435
v -112.565 		-44.9503 		14.251
v -112.498 		-44.9422 		14
v -88 		-45.0028 		14.503
v -112.565 		-44.9503 		13.749
v -87.998 		-45.003 		14.5025
v -112.749 		-44.9724 		13.565
v -111.503 		-44.8225 		14
v -111.435 		-44.8143 		14.251
v -111.251 		-44.7921 		14.435
v -87.998 		-45.003 		15.997
v -111.251 		-44.7921 		13.565
v -111.435 		-44.8143 		13.749
v -87.998 		-45.003 		13.4985
v -88 		-45.0028 		13.498
v -113.435 		-45 		14.251
v -113.503 		-45 		14
v -113.251 		-45 		14.435
v -113.003 		-45 		14.5022
v -113.003 		-45 		15.9992
v -113.251 		-45 		13.565
v -113.003 		-45 		13.4988
v -113.435 		-45 		13.749
v -115 		-45 		14
v -114.732 		-45 		15
v -114 		-45 		15.732
v -113.003 		-45 		12.0008
v -114 		-45 		12.268
v -114.732 		-45 		13
v -87.998 		-45.003 		12.002
v -82.954 		-34.4 		13.545
v -82.989 		-34.4 		13.739
v -82.998 		-34.4 		13.935
v -82.94 		-34.4 		14.323
v -82.982 		-34.4 		14.131
v -80.0752 		-34.4 		14.3754
v -81.328 		-34.4 		12.416
v -81.135 		-34.4 		12.451
v -80.948 		-34.4 		12.511
v -80.771 		-34.4 		12.595
v -80.606 		-34.4 		12.701
v -80.456 		-34.4 		12.828
v -80.324 		-34.4 		12.973
v -80.212 		-34.4 		13.135
v -80.122 		-34.4 		13.31
v -113.003 		-45.003 		14.5022
v -80.0992 		-34.4 		13.3738
v -113 		-45.0026 		14.503
v -82.894 		-34.4 		13.358
v -82.81 		-34.4 		13.18
v -82.704 		-34.4 		13.015
v -82.577 		-34.4 		12.865
v -82.432 		-34.4 		12.733
v -113.003 		-45.003 		15.997
v -82.271 		-34.4 		12.621
v -82.096 		-34.4 		12.531
v -81.912 		-34.4 		12.464
v -81.72 		-34.4 		12.423
v -81.524 		-34.4 		12.406
v -80.102 		-34.4 		14.459
v -113 		-45.0026 		13.498
v -80.186 		-34.4 		14.637
v -80.292 		-34.4 		14.802
v -80.419 		-34.4 		14.952
v -80.564 		-34.4 		15.085
v -113.003 		-45.003 		13.4988
v -80.725 		-34.4 		15.197
v -80.9 		-34.4 		15.287
v -81.085 		-34.4 		15.353
v -81.276 		-34.4 		15.395
v -82.874 		-34.4 		14.508
v -113.003 		-45.003 		12.002
v -81.472 		-34.4 		15.411
v -81.668 		-34.4 		15.402
v -81.861 		-34.4 		15.367
v -82.048 		-34.4 		15.307
v -82.225 		-34.4 		15.223
v -82.39 		-34.4 		15.116
v -82.54 		-34.4 		14.99
v -82.672 		-34.4 		14.844
v -82.784 		-34.4 		14.683
v -111 		-34.4 		13.399
v -111 		-31.9 		13.399
v -111 		-31.9 		19.797
v -111 		-31.9 		14.401
v -111 		-34.4 		14.401
v -111 		-34.4 		19.797
v -98.5 		-45 		20
v -99.5 		-45 		21.732
v -98.768 		-45 		21
v -83.8 		-31.9 		19.797
v -82.954 		-31.9 		13.545
v -82.998 		-31.9 		13.935
v -82.989 		-31.9 		13.739
v -82.94 		-31.9 		14.323
v -100.935 		-45 		20.251
v -82.982 		-31.9 		14.131
v -101.003 		-45 		20
v -80.0752 		-31.9 		14.3754
v -100.751 		-45 		20.435
v -100.5 		-45 		20.503
v -100.249 		-45 		20.435
v -100.065 		-45 		20.251
v -99.998 		-45 		20
v -100.5 		-45 		22
v -102.232 		-45 		21
v -101.5 		-45 		21.732
v -81.328 		-31.9 		12.416
v -81.135 		-31.9 		12.451
v -80.948 		-31.9 		12.511
v -80.771 		-31.9 		12.595
v -80.606 		-31.9 		12.701
v -80.456 		-31.9 		12.828
v -80.324 		-31.9 		12.973
v -80.212 		-31.9 		13.135
v -80.122 		-31.9 		13.31
v -80.0992 		-31.9 		13.3738
v -82.894 		-31.9 		13.358
v -82.81 		-31.9 		13.18
v -82.704 		-31.9 		13.015
v -82.577 		-31.9 		12.865
v -82.432 		-31.9 		12.733
v -82.271 		-31.9 		12.621
v -82.096 		-31.9 		12.531
v -81.912 		-31.9 		12.464
v -81.72 		-31.9 		12.423
v -81.524 		-31.9 		12.406
v -80.102 		-31.9 		14.459
v -80.186 		-31.9 		14.637
v -80.292 		-31.9 		14.802
v -80.419 		-31.9 		14.952
v -80.564 		-31.9 		15.085
v -80.725 		-31.9 		15.197
v -80.9 		-31.9 		15.287
v -81.085 		-31.9 		15.353
v -81.276 		-31.9 		15.395
v -102.5 		-45 		20
v -82.874 		-31.9 		14.508
v -81.472 		-31.9 		15.411
v -81.668 		-31.9 		15.402
v -81.861 		-31.9 		15.367
v -82.048 		-31.9 		15.307
v -106.3 		-34.4 		19.797
v -82.225 		-31.9 		15.223
v -106.3 		-31.9 		19.797
v -82.39 		-31.9 		15.116
v -82.54 		-31.9 		14.99
v -82.672 		-31.9 		14.844
v -82.784 		-31.9 		14.683
v -106.3 		-38.7 		19.797
v -106.3 		-34.4 		13.399
v -107.053 		-34.4 		13.511
v -107.015 		-34.4 		14.096
v -107.002 		-34.4 		13.9
v -107.053 		-34.4 		14.289
v -107.015 		-34.4 		13.704
v -107.928 		-34.4 		12.512
v -107.752 		-34.4 		12.599
v -107.589 		-34.4 		12.708
v -107.441 		-34.4 		12.838
v -107.312 		-34.4 		12.985
v -107.203 		-34.4 		13.149
v -107.116 		-34.4 		13.325
v -109.888 		-34.4 		13.325
v -109.9131 		-34.4 		13.399
v -109.801 		-34.4 		13.149
v -109.692 		-34.4 		12.985
v -109.563 		-34.4 		12.838
v -109.415 		-34.4 		12.708
v -109.252 		-34.4 		12.599
v -109.076 		-34.4 		12.512
v -108.89 		-34.4 		12.449
v -108.698 		-34.4 		12.41
v -108.502 		-34.4 		12.398
v -108.306 		-34.4 		12.41
v -108.114 		-34.4 		12.449
v -107.116 		-34.4 		14.475
v -107.203 		-34.4 		14.651
v -107.312 		-34.4 		14.815
v -107.441 		-34.4 		14.962
v -107.589 		-34.4 		15.092
v -107.752 		-34.4 		15.201
v -107.928 		-34.4 		15.288
v -108.114 		-34.4 		15.351
v -108.306 		-34.4 		15.39
v -108.502 		-34.4 		15.402
v -108.698 		-34.4 		15.39
v -108.89 		-34.4 		15.351
v -109.076 		-34.4 		15.288
v -109.252 		-34.4 		15.201
v -109.415 		-34.4 		15.092
v -109.563 		-34.4 		14.962
v -109.692 		-34.4 		14.815
v -109.801 		-34.4 		14.651
v -109.888 		-34.4 		14.475
v -109.9131 		-34.4 		14.401
v -106.3 		-31.9 		14.401
v -107.053 		-31.9 		13.511
v -107.002 		-31.9 		13.9
v -107.015 		-31.9 		14.096
v -107.053 		-31.9 		14.289
v -107.015 		-31.9 		13.704
v -107.928 		-31.9 		12.512
v -107.752 		-31.9 		12.599
v -107.589 		-31.9 		12.708
v -107.441 		-31.9 		12.838
v -107.312 		-31.9 		12.985
v -107.203 		-31.9 		13.149
v -107.116 		-31.9 		13.325
v -109.9131 		-31.9 		13.399
v -109.888 		-31.9 		13.325
v -109.801 		-31.9 		13.149
v -109.692 		-31.9 		12.985
v -109.563 		-31.9 		12.838
v -109.415 		-31.9 		12.708
v -109.252 		-31.9 		12.599
v -109.076 		-31.9 		12.512
v -108.89 		-31.9 		12.449
v -108.698 		-31.9 		12.41
v -108.502 		-31.9 		12.398
v -108.306 		-31.9 		12.41
v -108.114 		-31.9 		12.449
v -107.116 		-31.9 		14.475
v -107.203 		-31.9 		14.651
v -107.312 		-31.9 		14.815
v -107.441 		-31.9 		14.962
v -107.589 		-31.9 		15.092
v -107.752 		-31.9 		15.201
v -107.928 		-31.9 		15.288
v -108.114 		-31.9 		15.351
v -108.306 		-31.9 		15.39
v -108.502 		-31.9 		15.402
v -108.698 		-31.9 		15.39
v -108.89 		-31.9 		15.351
v -109.076 		-31.9 		15.288
v -109.252 		-31.9 		15.201
v -109.415 		-31.9 		15.092
v -109.563 		-31.9 		14.962
v -109.692 		-31.9 		14.815
v -109.801 		-31.9 		14.651
v -109.888 		-31.9 		14.475
v -109.9131 		-31.9 		14.401
# 1403 vertices

g group_3_2829873

usemtl color_2829873
s 0

f 1549 	1553 	1579
f 1549 	1579 	1550
f 1580 	1581 	1553
f 1553 	1581 	1582
f 1553 	1582 	1579
f 1585 	1608 	1584
f 1586 	1591 	1585
f 1584 	1583 	1588
f 1587 	1588 	1583
f 1588 	2859 	1589
f 1589 	1585 	1588
f 1584 	1588 	1585
f 2859 	1590 	1589
f 1589 	1590 	1586
f 1589 	1586 	1585
f 1590 	1596 	1586
f 1598 	1594 	1579
f 1550 	1593 	1595
f 1595 	1593 	1586
f 1592 	1585 	1591
f 1591 	1586 	1593
f 1593 	1550 	1594
f 1590 	2859 	1596
f 1596 	1595 	1586
f 1596 	1549 	1550
f 1596 	1550 	1595
f 1598 	1579 	1599
f 1550 	1579 	1594
f 1603 	1583 	1608
f 1608 	1585 	1592
f 1625 	1697 	1626
f 1626 	1697 	1627
f 1582 	1629 	1628
f 1628 	1599 	1582
f 1581 	1580 	1630
f 1629 	1582 	1630
f 1581 	1630 	1582
f 1630 	1675 	1629
f 1629 	1668 	1631
f 1628 	1629 	1631
f 1873 	1643 	1671
f 1640 	1632 	1669
f 1641 	1671 	1643
f 1777 	1781 	1644
f 1632 	1631 	1669
f 1668 	1669 	1631
f 1641 	1640 	1669
f 1670 	1641 	1669
f 1671 	1641 	1670
f 1580 	1675 	1630
f 1675 	1668 	1629
f 1675 	1580 	1676
f 1675 	1676 	1669
f 1675 	1669 	1668
f 1676 	1580 	1678
f 1676 	1678 	1670
f 1676 	1670 	1669
f 1678 	2656 	1679
f 1670 	1678 	1679
f 1670 	1679 	1671
f 1873 	1671 	1679
f 1588 	1587 	2655
f 2655 	1587 	1682
f 1583 	1681 	1587
f 1682 	1587 	1681
f 1685 	1683 	1684
f 1682 	1684 	2655
f 1686 	1685 	1684
f 1682 	1681 	1684
f 2655 	1684 	1683
f 1697 	1685 	1686
f 1583 	1603 	1681
f 1584 	1608 	1583
f 1696 	1781 	1695
f 1697 	1781 	1696
f 1693 	1681 	1627
f 1603 	1627 	1681
f 1697 	1693 	1627
f 1625 	1688 	1697
f 1781 	1697 	1688
f 1686 	1684 	1693
f 1681 	1693 	1684
f 1731 	1683 	1695
f 1695 	1683 	1696
f 1685 	1696 	1683
f 1685 	1697 	1696
f 1686 	1693 	1697
f 1781 	1727 	1728
f 1781 	1728 	1729
f 1781 	1729 	1730
f 1781 	1730 	1731
f 1781 	1731 	1695
f 1727 	1735 	1733
f 1727 	1733 	1728
f 1733 	2655 	1737
f 1733 	1737 	1729
f 1733 	1729 	1728
f 1737 	2655 	1740
f 1737 	1740 	1730
f 1737 	1730 	1729
f 1740 	2655 	1770
f 1740 	1770 	1731
f 1740 	1731 	1730
f 1770 	2655 	1683
f 1770 	1683 	1731
f 1873 	1777 	1643
f 1784 	1828 	1782
f 1825 	1827 	1784
f 1643 	1777 	1644
f 1688 	1689 	1781
f 1645 	1644 	1781
f 1667 	1645 	1781
f 1667 	1781 	1689
f 1777 	1792 	1794
f 1793 	1825 	1784
f 1794 	1795 	1782
f 1794 	1782 	1781
f 1795 	1793 	1784
f 1795 	1784 	1782
f 1794 	1781 	1777
f 1794 	1792 	1795
f 2656 	1793 	1792
f 1795 	1792 	1793
f 1828 	1784 	1827
f 1829 	1781 	1828
f 1727 	1781 	1829
f 1781 	1782 	1828
f 2656 	1836 	1793
f 1793 	1836 	1825
f 1836 	2656 	1865
f 1836 	1865 	1827
f 1836 	1827 	1825
f 2655 	1735 	2656
f 1865 	2656 	1867
f 1865 	1867 	1828
f 1865 	1828 	1827
f 1867 	2656 	1869
f 1867 	1869 	1829
f 1867 	1829 	1828
f 1869 	1735 	1727
f 1869 	1727 	1829
f 1679 	2656 	1875
f 1873 	1679 	1875
f 1875 	2656 	1792
f 1875 	1792 	1777
f 1875 	1777 	1873
f 2657 	2658 	2656
f 2655 	2656 	2658
f 2655 	2658 	2659
f 2645 	2649 	2646
f 2644 	2649 	2645
f 2643 	2649 	2644
f 2664 	2649 	2643
f 2650 	2649 	2664
f 2647 	2646 	2649
f 2647 	2649 	2648
f 2650 	2664 	2661
f 2650 	2661 	2660
f 2650 	2660 	2654
f 2653 	2651 	2654
f 2650 	2654 	2651
f 2666 	2667 	2674
f 2668 	2669 	2670
f 2668 	2670 	2671
f 2674 	2667 	2673
f 2697 	2696 	2698
f 2698 	2696 	2695
f 2696 	2702 	2695
f 1580 	2695 	1678
f 2656 	1678 	2657
f 2657 	1678 	2702
f 2693 	2702 	2696
f 1678 	2695 	2702
f 2701 	2702 	2693
f 2668 	2671 	2657
f 2668 	2657 	2702
f 2709 	2693 	2708
f 2693 	2709 	2701
f 1869 	2656 	1735
f 1733 	1735 	2655
f 2741 	2658 	2740
f 2742 	2658 	2741
f 2744 	2743 	2658
f 2742 	2744 	2658
f 2750 	2671 	2751
f 2752 	2751 	2671
f 2758 	2740 	2657
f 2760 	2759 	2657
f 2759 	2758 	2657
f 2761 	2657 	2762
f 2764 	2657 	2765
f 2766 	2657 	2767
f 2746 	2768 	2671
f 2766 	2765 	2657
f 2764 	2762 	2657
f 2657 	2761 	2760
f 2658 	2657 	2740
f 2671 	2670 	2753
f 2753 	2752 	2671
f 2750 	2749 	2671
f 2749 	2748 	2671
f 2671 	2748 	2747
f 2671 	2747 	2746
f 2767 	2657 	2768
f 2671 	2768 	2657
f 2670 	2756 	2754
f 2754 	2753 	2670
f 2771 	2769 	2666
f 2769 	2745 	2666
f 2666 	2674 	2771
f 2773 	2772 	2674
f 2772 	2771 	2674
f 2776 	2674 	2777
f 2778 	2674 	2779
f 2790 	2658 	2780
f 2743 	2780 	2658
f 2786 	2659 	2787
f 2789 	2659 	2790
f 2788 	2787 	2659
f 2659 	2786 	2785
f 2659 	2785 	2784
f 2659 	2784 	2783
f 2782 	2659 	2783
f 2779 	2674 	2782
f 2791 	2792 	2698
f 2697 	2698 	2792
f 2793 	2794 	2795
f 2793 	2795 	2796
f 2658 	2790 	2659
f 2789 	2788 	2659
f 2777 	2674 	2778
f 2774 	2674 	2776
f 2774 	2773 	2674
f 2659 	2782 	2674
f 2709 	2702 	2701
f 2800 	2702 	2709
f 2803 	2702 	2802
f 2803 	2801 	2702
f 2806 	2800 	2804
f 2847 	2804 	2800
f 2702 	2800 	2802
f 2801 	2827 	2702
f 2806 	2802 	2800
f 2818 	2668 	2817
f 2824 	2668 	2823
f 2821 	2668 	2820
f 2826 	2669 	2825
f 2828 	2702 	2827
f 2830 	2702 	2829
f 2829 	2702 	2828
f 2833 	2702 	2832
f 2835 	2702 	2834
f 2832 	2702 	2831
f 2830 	2831 	2702
f 2833 	2834 	2702
f 2702 	2835 	2836
f 2817 	2668 	2836
f 2819 	2668 	2818
f 2820 	2668 	2819
f 2702 	2836 	2668
f 2822 	2668 	2821
f 2822 	2823 	2668
f 2825 	2669 	2824
f 2668 	2824 	2669
f 2837 	2838 	2667
f 2840 	2673 	2839
f 2841 	2673 	2840
f 2842 	2673 	2841
f 2838 	2839 	2673
f 2843 	2673 	2842
f 2844 	2673 	2843
f 2845 	2673 	2844
f 2855 	2800 	2853
f 2858 	2800 	2857
f 2847 	2800 	2858
f 2673 	2845 	2848
f 2849 	2800 	2848
f 2850 	2800 	2849
f 2851 	2800 	2850
f 2853 	2800 	2851
f 2856 	2800 	2855
f 2857 	2800 	2856
f 2673 	2848 	2800
f 2673 	2667 	2838
f 2808 	2837 	2667
f 2801 	2740 	2758
f 2801 	2741 	2740
f 2796 	2852 	2793
f 2793 	2852 	2854
f 2859 	1588 	2852
f 2655 	2659 	1588
f 2802 	2742 	2803
f 2741 	2803 	2742
f 2741 	2801 	2803
f 2804 	2743 	2744
f 2804 	2744 	2806
f 2742 	2802 	2744
f 2806 	2744 	2802
f 2808 	2666 	2745
f 2808 	2667 	2666
f 2758 	2827 	2801
f 2669 	2826 	2756
f 2756 	2670 	2669
f 2746 	2747 	2818
f 2818 	2747 	2748
f 2752 	2823 	2751
f 2823 	2752 	2824
f 2753 	2824 	2752
f 2824 	2753 	2754
f 1588 	2800 	2852
f 2708 	2854 	2800
f 2800 	2709 	2708
f 2659 	2674 	2800
f 2659 	2800 	1588
f 2854 	2852 	2800
f 2673 	2800 	2674
f 2693 	2906 	2708
f 2695 	1580 	2860
f 2863 	2860 	2862
f 2861 	2860 	2865
f 2860 	2864 	2862
f 2863 	2865 	2860
f 2765 	2833 	2764
f 2766 	2833 	2765
f 2768 	2836 	2767
f 2836 	2768 	2746
f 2695 	2869 	2868
f 2817 	2836 	2746
f 2869 	2695 	2870
f 2817 	2746 	2818
f 2872 	2860 	2861
f 2818 	2748 	2819
f 2749 	2820 	2748
f 2819 	2748 	2820
f 2873 	2874 	2791
f 2791 	2698 	2875
f 2820 	2749 	2750
f 2820 	2750 	2821
f 2751 	2822 	2750
f 2821 	2750 	2822
f 2823 	2822 	2751
f 2878 	2698 	2879
f 2880 	2879 	2698
f 2881 	2880 	2698
f 2882 	2881 	2698
f 2884 	2883 	2695
f 2885 	2884 	2695
f 2877 	2876 	2698
f 2876 	2875 	2698
f 2875 	2873 	2791
f 2754 	2825 	2824
f 2756 	2826 	2754
f 2825 	2754 	2826
f 2871 	2870 	2695
f 2868 	2867 	2695
f 2867 	2866 	2695
f 2866 	2885 	2695
f 2698 	2695 	2883
f 2883 	2882 	2698
f 2878 	2877 	2698
f 2695 	2860 	2871
f 2872 	2871 	2860
f 2759 	2828 	2758
f 2827 	2758 	2828
f 2828 	2759 	2760
f 2828 	2760 	2829
f 2761 	2830 	2760
f 2829 	2760 	2830
f 2852 	2888 	2887
f 2886 	2852 	2887
f 2830 	2761 	2762
f 2830 	2762 	2831
f 2764 	2832 	2762
f 2831 	2762 	2832
f 2889 	2852 	2890
f 2832 	2764 	2833
f 2891 	2852 	2892
f 2766 	2834 	2833
f 2834 	2766 	2767
f 2834 	2767 	2835
f 2892 	2852 	2893
f 2894 	2893 	2852
f 2835 	2767 	2836
f 2897 	2896 	2796
f 2769 	2837 	2745
f 2771 	2837 	2769
f 2898 	2897 	2796
f 2901 	2796 	2902
f 2902 	2796 	2903
f 2904 	2903 	2795
f 2795 	2903 	2796
f 2900 	2796 	2901
f 2899 	2796 	2900
f 2898 	2796 	2899
f 2896 	2895 	2796
f 2852 	2796 	2895
f 2895 	2894 	2852
f 2905 	2904 	2795
f 2891 	2890 	2852
f 2852 	2889 	2888
f 2886 	2864 	2852
f 2860 	2852 	2864
f 2693 	2696 	2906
f 2854 	2708 	2906
f 2774 	2841 	2773
f 2776 	2841 	2774
f 2777 	2843 	2776
f 2843 	2777 	2778
f 2779 	2845 	2778
f 2908 	2906 	2911
f 2909 	2906 	2908
f 2906 	2909 	2910
f 2907 	2911 	2906
f 2907 	2696 	2918
f 2916 	2696 	2915
f 2917 	2918 	2696
f 2921 	2792 	2920
f 2923 	2697 	2922
f 2926 	2927 	2697
f 2927 	2928 	2697
f 2931 	2696 	2930
f 2853 	2785 	2786
f 2912 	2696 	2931
f 2787 	2855 	2786
f 2919 	2920 	2792
f 2922 	2697 	2921
f 2924 	2697 	2923
f 2925 	2926 	2697
f 2928 	2929 	2697
f 2696 	2697 	2929
f 2929 	2930 	2696
f 2914 	2696 	2913
f 2912 	2913 	2696
f 2914 	2915 	2696
f 2916 	2917 	2696
f 2924 	2925 	2697
f 2792 	2921 	2697
f 2906 	2696 	2907
f 2906 	2910 	2932
f 2808 	2745 	2837
f 2771 	2838 	2837
f 2935 	2854 	2934
f 2936 	2854 	2935
f 2772 	2839 	2838
f 2772 	2838 	2771
f 2937 	2938 	2854
f 2934 	2854 	2933
f 2839 	2772 	2840
f 2773 	2840 	2772
f 2841 	2840 	2773
f 2938 	2939 	2854
f 2776 	2842 	2841
f 2940 	2941 	2854
f 2793 	2854 	2941
f 2939 	2940 	2854
f 2843 	2842 	2776
f 2778 	2844 	2843
f 2845 	2844 	2778
f 2845 	2779 	2782
f 2858 	2780 	2847
f 2743 	2804 	2780
f 2780 	2804 	2847
f 2794 	2793 	2949
f 2849 	2848 	2783
f 2950 	2794 	2949
f 2784 	2850 	2783
f 2936 	2937 	2854
f 2793 	2941 	2942
f 2793 	2942 	2943
f 2793 	2943 	2944
f 2946 	2793 	2945
f 2944 	2945 	2793
f 2947 	2948 	2793
f 2948 	2949 	2793
f 2946 	2947 	2793
f 2853 	2786 	2855
f 2794 	2950 	2951
f 2787 	2788 	2855
f 2856 	2855 	2788
f 2933 	2906 	2932
f 2906 	2933 	2854
f 2856 	2788 	2857
f 2789 	2857 	2788
f 2857 	2789 	2858
f 2790 	2858 	2789
f 2858 	2790 	2780
f 2862 	2909 	2863
f 2909 	2862 	2910
f 2864 	2910 	2862
f 2845 	2782 	2848
f 2782 	2783 	2848
f 2849 	2783 	2850
f 2861 	2907 	2872
f 2785 	2851 	2850
f 2785 	2850 	2784
f 2865 	2907 	2861
f 2853 	2851 	2785
f 2909 	2908 	2863
f 2907 	2865 	2911
f 2863 	2908 	2865
f 2911 	2865 	2908
f 2792 	2791 	2919
f 2874 	2919 	2791
f 2867 	2868 	2914
f 2869 	2914 	2868
f 2871 	2917 	2870
f 2872 	2917 	2871
f 2873 	2919 	2874
f 2876 	2922 	2875
f 2922 	2876 	2923
f 2877 	2923 	2876
f 2923 	2877 	2924
f 2878 	2924 	2877
f 2879 	2925 	2924
f 2879 	2924 	2878
f 2880 	2925 	2879
f 2884 	2930 	2883
f 2885 	2931 	2930
f 2885 	2930 	2884
f 2866 	2931 	2885
f 2912 	2931 	2866
f 2912 	2866 	2867
f 2912 	2867 	2913
f 2913 	2867 	2914
f 2869 	2915 	2914
f 2915 	2869 	2916
f 2870 	2916 	2869
f 2917 	2916 	2870
f 2872 	2918 	2917
f 2918 	2872 	2907
f 2919 	2873 	2920
f 2875 	2921 	2873
f 2920 	2873 	2921
f 2921 	2875 	2922
f 2880 	2926 	2925
f 2881 	2927 	2880
f 2926 	2880 	2927
f 2927 	2881 	2882
f 2927 	2882 	2928
f 2883 	2929 	2882
f 2928 	2882 	2929
f 2929 	2883 	2930
f 2795 	2794 	2905
f 2951 	2905 	2794
f 2886 	2910 	2864
f 2888 	2934 	2887
f 2889 	2934 	2888
f 2890 	2936 	2889
f 2936 	2890 	2937
f 2891 	2937 	2890
f 2937 	2891 	2892
f 2951 	2904 	2905
f 2894 	2940 	2893
f 2940 	2894 	2895
f 2897 	2943 	2896
f 2948 	2901 	2902
f 2948 	2902 	2903
f 2886 	2932 	2910
f 2932 	2886 	2933
f 2887 	2933 	2886
f 2934 	2933 	2887
f 2889 	2935 	2934
f 2936 	2935 	2889
f 2892 	2938 	2937
f 2892 	2893 	2938
f 2941 	2940 	2895
f 2896 	2941 	2895
f 2943 	2897 	2898
f 2945 	2898 	2899
f 2948 	2903 	2949
f 2950 	2949 	2904
f 2903 	2904 	2949
f 2938 	2893 	2939
f 2940 	2939 	2893
f 2896 	2942 	2941
f 2896 	2943 	2942
f 2944 	2943 	2898
f 2944 	2898 	2945
f 2900 	2946 	2945
f 2899 	2900 	2945
f 2946 	2900 	2947
f 2901 	2947 	2900
f 2947 	2901 	2948
f 2950 	2904 	2951
f 2859 	2852 	1553
f 2860 	1553 	2852
f 1580 	1553 	2860
f 1582 	1599 	1579
f 1553 	1549 	2859
f 1549 	1596 	2859
# 590 faces

g group_3_15277357

usemtl color_15277357
s 0

f 1555 	1569 	1554
f 1558 	1570 	1557
f 1559 	1570 	1558
f 1557 	1570 	1556
f 1562 	1570 	1561
f 1563 	1570 	1562
f 1564 	1570 	1563
f 1564 	1565 	1570
f 1570 	1565 	1566
f 1569 	1551 	1552
f 1569 	1552 	1554
f 1556 	1569 	1555
f 1560 	1570 	1559
f 1560 	1561 	1570
f 1569 	1556 	1570
f 1572 	2014 	1571
f 1575 	2011 	1574
f 1574 	2012 	1573
f 1597 	1769 	1578
f 1601 	1847 	1600
f 1602 	1846 	1601
f 1778 	1780 	1614
f 1769 	1767 	1614
f 1767 	1778 	1614
f 1576 	1769 	1614
f 1982 	1983 	1617
f 2219 	1982 	1617
f 1616 	2009 	1615
f 1618 	2219 	1617
f 1615 	2010 	1575
f 1647 	1692 	1646
f 1621 	1622 	2219
f 2219 	1646 	1692
f 2219 	1622 	1623
f 1624 	1646 	2219
f 1649 	1698 	1648
f 1651 	1698 	1650
f 1652 	1698 	1651
f 1600 	1848 	1655
f 1654 	1655 	1698
f 1657 	1692 	1656
f 1647 	1656 	1692
f 1659 	1692 	1658
f 1692 	1657 	1658
f 1662 	1692 	1661
f 1698 	1692 	1665
f 1666 	1698 	1665
f 1648 	1698 	1666
f 1650 	1698 	1649
f 1660 	1692 	1659
f 1661 	1692 	1660
f 1663 	1692 	1662
f 1664 	1665 	1692
f 1663 	1664 	1692
f 1653 	1698 	1652
f 1653 	1654 	1698
f 1692 	1698 	1700
f 1703 	2052 	1702
f 1705 	2052 	1703
f 1707 	2052 	1705
f 2052 	1707 	1708
f 1711 	1713 	1927
f 1718 	2052 	1717
f 1721 	2052 	1719
f 1723 	2052 	1721
f 1726 	2052 	1724
f 1723 	1724 	2052
f 1702 	2052 	1738
f 1726 	1738 	2052
f 1747 	2043 	1746
f 1751 	2043 	1749
f 2043 	1751 	1752
f 2043 	1752 	1716
f 1717 	2052 	1716
f 1719 	2052 	1718
f 1765 	1769 	1763
f 1771 	1772 	1614
f 1766 	1767 	1769
f 1775 	1830 	1774
f 1776 	1824 	1775
f 1772 	1773 	1614
f 1613 	1614 	1773
f 1785 	1821 	1776
f 1743 	2043 	1790
f 1790 	2043 	1789
f 1773 	1774 	1613
f 1611 	1613 	1774
f 1835 	1837 	1774
f 1611 	1774 	1837
f 1786 	1818 	1785
f 1810 	1814 	1788
f 1788 	1789 	1810
f 2043 	1810 	1789
f 1783 	1771 	1614
f 1780 	1783 	1614
f 1769 	1576 	1577
f 1769 	1577 	1578
f 1571 	2015 	1597
f 1573 	2013 	1572
f 1798 	2043 	1797
f 1800 	2043 	1798
f 1804 	2043 	1802
f 1802 	2043 	1800
f 1806 	2043 	1804
f 1787 	1788 	1814
f 1818 	1786 	1815
f 1824 	1776 	1821
f 1830 	1775 	1824
f 1832 	1835 	1774
f 1821 	1785 	1818
f 1837 	1839 	1611
f 1839 	1841 	1611
f 1604 	1609 	1844
f 1849 	1655 	1848
f 1850 	1698 	1849
f 1851 	1698 	1850
f 1846 	1602 	1845
f 1848 	1600 	1847
f 1854 	1855 	1962
f 1797 	2043 	1855
f 2043 	1962 	1855
f 1858 	1698 	1857
f 1859 	1698 	1858
f 1860 	1698 	1859
f 1868 	1870 	1971
f 1968 	1970 	1871
f 1966 	1968 	1872
f 1872 	1874 	1966
f 1853 	1854 	1962
f 1852 	1853 	1962
f 1856 	1698 	1851
f 1857 	1698 	1856
f 1698 	1655 	1849
f 1861 	1698 	1860
f 1861 	1862 	1698
f 1871 	1872 	1968
f 1604 	1845 	1602
f 1904 	2053 	1903
f 1906 	2053 	1905
f 1910 	2043 	1909
f 1912 	1913 	2043
f 1866 	1868 	1973
f 1912 	2043 	1911
f 2417 	2418 	1710
f 1973 	1996 	1866
f 1870 	1871 	1970
f 1698 	1862 	1996
f 1996 	1997 	1698
f 2001 	2043 	2000
f 2000 	2043 	1913
f 1962 	2043 	2001
f 2003 	1698 	2002
f 1997 	2002 	1698
f 2004 	1698 	2003
f 2005 	1698 	2004
f 2006 	1698 	2005
f 2007 	2008 	1698
f 1700 	1698 	2008
f 1998 	1700 	2008
f 2053 	1700 	2028
f 2033 	2053 	2032
f 1903 	2053 	2034
f 2033 	2034 	2053
f 2036 	1700 	2035
f 2039 	1700 	2038
f 2040 	1700 	2039
f 2041 	1700 	2040
f 1700 	2037 	2038
f 2026 	2027 	1700
f 2042 	1700 	2041
f 1999 	1700 	1998
f 2035 	1700 	1999
f 2037 	1700 	2036
f 2006 	2007 	1698
f 2073 	2016 	2017
f 2027 	2028 	1700
f 2029 	2053 	2028
f 2030 	2053 	2029
f 2031 	2053 	2030
f 2031 	2032 	2053
f 1904 	1905 	2053
f 1907 	1908 	2053
f 2042 	2026 	1700
f 1864 	1866 	1996
f 1863 	1864 	1996
f 1862 	1863 	1996
f 1971 	1973 	1868
f 1970 	1971 	1870
f 1964 	1966 	1874
f 1874 	1852 	1964
f 1962 	1964 	1852
f 2018 	1756 	2017
f 1908 	1909 	2053
f 2043 	2053 	1909
f 1910 	1911 	2043
f 1807 	2043 	1806
f 1809 	2043 	1807
f 1809 	1810 	2043
f 1815 	1787 	1814
f 1906 	1907 	2053
f 1830 	1832 	1774
f 1841 	1843 	1611
f 1609 	1611 	1843
f 1843 	1844 	1609
f 1847 	1601 	1846
f 1604 	1844 	1845
f 1787 	1815 	1786
f 2043 	1743 	1744
f 2043 	1744 	1746
f 1747 	1749 	2043
f 2043 	1716 	2052
f 1710 	2052 	1708
f 2053 	2043 	2052
f 2073 	2017 	1756
f 1931 	2084 	1929
f 1934 	2084 	1931
f 2016 	2073 	1713
f 2422 	1717 	1716
f 1947 	2084 	1934
f 1939 	1769 	1937
f 1995 	1937 	1769
f 1943 	1769 	1942
f 1942 	1769 	1939
f 1944 	1769 	1943
f 1948 	2084 	1947
f 1951 	2084 	1948
f 1955 	1753 	1951
f 1805 	1808 	1961
f 2219 	1801 	1963
f 2219 	1963 	1965
f 1974 	2219 	1972
f 1967 	2219 	1965
f 1972 	2219 	1969
f 2285 	1576 	1614
f 1979 	2219 	1977
f 1987 	1597 	1985
f 1988 	1597 	1987
f 1990 	1769 	1989
f 1992 	1769 	1990
f 2018 	1757 	1756
f 1994 	1769 	1993
f 1995 	1769 	1994
f 2009 	1616 	1983
f 2011 	1575 	2010
f 2013 	1573 	2012
f 2014 	1572 	2013
f 2012 	1574 	2011
f 2015 	1571 	2014
f 1985 	1597 	2015
f 2219 	1979 	1980
f 2219 	1980 	1982
f 1616 	1617 	1983
f 2010 	1615 	2009
f 1988 	1989 	1769
f 1993 	1769 	1992
f 1769 	1597 	1988
f 2219 	1618 	1619
f 2219 	1619 	1620
f 1621 	2219 	1620
f 1623 	1624 	2219
f 1757 	1944 	1756
f 1761 	1769 	1759
f 1763 	1769 	1761
f 1766 	1769 	1765
f 1713 	2073 	1927
f 1944 	1927 	2073
f 2073 	1756 	1944
f 1757 	1759 	1944
f 1944 	1759 	1769
f 1710 	1711 	1927
f 2052 	1710 	1927
f 2052 	1927 	1926
f 2052 	1926 	1928
f 2084 	2052 	1929
f 1928 	1929 	2052
f 1639 	1672 	1568
f 1673 	1674 	1568
f 1701 	1704 	1568
f 1672 	1673 	1568
f 1674 	1694 	1568
f 1680 	2052 	1677
f 1691 	2052 	1690
f 1690 	2052 	1687
f 1637 	1636 	2052
f 1704 	1706 	1568
f 1694 	1699 	1568
f 1706 	1709 	1568
f 1567 	1568 	1709
f 2285 	1577 	1576
f 1566 	1567 	1712
f 1709 	1712 	1567
f 1570 	1566 	1712
f 1722 	1570 	1720
f 1734 	1570 	1732
f 1722 	1725 	1570
f 1741 	2219 	1739
f 1742 	2219 	1741
f 1745 	2219 	1742
f 1739 	2219 	1736
f 1958 	1959 	1750
f 1753 	1958 	1750
f 1754 	2084 	1753
f 1755 	2084 	1754
f 2280 	1615 	1575
f 1762 	2084 	1760
f 1764 	2052 	1762
f 1677 	2052 	1764
f 1779 	2219 	1768
f 1801 	2219 	1799
f 1960 	1961 	1808
f 1799 	2219 	1796
f 1959 	1960 	1748
f 1808 	1748 	1960
f 1748 	1750 	1959
f 1768 	2219 	1745
f 2219 	1779 	1791
f 1791 	1796 	2219
f 1957 	1958 	1753
f 1956 	1957 	1753
f 1758 	2084 	1755
f 2084 	1951 	1753
f 1760 	2084 	1758
f 1687 	2052 	1680
f 1956 	1753 	1955
f 1961 	1963 	1805
f 1803 	1805 	1963
f 1801 	1803 	1963
f 1967 	1969 	2219
f 1974 	1977 	2219
f 1691 	1637 	2052
f 1636 	1639 	2052
f 1568 	2052 	1639
f 2084 	1762 	2052
f 2400 	2402 	1802
f 1699 	1701 	1568
f 1570 	1712 	1714
f 1570 	1714 	1715
f 1715 	1720 	1570
f 1725 	1732 	1570
f 1736 	2219 	1734
f 1570 	1734 	2219
f 2235 	2267 	2234
f 2240 	2267 	2241
f 2243 	2241 	2652
f 2243 	2652 	2245
f 2247 	2652 	2248
f 2250 	2652 	2252
f 2253 	2252 	2652
f 2379 	1662 	1661
f 2379 	1663 	1662
f 2254 	2253 	2652
f 2261 	2254 	2652
f 2568 	2040 	2039
f 2262 	2261 	2652
f 2248 	2652 	2250
f 2247 	2245 	2652
f 2239 	2267 	2240
f 2652 	2241 	2267
f 2236 	2267 	2239
f 2234 	2267 	2236
f 2286 	1578 	1577
f 2422 	2424 	1717
f 2381 	2378 	2478
f 2383 	2464 	2385
f 2374 	2372 	2287
f 2287 	2478 	2376
f 1600 	2295 	1601
f 2308 	2306 	2468
f 1601 	2295 	1602
f 2303 	1609 	1604
f 2364 	2395 	2477
f 2477 	2465 	2364
f 2303 	2443 	2304
f 2306 	2304 	2469
f 2376 	2374 	2287
f 2372 	2404 	2287
f 2270 	2268 	2403
f 2404 	2403 	2268
f 2338 	2393 	2340
f 2343 	2393 	2346
f 2357 	2356 	2395
f 2359 	2357 	2395
f 2364 	2363 	2395
f 2480 	2476 	2395
f 2476 	2477 	2395
f 2366 	1655 	1654
f 1655 	2366 	1600
f 2370 	2369 	2393
f 2370 	2393 	2371
f 1787 	2488 	1788
f 2382 	2395 	2384
f 1788 	2488 	1789
f 2353 	2395 	2356
f 2384 	2395 	2386
f 2380 	2393 	2382
f 2379 	2393 	2380
f 2377 	2393 	2379
f 2375 	2393 	2377
f 2373 	2393 	2375
f 2371 	2393 	2373
f 2369 	2346 	2393
f 2395 	2382 	2393
f 2462 	2459 	2364
f 2465 	2462 	2364
f 2395 	2363 	2360
f 2360 	2359 	2395
f 2353 	2386 	2395
f 1573 	2272 	2277
f 2411 	2408 	2635
f 2413 	2411 	2635
f 2416 	2414 	2635
f 2417 	2416 	2635
f 2424 	2422 	2588
f 2420 	2588 	2422
f 2425 	2588 	2427
f 2430 	2635 	2434
f 2408 	2437 	2635
f 2434 	2635 	2437
f 2475 	2471 	2423
f 2423 	2421 	2475
f 1609 	2303 	2304
f 2487 	2485 	2415
f 2415 	2412 	2487
f 2488 	2487 	2412
f 2425 	2424 	2588
f 2448 	2588 	2420
f 2447 	2588 	2448
f 2460 	2457 	2633
f 2633 	2385 	2460
f 2284 	2285 	2481
f 2439 	2438 	2304
f 2464 	2383 	2478
f 2479 	2478 	2287
f 2438 	2436 	2304
f 2469 	2304 	2436
f 2383 	2381 	2478
f 2428 	2426 	2469
f 2471 	2469 	2426
f 2378 	2376 	2478
f 2467 	2481 	2285
f 2466 	2467 	2308
f 2468 	2466 	2308
f 2469 	2468 	2306
f 2432 	2428 	2469
f 2436 	2432 	2469
f 2443 	2439 	2304
f 2285 	2308 	2467
f 2286 	2284 	2481
f 2481 	2479 	2286
f 2287 	2286 	2479
f 2524 	2522 	2470
f 2472 	2470 	2522
f 2400 	2397 	2588
f 2402 	2400 	2588
f 2444 	2442 	2588
f 2442 	2441 	2588
f 2440 	2493 	2406
f 2406 	2405 	2440
f 2493 	2492 	2407
f 2410 	2407 	2492
f 2492 	2488 	2410
f 2443 	2303 	2446
f 2303 	2301 	2446
f 2449 	2446 	2301
f 2298 	2295 	2450
f 2450 	2449 	2298
f 2295 	2292 	2452
f 2452 	2450 	2295
f 2527 	2525 	2504
f 2506 	2504 	2525
f 2525 	2524 	2506
f 2470 	2506 	2524
f 2292 	2366 	2454
f 2322 	1616 	1615
f 2489 	2486 	2395
f 2395 	2550 	2489
f 2545 	2544 	2489
f 2544 	2543 	2489
f 2494 	2489 	2543
f 2531 	2530 	2498
f 2486 	2484 	2395
f 2484 	2482 	2395
f 2482 	2480 	2395
f 2459 	2454 	2366
f 2366 	2364 	2459
f 2454 	2452 	2292
f 2510 	2509 	2588
f 2382 	1664 	1663
f 2384 	1664 	2382
f 1597 	2287 	1571
f 2277 	1574 	1573
f 1574 	2277 	1575
f 2513 	2511 	2588
f 2511 	2510 	2588
f 2513 	2588 	2514
f 2515 	2588 	2516
f 1578 	2286 	1597
f 2517 	2588 	2518
f 2588 	2397 	2518
f 2519 	2518 	2397
f 1611 	1609 	2304
f 2391 	2474 	2538
f 2540 	2538 	2474
f 1611 	2304 	1613
f 2528 	2527 	2503
f 2533 	2395 	2532
f 1616 	2322 	1617
f 2397 	2394 	2519
f 2520 	2519 	2391
f 2394 	2391 	2519
f 2503 	2502 	2528
f 2529 	2528 	2502
f 2502 	2500 	2529
f 2530 	2529 	2500
f 2500 	2498 	2530
f 2547 	2489 	2550
f 2550 	2395 	2551
f 2551 	2395 	2553
f 2556 	2555 	2395
f 2395 	2588 	2557
f 1649 	2356 	2357
f 2562 	2561 	2588
f 2563 	2562 	2588
f 2563 	2588 	2509
f 2564 	2532 	2395
f 2565 	2395 	2566
f 2566 	2395 	2567
f 2568 	2567 	2395
f 2570 	2568 	2395
f 2572 	2395 	2555
f 2571 	2395 	2572
f 2564 	2395 	2565
f 2533 	2553 	2395
f 2561 	2560 	2588
f 2560 	2559 	2588
f 2559 	2558 	2588
f 2558 	2557 	2588
f 2557 	2556 	2395
f 2571 	2570 	2395
f 1753 	1750 	2145
f 2504 	2503 	2527
f 2521 	2540 	2473
f 2474 	2473 	2540
f 2538 	2520 	2391
f 2473 	2472 	2521
f 2522 	2521 	2472
f 2498 	2496 	2531
f 2496 	2494 	2531
f 2543 	2531 	2494
f 2547 	2545 	2489
f 2402 	2588 	2441
f 2445 	2444 	2588
f 2447 	2445 	2588
f 2516 	2588 	2517
f 2514 	2588 	2515
f 2384 	1665 	1664
f 2407 	2406 	2493
f 2426 	2423 	2471
f 2301 	2298 	2449
f 2483 	2475 	2421
f 2421 	2419 	2483
f 2485 	2483 	2419
f 2419 	2415 	2485
f 2412 	2410 	2488
f 2441 	2440 	2405
f 2405 	2402 	2441
f 1665 	2384 	1666
f 2414 	2413 	2635
f 2429 	2427 	2635
f 2427 	2588 	2635
f 2430 	2429 	2635
f 2451 	2018 	2271
f 1677 	1764 	2086
f 2269 	2271 	2635
f 2273 	2269 	2635
f 2279 	2635 	2282
f 2291 	2288 	2633
f 2287 	1597 	2286
f 2293 	2291 	2633
f 2296 	2293 	2633
f 2299 	2296 	2633
f 2282 	2635 	2307
f 2307 	2152 	2309
f 2309 	2152 	2311
f 2313 	2311 	2149
f 2315 	2313 	2149
f 2149 	2148 	2315
f 2318 	2316 	2146
f 2146 	2145 	2318
f 2321 	2318 	2145
f 2323 	2321 	2143
f 2145 	2143 	2321
f 2143 	2140 	2323
f 2355 	2349 	2393
f 2330 	2323 	2140
f 2331 	1620 	1619
f 2361 	2358 	2393
f 2358 	2355 	2393
f 1621 	1620 	2331
f 2393 	2333 	2365
f 2333 	2331 	2365
f 1623 	1622 	2335
f 2340 	1624 	1623
f 1646 	1624 	2340
f 2098 	1701 	2097
f 2392 	2390 	2319
f 1649 	2357 	1650
f 2401 	2398 	2272
f 2357 	2359 	1650
f 2272 	2270 	2401
f 2403 	2401 	2270
f 2387 	2385 	2633
f 2388 	2387 	2633
f 2288 	2388 	2633
f 2328 	2325 	2365
f 2325 	2324 	2367
f 2367 	2365 	2325
f 2324 	2322 	2368
f 2368 	2367 	2324
f 2322 	2319 	2390
f 2390 	2368 	2322
f 2331 	2328 	2365
f 2361 	2393 	2365
f 2343 	2340 	2393
f 2393 	2338 	2335
f 2393 	2335 	2333
f 2268 	2287 	2404
f 2398 	2396 	2277
f 2277 	2272 	2398
f 2280 	2277 	2396
f 2396 	2392 	2280
f 2319 	2280 	2392
f 2016 	2418 	2635
f 2418 	2417 	2635
f 2635 	2152 	2307
f 2276 	2273 	2635
f 2279 	2276 	2635
f 2455 	2633 	2457
f 2463 	2385 	2464
f 2463 	2460 	2385
f 2633 	2451 	2271
f 2271 	2299 	2633
f 2455 	2453 	2633
f 2453 	2451 	2633
f 2635 	2271 	2018
f 2017 	2635 	2018
f 2016 	2635 	2017
f 1725 	2122 	2124
f 2078 	2635 	2080
f 2635 	2263 	2080
f 2083 	2081 	2263
f 2081 	2080 	2263
f 2086 	2157 	2635
f 2089 	2086 	2635
f 2090 	2089 	2635
f 2092 	2090 	2635
f 2093 	2092 	2635
f 2263 	2096 	2083
f 2097 	2096 	2263
f 1969 	2341 	2345
f 2098 	2097 	2263
f 2099 	2098 	2263
f 2103 	2099 	2263
f 2106 	2103 	2263
f 2120 	2116 	2262
f 2121 	2120 	2262
f 2262 	2652 	2122
f 2122 	2121 	2262
f 2124 	2652 	2126
f 2127 	2126 	2652
f 2129 	2127 	2652
f 2132 	2130 	2652
f 2130 	2129 	2652
f 2181 	2178 	2334
f 2140 	2181 	2330
f 1691 	2092 	2093
f 1931 	2276 	2279
f 1944 	2296 	2299
f 1944 	2299 	1927
f 2311 	1951 	2309
f 2149 	2311 	2152
f 2154 	2152 	2635
f 2157 	2154 	2635
f 2451 	1757 	2018
f 2136 	2652 	2164
f 2451 	2453 	1757
f 2167 	2652 	2169
f 2172 	2169 	2393
f 2175 	2172 	2393
f 2177 	2176 	2393
f 2176 	2175 	2393
f 2393 	2349 	2177
f 2345 	2341 	2177
f 2349 	2345 	2177
f 2164 	2652 	2167
f 2132 	2652 	2136
f 2393 	2169 	2652
f 2176 	1801 	2175
f 2148 	2146 	2316
f 2316 	2315 	2148
f 2334 	2330 	2181
f 2337 	2334 	2178
f 2178 	2177 	2337
f 2341 	2337 	2177
f 2078 	2076 	2635
f 2077 	2635 	2076
f 2077 	2093 	2635
f 2116 	2114 	2262
f 2114 	2111 	2262
f 2111 	2106 	2262
f 2263 	2262 	2106
f 2124 	2122 	2652
f 1570 	2652 	2267
f 1570 	2267 	1569
f 1692 	2395 	2393
f 1700 	2395 	1692
f 1692 	2393 	2219
f 2219 	2393 	2652
f 1639 	1636 	2078
f 2219 	2652 	1570
f 2052 	2635 	2588
f 2052 	2588 	2053
f 1639 	2078 	2080
f 2263 	2635 	1568
f 2052 	1568 	2635
f 2267 	2235 	1551
f 2267 	1551 	1569
f 2053 	2588 	1700
f 1995 	2387 	2388
f 2008 	2553 	2533
f 2395 	1700 	2588
f 2234 	1552 	1551
f 2234 	1551 	2235
f 2236 	1554 	1552
f 2236 	1552 	2234
f 2239 	1555 	1554
f 2239 	1554 	2236
f 2240 	1556 	1555
f 2240 	1555 	2239
f 2241 	1557 	1556
f 2241 	1556 	2240
f 2243 	1558 	1557
f 2243 	1557 	2241
f 2245 	1559 	1558
f 2245 	1558 	2243
f 2247 	1560 	1559
f 2247 	1559 	2245
f 2248 	1561 	1560
f 2248 	1560 	2247
f 2250 	1562 	1561
f 2250 	1561 	2248
f 2252 	1563 	1562
f 2252 	1562 	2250
f 2253 	1564 	1563
f 2253 	1563 	2252
f 1564 	2253 	1565
f 2254 	1565 	2253
f 2261 	1566 	1565
f 2261 	1565 	2254
f 1566 	2261 	2262
f 1566 	2262 	1567
f 1567 	2262 	2263
f 1567 	2263 	1568
f 1871 	2503 	1872
f 1719 	2424 	2425
f 1712 	2106 	2111
f 2111 	2114 	1712
f 2157 	1764 	2154
f 1801 	2176 	2177
f 1948 	2307 	2309
f 1973 	2528 	2529
f 2081 	1673 	2080
f 2083 	1674 	2081
f 1677 	2086 	2089
f 1637 	1691 	2077
f 1694 	2083 	2096
f 2506 	1874 	2504
f 1800 	2394 	2397
f 1725 	2121 	2122
f 2415 	1815 	2412
f 1841 	2439 	1843
f 2169 	1791 	2167
f 1845 	2446 	2449
f 2391 	1797 	2474
f 1857 	2477 	2476
f 2271 	1927 	2299
f 1857 	2476 	2480
f 1687 	2089 	2090
f 1687 	2090 	2092
f 2093 	2077 	1691
f 2530 	1996 	2529
f 2096 	2097 	1694
f 2098 	2099 	1701
f 2114 	1714 	1712
f 1969 	2345 	2349
f 2453 	1759 	1757
f 1741 	1739 	2130
f 2143 	1750 	2140
f 2146 	1754 	2145
f 1871 	2502 	2503
f 1702 	2437 	2408
f 1799 	1796 	2175
f 1805 	2177 	2178
f 2181 	1808 	2178
f 2511 	1905 	2510
f 1929 	2273 	2276
f 2427 	1721 	2425
f 2291 	2293 	1942
f 1911 	2517 	2518
f 1746 	2441 	2442
f 2097 	1699 	1694
f 1982 	2365 	2367
f 2479 	1780 	2478
f 1983 	1982 	2368
f 2132 	1741 	2130
f 2479 	2481 	1780
f 1783 	1780 	2481
f 1771 	1783 	2467
f 2553 	2008 	2551
f 2374 	1987 	2372
f 2143 	2145 	1750
f 1753 	2145 	1754
f 2560 	2031 	2559
f 2031 	2560 	2561
f 2390 	1983 	2368
f 2033 	2562 	2034
f 2012 	2396 	2398
f 2013 	2012 	2401
f 2037 	2565 	2566
f 2372 	1985 	2404
f 1797 	2391 	2394
f 1800 	2397 	2400
f 2040 	2570 	2571
f 1929 	2276 	1931
f 2076 	1636 	2077
f 2279 	2282 	1931
f 1806 	2405 	1807
f 2026 	2572 	2555
f 1807 	2406 	1809
f 1810 	1809 	2410
f 1939 	2288 	2291
f 1810 	2410 	2412
f 1942 	2293 	2296
f 2415 	2419 	1815
f 1646 	2340 	2343
f 1747 	2444 	1749
f 1752 	2447 	2448
f 1716 	1752 	2420
f 1832 	1830 	2428
f 2432 	1835 	2428
f 2315 	1956 	2313
f 2316 	1957 	2315
f 1843 	2443 	2446
f 2481 	2467 	1783
f 2506 	2470 	1874
f 1974 	2349 	2355
f 2472 	1853 	2470
f 1974 	2355 	2358
f 1854 	2472 	2473
f 1854 	2473 	2474
f 1742 	2132 	1745
f 1768 	1745 	2164
f 2390 	2009 	1983
f 1702 	2408 	2411
f 1705 	2411 	2413
f 1860 	1859 	2484
f 1707 	1705 	2414
f 1860 	2484 	2486
f 2416 	1708 	2414
f 2416 	2417 	1708
f 1754 	2146 	2148
f 1711 	1710 	2418
f 2016 	1713 	2418
f 1760 	1758 	2152
f 2448 	2420 	1752
f 1866 	1864 	2498
f 1716 	2420 	2422
f 2136 	2164 	1745
f 2164 	2167 	1768
f 1995 	2388 	2288
f 2172 	1796 	2169
f 2500 	2502 	1868
f 2562 	2033 	2561
f 1870 	2502 	1871
f 2504 	1872 	2503
f 1872 	2504 	1874
f 1852 	1874 	2470
f 1805 	2178 	1808
f 1746 	2442 	2444
f 1751 	1749 	2447
f 2076 	2078 	1636
f 2568 	2570 	2040
f 1761 	1759 	2455
f 2460 	2463 	1765
f 2464 	1767 	2463
f 1905 	2511 	2513
f 2335 	1622 	2333
f 2346 	1647 	2343
f 2291 	1942 	1939
f 1771 	2467 	2466
f 1722 	2120 	2121
f 1725 	1722 	2121
f 1956 	2315 	1957
f 2532 	1999 	2533
f 1787 	1786 	2487
f 2148 	1755 	1754
f 1755 	2148 	1758
f 2154 	1764 	1762
f 2367 	2368 	1982
f 2157 	2086 	1764
f 2533 	1998 	2008
f 1985 	2372 	1987
f 1988 	1987 	2376
f 1791 	2169 	1796
f 1637 	2077 	1636
f 2009 	2390 	2392
f 2034 	2563 	2509
f 1613 	2304 	2306
f 2398 	2401 	2012
f 1673 	2081 	1674
f 2035 	2564 	2565
f 2401 	2403 	2013
f 2083 	1694 	1674
f 2567 	2038 	2566
f 2400 	1802 	1800
f 1677 	2089 	1680
f 1804 	1802 	2402
f 1680 	2089 	1687
f 2405 	1806 	2402
f 1804 	2402 	1806
f 1617 	2322 	2324
f 2571 	2041 	2040
f 2406 	1807 	2405
f 1789 	2488 	2492
f 2407 	1809 	2406
f 2325 	1618 	2324
f 2407 	2410 	1809
f 1814 	1810 	2412
f 1701 	1699 	2097
f 2099 	1704 	1701
f 2419 	1818 	1815
f 2099 	2103 	1704
f 1706 	1704 	2103
f 2106 	1709 	2103
f 1818 	2419 	2421
f 1824 	1821 	2423
f 2114 	2116 	1714
f 2426 	1830 	2423
f 2426 	2428 	1830
f 1837 	1835 	2436
f 2519 	1912 	2518
f 1837 	2436 	1839
f 1958 	2316 	2318
f 2126 	2127 	1734
f 1960 	2321 	2323
f 2129 	1739 	2127
f 2129 	2130 	1739
f 2446 	1844 	1843
f 2330 	1961 	2323
f 1844 	2446 	1845
f 2449 	2450 	1845
f 1846 	2450 	1847
f 2452 	2454 	1847
f 1848 	1847 	2454
f 1748 	2140 	1750
f 1790 	1789 	2493
f 1848 	2454 	1849
f 2459 	2462 	1849
f 1850 	1849 	2462
f 2465 	1851 	2462
f 1856 	1851 	2477
f 2149 	2152 	1758
f 1852 	2470 	1853
f 1762 	1760 	2154
f 2472 	1854 	1853
f 2474 	1855 	1854
f 1857 	1856 	2477
f 2480 	1858 	1857
f 2270 	2272 	1572
f 1858 	2480 	1859
f 2482 	1859 	2480
f 2172 	2175 	1796
f 2482 	2484 	1859
f 2175 	1801 	1799
f 2486 	1861 	1860
f 1719 	2425 	1721
f 1862 	1861 	2489
f 2486 	2489 	1861
f 1721 	2427 	2429
f 1723 	1721 	2429
f 1862 	2489 	1863
f 2494 	1863 	2489
f 1723 	2429 	1724
f 2430 	1724 	2429
f 1748 	1808 	2140
f 1863 	2494 	1864
f 2496 	1864 	2494
f 2430 	2434 	1724
f 1726 	1724 	2434
f 2496 	2498 	1864
f 1738 	1726 	2437
f 2434 	2437 	1726
f 1866 	2498 	1868
f 2465 	2477 	1851
f 1743 	1790 	2440
f 2500 	1868 	2498
f 2441 	1744 	2440
f 1743 	2440 	1744
f 1870 	1868 	2502
f 1744 	2441 	1746
f 1747 	1746 	2444
f 1927 	2271 	2269
f 2445 	1749 	2444
f 2445 	2447 	1749
f 1614 	1613 	2308
f 1751 	2447 	1752
f 2474 	1797 	1855
f 1798 	1797 	2394
f 2282 	1934 	1931
f 1798 	2394 	1800
f 2563 	2034 	2562
f 2453 	2455 	1759
f 2457 	1763 	2455
f 1761 	2455 	1763
f 1619 	1618 	2328
f 1765 	1763 	2460
f 2457 	2460 	1763
f 1619 	2328 	2331
f 1766 	1765 	2463
f 1621 	2331 	2333
f 2037 	2566 	2038
f 1766 	2463 	1767
f 2039 	2038 	2568
f 2412 	1815 	1814
f 2464 	2478 	1767
f 1772 	1771 	2466
f 1772 	2466 	1773
f 2468 	1773 	2466
f 1773 	2468 	1774
f 2469 	1774 	2468
f 1821 	1818 	2421
f 2421 	2423 	1821
f 2469 	2471 	1774
f 1775 	1774 	2471
f 2386 	2353 	1648
f 2475 	1776 	2471
f 1775 	2471 	1776
f 2423 	1830 	1824
f 1649 	1648 	2356
f 2316 	1958 	1957
f 2475 	2483 	1776
f 1778 	1767 	2478
f 1832 	2428 	1835
f 2478 	1780 	1778
f 1734 	1732 	2126
f 2432 	2436 	1835
f 1960 	2323 	1961
f 2514 	1907 	2513
f 1736 	1734 	2127
f 2438 	1839 	2436
f 2127 	1739 	1736
f 1839 	2438 	1841
f 2439 	1841 	2438
f 1785 	1776 	2483
f 2485 	1786 	2483
f 1785 	2483 	1786
f 1909 	2515 	2516
f 2443 	1843 	2439
f 2132 	1742 	1741
f 2485 	2487 	1786
f 1909 	2516 	2517
f 2136 	1745 	2132
f 1787 	2487 	2488
f 1967 	2337 	2341
f 1969 	1967 	2341
f 2492 	2493 	1789
f 1911 	2518 	1912
f 1790 	2493 	2440
f 1912 	2519 	2520
f 2450 	1846 	1845
f 1738 	2437 	1702
f 2452 	1847 	2450
f 1658 	2371 	1659
f 2358 	1977 	1974
f 1703 	1702 	2411
f 2373 	2375 	1659
f 2361 	1977 	2358
f 1703 	2411 	1705
f 2459 	1849 	2454
f 1660 	2375 	1661
f 1964 	2521 	2522
f 2413 	2414 	1705
f 2149 	1758 	2148
f 2414 	1708 	1707
f 2417 	1710 	1708
f 1850 	2462 	1851
f 2152 	2154 	1760
f 1970 	1968 	2527
f 1663 	2380 	2382
f 1711 	2418 	1713
f 2528 	1970 	2527
f 1666 	2384 	2386
f 2167 	1779 	1768
f 2374 	2376 	1987
f 1718 	1717 	2424
f 2167 	1791 	1779
f 1988 	2376 	2378
f 2424 	1719 	1718
f 1992 	1990 	2383
f 2385 	1993 	2383
f 2177 	1803 	1801
f 2177 	1805 	1803
f 2540 	2001 	2538
f 2396 	2011 	2392
f 2181 	2140 	1808
f 1985 	2015 	2404
f 2080 	1672 	1639
f 1928 	1926 	2273
f 2080 	1673 	1672
f 2273 	1929 	1928
f 2547 	2005 	2545
f 2547 	2550 	2005
f 2006 	2550 	2007
f 1690 	1687 	2092
f 1690 	2092 	1691
f 2026 	2555 	2556
f 1666 	2386 	1648
f 2028 	2556 	2557
f 2353 	2356 	1648
f 1958 	2318 	2321
f 2028 	2557 	2029
f 1651 	1650 	2359
f 1651 	2359 	1652
f 2360 	1652 	2359
f 2558 	2559 	2029
f 2360 	2363 	1652
f 1653 	1652 	2363
f 2364 	1654 	2363
f 1653 	2363 	1654
f 1963 	1961 	2334
f 1654 	2364 	2366
f 1600 	2366 	2292
f 1706 	2103 	1709
f 1656 	1647 	2369
f 2370 	1657 	2369
f 1656 	2369 	1657
f 2106 	1712 	1709
f 2371 	1658 	2370
f 1657 	2370 	1658
f 2373 	1659 	2371
f 1660 	1659 	2375
f 2377 	1661 	2375
f 1715 	1714 	2116
f 1661 	2377 	2379
f 1663 	2379 	2380
f 1720 	2116 	2120
f 1715 	2116 	1720
f 1722 	1720 	2120
f 1571 	2287 	2268
f 1571 	2268 	1572
f 2270 	1572 	2268
f 1573 	1572 	2272
f 2567 	2568 	2038
f 2124 	1732 	1725
f 1575 	2277 	2280
f 2124 	2126 	1732
f 1615 	2280 	2319
f 1577 	2285 	2284
f 2284 	2286 	1577
f 2042 	2041 	2572
f 1600 	2292 	2295
f 1602 	2295 	2298
f 1602 	2298 	1604
f 2301 	1604 	2298
f 2301 	2303 	1604
f 1907 	2514 	2515
f 2306 	2308 	1613
f 1614 	2308 	2285
f 1615 	2319 	2322
f 1617 	2324 	1618
f 2520 	1913 	1912
f 2282 	2307 	1934
f 2325 	2328 	1618
f 2000 	1913 	2538
f 2288 	1937 	1995
f 1621 	2333 	1622
f 1623 	2335 	2338
f 1964 	2522 	2524
f 1942 	2296 	1943
f 1623 	2338 	2340
f 2525 	1968 	2524
f 1646 	2343 	1647
f 2346 	2369 	1647
f 1948 	2309 	1951
f 2313 	1955 	2311
f 2313 	1956 	1955
f 2564 	1999 	2532
f 2330 	2334 	1961
f 1963 	2334 	2337
f 2349 	1972 	1969
f 1974 	1972 	2349
f 2361 	1979 	1977
f 1980 	1979 	2365
f 2361 	2365 	1979
f 2365 	1982 	1980
f 1988 	2378 	1989
f 1990 	1989 	2381
f 2378 	2381 	1989
f 2381 	2383 	1990
f 1992 	2383 	1993
f 1994 	1993 	2387
f 2385 	2387 	1993
f 1994 	2387 	1995
f 2392 	2010 	2009
f 2010 	2392 	2011
f 2396 	2012 	2011
f 2403 	2014 	2013
f 2404 	2015 	2403
f 2014 	2403 	2015
f 2509 	1903 	2034
f 1926 	1927 	2269
f 1903 	2509 	1904
f 2269 	2273 	1926
f 1937 	2288 	1939
f 2296 	1944 	1943
f 2520 	2538 	1913
f 1934 	2307 	1947
f 2521 	1962 	2540
f 2307 	1948 	1947
f 2311 	1955 	1951
f 2525 	2527 	1968
f 2321 	1959 	1958
f 1959 	2321 	1960
f 1973 	2529 	1996
f 2531 	1997 	1996
f 2531 	1996 	2530
f 2543 	2002 	2531
f 1998 	2533 	1999
f 1965 	1963 	2337
f 1967 	1965 	2337
f 2000 	2538 	2001
f 1997 	2531 	2002
f 2544 	2003 	2543
f 2002 	2543 	2003
f 2004 	2003 	2545
f 2544 	2545 	2003
f 2545 	2005 	2004
f 2550 	2006 	2005
f 2551 	2007 	2550
f 2551 	2008 	2007
f 2026 	2556 	2027
f 2027 	2556 	2028
f 2558 	2029 	2557
f 2559 	2030 	2029
f 2559 	2031 	2030
f 2561 	2032 	2031
f 2032 	2561 	2033
f 2564 	2035 	1999
f 2036 	2035 	2565
f 2036 	2565 	2037
f 2571 	2572 	2041
f 2572 	2026 	2042
f 2510 	1904 	2509
f 2510 	1905 	1904
f 2513 	1906 	1905
f 2513 	1907 	1906
f 1908 	1907 	2515
f 1908 	2515 	1909
f 2517 	1910 	1909
f 2517 	1911 	1910
f 2001 	2540 	1962
f 2521 	1964 	1962
f 2524 	1966 	1964
f 1966 	2524 	1968
f 1971 	1970 	2528
f 1971 	2528 	1973
# 1276 faces

g group_3_16448250

usemtl color_16448250
s 0

f 1591 	2461 	1592
f 1598 	2523 	1594
f 1606 	2399 	1605
f 1605 	1607 	1606
f 1606 	1607 	1608
f 1603 	1608 	1607
f 1606 	1612 	1610
f 1606 	1608 	1612
f 1608 	1592 	1612
f 2461 	1612 	1592
f 1626 	1627 	2526
f 1603 	2409 	1627
f 1633 	1638 	1634
f 1634 	1638 	1641
f 1640 	1641 	1638
f 1634 	1642 	1635
f 1641 	1643 	1642
f 1641 	1642 	1634
f 1667 	2574 	1645
f 1688 	2642 	1689
f 1819 	1842 	1817
f 1833 	1884 	1823
f 1826 	1833 	1823
f 1831 	1833 	1826
f 1834 	1812 	1831
f 1838 	1840 	1811
f 2221 	1895 	1881
f 1882 	2221 	1881
f 1883 	1833 	1882
f 1884 	1833 	1883
f 1885 	1886 	1820
f 1878 	1820 	1886
f 1887 	1878 	1886
f 1890 	1899 	1889
f 1895 	2221 	1894
f 1893 	1894 	2221
f 1896 	1880 	1895
f 1897 	1898 	1879
f 1893 	2221 	1892
f 2339 	1892 	2221
f 1890 	1879 	1898
f 2220 	1889 	1899
f 1896 	1897 	1879
f 1879 	1880 	1896
f 1880 	1881 	1895
f 2221 	1882 	1833
f 2220 	1877 	1887
f 1884 	1885 	1820
f 1820 	1822 	1884
f 1822 	1823 	1884
f 1819 	1811 	1840
f 1842 	1819 	1840
f 1834 	1838 	1811
f 1811 	1812 	1834
f 1833 	1831 	1812
f 1812 	1813 	1833
f 1876 	2220 	1817
f 1876 	1817 	1842
f 1816 	1817 	2220
f 2220 	1876 	1877
f 1878 	1887 	1877
f 2220 	1887 	1888
f 2220 	1888 	1889
f 1898 	1899 	1890
f 2220 	1899 	1900
f 2220 	1900 	1901
f 2220 	1901 	1902
f 1930 	1940 	1945
f 1945 	1816 	2220
f 1916 	1921 	1935
f 1917 	1921 	1916
f 1918 	1950 	1917
f 1833 	1933 	1921
f 1919 	1950 	1918
f 1921 	1917 	1950
f 1922 	1954 	1919
f 1925 	1945 	1924
f 1924 	1952 	1923
f 1933 	1833 	1813
f 1935 	1921 	1933
f 1936 	1915 	1935
f 1932 	1914 	1940
f 1930 	1932 	1940
f 1938 	1940 	1914
f 1936 	1938 	1914
f 1914 	1915 	1936
f 1915 	1916 	1935
f 1953 	1923 	1952
f 1930 	1945 	1925
f 1941 	1945 	1940
f 1816 	1945 	1941
f 1952 	1924 	1945
f 1952 	1945 	1946
f 1920 	1921 	1950
f 1950 	1919 	1949
f 1953 	1954 	1923
f 1922 	1923 	1954
f 1949 	1919 	1954
f 1976 	1975 	2125
f 1984 	2147 	1986
f 2020 	2025 	2019
f 2025 	2020 	2021
f 2044 	2023 	2024
f 2025 	2045 	2019
f 1991 	1986 	2781
f 2049 	2064 	2048
f 2056 	2061 	2055
f 2019 	2045 	2056
f 2054 	2125 	2057
f 2064 	2049 	2062
f 2065 	2107 	2047
f 2049 	2055 	2062
f 2061 	2062 	2055
f 2066 	2107 	2065
f 2070 	2102 	2069
f 2104 	2105 	2069
f 2074 	2579 	2075
f 2082 	2085 	2155
f 2079 	2576 	2082
f 2082 	2576 	2131
f 2133 	2156 	2050
f 2087 	2147 	1984
f 2088 	2087 	1978
f 2100 	2072 	2059
f 2060 	2045 	2059
f 2061 	2056 	2060
f 2060 	2056 	2045
f 2100 	2059 	2045
f 2104 	2069 	2102
f 2102 	2070 	2071
f 2072 	2100 	2071
f 2101 	2071 	2100
f 2102 	2071 	2101
f 2094 	2091 	2125
f 2091 	2088 	1978
f 2044 	2024 	2046
f 2047 	2107 	2046
f 2048 	2064 	2047
f 2064 	2065 	2047
f 2068 	2069 	2105
f 2066 	2068 	2107
f 2107 	2068 	2105
f 2044 	2046 	2107
f 2113 	2115 	2119
f 2095 	2094 	2125
f 2125 	2091 	1978
f 2119 	2115 	2118
f 2125 	2051 	2117
f 2117 	2095 	2125
f 2135 	2137 	2163
f 2320 	2163 	2137
f 2138 	2320 	2137
f 2123 	2117 	2050
f 2139 	2182 	2138
f 2131 	2576 	2141
f 2153 	2192 	2151
f 2192 	2190 	2151
f 1978 	1976 	2125
f 1981 	2087 	1984
f 1981 	1978 	2087
f 2147 	2144 	1986
f 2781 	1986 	2144
f 2156 	2170 	2155
f 2161 	2163 	2160
f 2160 	2163 	2159
f 2162 	2135 	2163
f 2054 	2051 	2125
f 2128 	2123 	2050
f 2050 	2085 	2128
f 2131 	2128 	2085
f 2085 	2082 	2131
f 2051 	2050 	2117
f 2165 	2135 	2162
f 2110 	2159 	2163
f 2166 	2168 	2133
f 2144 	2141 	2781
f 2075 	2576 	2079
f 2112 	2113 	2158
f 2159 	2110 	2158
f 2110 	2112 	2158
f 2110 	2163 	2109
f 2174 	2158 	2113
f 2119 	2174 	2113
f 2161 	2162 	2163
f 2156 	2133 	2168
f 2170 	2171 	2192
f 2165 	2166 	2133
f 2133 	2134 	2165
f 2134 	2135 	2165
f 2153 	2155 	2192
f 2192 	2155 	2170
f 2168 	2170 	2156
f 2119 	2192 	2171
f 2119 	2171 	2173
f 2173 	2174 	2119
f 2058 	2491 	2063
f 2491 	2490 	2063
f 2183 	2320 	2182
f 2320 	2138 	2182
f 2781 	2141 	2576
f 2184 	2320 	2183
f 2180 	2182 	2139
f 2186 	2326 	2185
f 1975 	1976 	2109
f 1978 	2110 	1976
f 2189 	2192 	2188
f 2142 	2150 	2179
f 2180 	2139 	2179
f 2142 	2179 	2139
f 2190 	2191 	2150
f 2150 	2151 	2190
f 2192 	2189 	2190
f 2191 	2179 	2150
f 2113 	2112 	1984
f 2115 	2113 	1986
f 1984 	1986 	2113
f 1986 	1991 	2115
f 2051 	2134 	2050
f 2133 	2050 	2134
f 2054 	2135 	2051
f 2137 	2057 	2138
f 2192 	2354 	2187
f 2188 	2192 	2187
f 2354 	2326 	2187
f 2185 	2320 	2184
f 2118 	2217 	2119
f 2063 	2139 	2058
f 2109 	2163 	2108
f 2196 	2207 	2195
f 2207 	2208 	2195
f 2197 	2199 	2196
f 2198 	2215 	2197
f 2207 	2196 	2199
f 2207 	2199 	2200
f 2204 	2211 	2203
f 2206 	2193 	2212
f 2209 	2212 	2193
f 2194 	2208 	2193
f 2194 	2195 	2208
f 2209 	2193 	2208
f 2210 	2211 	2213
f 2213 	2211 	2205
f 2206 	2213 	2205
f 2212 	2213 	2206
f 2204 	2205 	2211
f 2119 	2217 	2211
f 2163 	2199 	2108
f 2215 	2216 	2199
f 2216 	2108 	2199
f 2217 	2218 	2202
f 2218 	2214 	2202
f 2214 	2215 	2198
f 2199 	2197 	2215
f 2201 	2202 	2214
f 2201 	2214 	2198
f 2203 	2217 	2202
f 2203 	2211 	2217
f 2348 	2352 	2022
f 2023 	2347 	2022
f 2067 	2142 	2063
f 1891 	2344 	1902
f 1902 	2344 	2220
f 2150 	2142 	2074
f 2067 	2074 	2142
f 2074 	2075 	2150
f 2151 	2150 	2075
f 2224 	2231 	2223
f 2223 	2231 	2222
f 2079 	2151 	2075
f 2155 	2153 	2082
f 2156 	2155 	2085
f 2229 	2237 	2228
f 2227 	2228 	2237
f 2085 	2050 	2156
f 2230 	2224 	2229
f 2231 	2224 	2230
f 2088 	2159 	2087
f 2158 	2087 	2159
f 2232 	2222 	2231
f 2233 	2229 	2224
f 2091 	2160 	2088
f 2237 	2238 	2227
f 2237 	2229 	2233
f 2226 	2227 	2238
f 2226 	2238 	2264
f 2161 	2091 	2094
f 2095 	2162 	2094
f 2246 	2256 	2244
f 2165 	2095 	2117
f 2264 	2251 	2226
f 2123 	2166 	2117
f 2165 	2117 	2166
f 2123 	2128 	2166
f 2168 	2166 	2128
f 2257 	2244 	2256
f 2256 	2249 	2255
f 2170 	2168 	2131
f 2128 	2131 	2168
f 2258 	2222 	2257
f 2246 	2249 	2256
f 2264 	2255 	2251
f 2259 	2222 	2258
f 2131 	2141 	2170
f 2173 	2171 	2144
f 2144 	2147 	2173
f 2158 	2174 	2087
f 2244 	2257 	2242
f 2232 	2242 	2222
f 2222 	2242 	2257
f 2260 	2305 	2225
f 2260 	2225 	2259
f 2222 	2259 	2225
f 2320 	2125 	2163
f 2264 	2266 	2255
f 2281 	2350 	2283
f 2290 	2289 	2281
f 2281 	2278 	2290
f 2278 	2275 	2290
f 2294 	2290 	2275
f 2297 	2294 	2275
f 2249 	2251 	2255
f 2297 	2274 	2797
f 2274 	2297 	2275
f 2300 	2297 	2797
f 2310 	2332 	2305
f 2244 	2242 	2274
f 2244 	2274 	2275
f 2314 	2265 	2317
f 2266 	2264 	2265
f 2317 	2265 	2264
f 2278 	2244 	2275
f 2336 	2305 	2332
f 2312 	2332 	2310
f 2336 	2225 	2305
f 2312 	2314 	2317
f 2185 	2327 	2320
f 2332 	2312 	2329
f 2312 	2317 	2329
f 2257 	2290 	2294
f 2297 	2258 	2294
f 2257 	2294 	2258
f 2327 	2329 	2317
f 2317 	2320 	2327
f 2221 	2225 	2339
f 2258 	2297 	2300
f 2258 	2300 	2259
f 2342 	1891 	2339
f 2302 	2259 	2300
f 2348 	2022 	2347
f 2023 	2044 	2347
f 2327 	2185 	2326
f 2186 	2187 	2326
f 2350 	2351 	2846
f 2347 	2044 	2344
f 2352 	2354 	2025
f 2192 	2025 	2354
f 2025 	2021 	2352
f 2021 	2022 	2352
f 2336 	2339 	2225
f 2344 	1891 	2342
f 2044 	2220 	2344
f 1892 	2339 	1891
f 2289 	2350 	2281
f 2458 	2846 	2351
f 2350 	2266 	2351
f 2289 	2266 	2350
f 2602 	1817 	2601
f 1816 	2601 	1817
f 2603 	1819 	2602
f 1817 	2602 	1819
f 1811 	1819 	2603
f 1822 	2606 	1823
f 2606 	2607 	1823
f 2526 	2409 	2389
f 1876 	2613 	1877
f 2797 	2399 	2300
f 2615 	1878 	2614
f 2302 	2300 	2399
f 2260 	2302 	2431
f 1880 	2618 	1881
f 2526 	1627 	2409
f 2618 	2619 	1881
f 1605 	2399 	2389
f 1883 	2621 	1884
f 2389 	2409 	1605
f 1607 	1605 	2409
f 2621 	2622 	1884
f 2433 	2458 	2435
f 2362 	2458 	2351
f 2431 	2399 	2433
f 2399 	2458 	2433
f 2431 	2302 	2399
f 1889 	2626 	1890
f 1879 	1890 	2627
f 2305 	2260 	2431
f 2628 	2629 	1891
f 2433 	2305 	2431
f 2630 	1893 	1892
f 2630 	2631 	1893
f 1607 	2409 	1603
f 2456 	2458 	1610
f 2399 	1606 	2458
f 1610 	2458 	1606
f 2456 	1610 	2461
f 2461 	2501 	2456
f 1612 	2461 	1610
f 2362 	2435 	2458
f 2456 	2320 	2458
f 1900 	2639 	1901
f 2641 	1902 	2640
f 1901 	2640 	1902
f 1591 	1593 	2461
f 1902 	2641 	1891
f 2628 	1891 	2641
f 2058 	2057 	2125
f 2125 	2456 	2497
f 2125 	2320 	2456
f 1954 	2704 	1949
f 2501 	2499 	2456
f 1950 	1949 	2704
f 2501 	2461 	1593
f 2067 	2063 	2490
f 2495 	2491 	2058
f 1917 	2715 	1918
f 2497 	2495 	2125
f 2058 	2125 	2495
f 1918 	2688 	1919
f 2074 	2067 	2490
f 2497 	2456 	2499
f 2491 	2180 	2490
f 1923 	2692 	1924
f 2495 	2182 	2491
f 1924 	2723 	1925
f 2183 	2495 	2497
f 1925 	2724 	1930
f 2499 	2184 	2497
f 2183 	2497 	2184
f 2523 	2505 	2501
f 1594 	2501 	1593
f 2185 	2499 	2505
f 2499 	2501 	2505
f 1941 	2600 	1816
f 2508 	2507 	2523
f 2490 	2191 	2512
f 2107 	2534 	2044
f 2490 	2512 	2074
f 2512 	2579 	2074
f 2575 	2583 	2025
f 2507 	2505 	2523
f 2507 	2186 	2505
f 2187 	2186 	2508
f 2508 	2577 	2187
f 2191 	2190 	2512
f 2021 	2539 	2022
f 1598 	1599 	2523
f 2580 	2523 	1599
f 2541 	2023 	2539
f 2022 	2539 	2023
f 2023 	2541 	2024
f 2501 	1594 	2523
f 1625 	1626 	2526
f 2100 	2683 	2101
f 2683 	2102 	2101
f 2102 	2682 	2104
f 2105 	2104 	2686
f 2046 	2548 	2047
f 2047 	2548 	2048
f 2048 	2549 	2049
f 2537 	2575 	2539
f 2541 	2539 	2534
f 2542 	2541 	2534
f 2535 	2575 	2537
f 2534 	2582 	2546
f 2587 	2585 	2552
f 2554 	2583 	2536
f 2546 	2542 	2534
f 2065 	2592 	2066
f 2535 	2020 	2019
f 2535 	2019 	2536
f 2020 	2535 	2021
f 2537 	2021 	2535
f 2539 	2021 	2537
f 2024 	2541 	2542
f 2542 	2546 	2024
f 2071 	2681 	2072
f 2056 	2536 	2019
f 2046 	2024 	2546
f 2059 	2072 	2681
f 2576 	2575 	2192
f 2548 	2046 	2546
f 2048 	2548 	2549
f 2044 	2534 	2220
f 1975 	2109 	2108
f 2109 	1976 	2110
f 2584 	2049 	2549
f 1981 	2112 	1978
f 2110 	1978 	2112
f 2552 	2055 	2049
f 2055 	2552 	2056
f 2554 	2056 	2552
f 1981 	1984 	2112
f 2056 	2554 	2536
f 2118 	2115 	1991
f 2534 	2575 	1634
f 2569 	2220 	2534
f 2134 	2051 	2135
f 1635 	2569 	2534
f 1634 	1635 	2534
f 2057 	2137 	2054
f 2135 	2054 	2137
f 2058 	2138 	2057
f 2138 	2058 	2139
f 2139 	2063 	2142
f 1635 	1642 	2573
f 1635 	2573 	2569
f 1643 	2573 	1642
f 2079 	2153 	2151
f 2079 	2082 	2153
f 1644 	2574 	2573
f 1643 	1644 	2573
f 2159 	2088 	2160
f 1644 	1645 	2574
f 2160 	2091 	2161
f 2161 	2094 	2162
f 2162 	2095 	2165
f 2025 	2192 	2575
f 2523 	2580 	2508
f 2577 	2508 	2580
f 2576 	2075 	2579
f 2578 	2576 	2579
f 2578 	2577 	2576
f 2576 	2577 	2580
f 2188 	2187 	2577
f 2188 	2577 	2578
f 2119 	2781 	2576
f 1628 	2580 	1599
f 2580 	2581 	2576
f 2580 	1628 	2581
f 1631 	2581 	1628
f 2141 	2171 	2170
f 2141 	2144 	2171
f 2147 	2174 	2173
f 2147 	2087 	2174
f 1631 	1632 	2581
f 1640 	2581 	1632
f 2490 	2180 	2179
f 2536 	2575 	2535
f 2534 	2539 	2575
f 2180 	2491 	2182
f 2576 	1633 	2575
f 1633 	1634 	2575
f 2576 	2581 	1633
f 1638 	1633 	2581
f 1638 	2581 	1640
f 2107 	2582 	2534
f 2182 	2495 	2183
f 2575 	2536 	2583
f 2583 	2552 	2585
f 2499 	2185 	2184
f 2591 	2590 	2549
f 2548 	2582 	2549
f 2185 	2505 	2186
f 2554 	2552 	2583
f 2589 	2587 	2552
f 2552 	2584 	2589
f 2590 	2589 	2584
f 2584 	2549 	2590
f 2591 	2549 	2582
f 2585 	2586 	2583
f 2591 	2582 	2592
f 2548 	2546 	2582
f 2045 	2025 	2583
f 2105 	2582 	2107
f 2552 	2049 	2584
f 2585 	2060 	2059
f 2585 	2059 	2586
f 2060 	2585 	2061
f 2587 	2061 	2585
f 2587 	2589 	2061
f 2062 	2061 	2589
f 2064 	2062 	2589
f 2064 	2589 	2590
f 2064 	2590 	2591
f 2064 	2591 	2065
f 2065 	2591 	2592
f 2681 	2586 	2059
f 2507 	2508 	2186
f 2188 	2578 	2189
f 2190 	2189 	2579
f 2578 	2579 	2189
f 2579 	2512 	2190
f 2490 	2179 	2191
f 2609 	2608 	2595
f 2593 	2609 	2594
f 2119 	2576 	2192
f 2594 	2609 	2595
f 2595 	2720 	2596
f 2597 	2596 	2720
f 2605 	2620 	2606
f 2606 	2620 	2607
f 2607 	2720 	2608
f 1838 	1834 	2610
f 2608 	2720 	2595
f 2611 	1840 	2610
f 2735 	2208 	2207
f 1842 	2612 	1876
f 2602 	2739 	2612
f 2612 	2611 	2602
f 2726 	2194 	2193
f 2195 	2755 	2196
f 2196 	2757 	2197
f 2198 	2711 	2201
f 2634 	2632 	2617
f 2616 	2634 	2617
f 2712 	2714 	2201
f 2619 	2618 	2389
f 2726 	2193 	2206
f 2389 	2720 	2619
f 2620 	2619 	2720
f 1885 	1884 	2622
f 2720 	2607 	2620
f 2623 	1886 	2622
f 2216 	2719 	2108
f 2721 	2217 	2118
f 2622 	2604 	2623
f 2721 	2722 	2217
f 2614 	2569 	2624
f 2614 	2624 	2623
f 2739 	1945 	2220
f 2389 	2399 	2221
f 2627 	2626 	2638
f 2625 	2569 	2626
f 2223 	2798 	2224
f 2629 	2526 	2630
f 2389 	2630 	2526
f 2632 	2631 	2389
f 2630 	2389 	2631
f 2389 	2618 	2632
f 1899 	2638 	1900
f 2399 	2225 	2221
f 2399 	2797 	2225
f 2225 	2797 	2222
f 2526 	2629 	2642
f 2628 	2642 	2629
f 2642 	2641 	2574
f 2640 	2574 	2641
f 2238 	2846 	2264
f 2636 	2616 	2637
f 2617 	2632 	2618
f 2634 	2616 	2636
f 2627 	2637 	2616
f 2638 	2637 	2627
f 2233 	2224 	2798
f 2605 	2604 	2621
f 2621 	2620 	2605
f 2622 	2621 	2604
f 2604 	2615 	2623
f 2614 	2623 	2615
f 2610 	2593 	2611
f 2609 	2593 	2610
f 2593 	2603 	2611
f 2602 	2611 	2603
f 2639 	2638 	2569
f 2639 	2569 	2640
f 2638 	2626 	2569
f 2625 	2624 	2569
f 2614 	2613 	2569
f 2739 	2569 	2613
f 2613 	2612 	2739
f 2601 	2739 	2602
f 2593 	2594 	1811
f 1812 	1811 	2594
f 2595 	1813 	1812
f 2595 	1812 	2594
f 1933 	1813 	2596
f 1921 	2720 	1833
f 1811 	2603 	2593
f 2604 	2605 	1820
f 1822 	1820 	2605
f 2606 	1822 	2605
f 1826 	1823 	2607
f 2607 	2608 	1826
f 1831 	1826 	2608
f 1834 	1831 	2609
f 2608 	2609 	1831
f 2609 	2610 	1834
f 2229 	2811 	2230
f 1838 	2610 	1840
f 2230 	2811 	2231
f 2612 	1842 	2611
f 1840 	2611 	1842
f 2613 	1876 	2612
f 2274 	2242 	2232
f 2614 	1877 	2613
f 1877 	2614 	1878
f 2278 	2246 	2244
f 1878 	2615 	1820
f 2604 	1820 	2615
f 2246 	2278 	2281
f 2246 	2281 	2249
f 2249 	2281 	2283
f 2249 	2283 	2251
f 2616 	2617 	1879
f 1880 	1879 	2617
f 2251 	2283 	2226
f 1880 	2617 	2618
f 1882 	1881 	2619
f 2255 	2289 	2290
f 2255 	2290 	2256
f 2619 	2620 	1882
f 1883 	1882 	2620
f 2256 	2290 	2257
f 1883 	2620 	2621
f 2259 	2302 	2260
f 1885 	2622 	1886
f 2351 	2266 	2265
f 2624 	1887 	2623
f 1886 	2623 	1887
f 2289 	2255 	2266
f 1887 	2624 	1888
f 2625 	1888 	2624
f 1888 	2625 	1889
f 2626 	1889 	2625
f 2433 	2310 	2305
f 2627 	1890 	2626
f 2310 	2433 	2435
f 2310 	2435 	2312
f 2616 	1879 	2627
f 2314 	2435 	2362
f 2312 	2435 	2314
f 1892 	1891 	2629
f 2351 	2265 	2362
f 2314 	2362 	2265
f 2629 	2630 	1892
f 2458 	2320 	2317
f 1894 	1893 	2631
f 2458 	2317 	2264
f 2631 	2632 	1894
f 1895 	1894 	2632
f 2643 	2644 	2327
f 2643 	2327 	2326
f 2327 	2644 	2645
f 2327 	2645 	2329
f 2632 	2634 	1895
f 1896 	1895 	2634
f 2329 	2645 	2646
f 2329 	2646 	2332
f 2332 	2646 	2647
f 2332 	2647 	2336
f 2636 	1897 	1896
f 2636 	1896 	2634
f 2336 	2647 	2648
f 2336 	2648 	2339
f 2339 	2648 	2649
f 2339 	2649 	2342
f 1898 	1897 	2636
f 1898 	2636 	2637
f 2638 	1899 	2637
f 1898 	2637 	1899
f 2639 	1900 	2638
f 2640 	1901 	2639
f 2720 	2389 	1833
f 2221 	1833 	2389
f 2595 	2596 	1813
f 1935 	1933 	2597
f 2596 	2597 	1933
f 1936 	1935 	2598
f 2597 	2598 	1935
f 1938 	1936 	2678
f 1940 	2678 	2599
f 2600 	1941 	2599
f 1940 	2599 	1941
f 2601 	1816 	2600
f 2220 	2569 	2739
f 2574 	2640 	2569
f 2574 	2569 	2573
f 2628 	2641 	2642
f 2574 	1667 	2642
f 1689 	2642 	1667
f 2342 	2649 	2650
f 2651 	2344 	2650
f 2342 	2650 	2344
f 2344 	2651 	2653
f 2344 	2653 	2347
f 1688 	1625 	2642
f 2526 	2642 	1625
f 2347 	2653 	2654
f 2347 	2654 	2348
f 2348 	2654 	2660
f 2348 	2660 	2352
f 2352 	2660 	2661
f 2352 	2661 	2354
f 2354 	2661 	2664
f 2643 	2326 	2664
f 2354 	2664 	2326
f 2662 	2598 	2663
f 2665 	2663 	2597
f 2685 	2676 	2582
f 2680 	2684 	2681
f 2586 	2681 	2684
f 2583 	2586 	2684
f 2679 	2677 	2682
f 2680 	2679 	2682
f 2682 	2683 	2680
f 2684 	2680 	2683
f 2682 	2677 	2686
f 2686 	2677 	2685
f 2676 	2685 	2677
f 2592 	2582 	2676
f 2045 	2583 	2100
f 2684 	2100 	2583
f 2678 	2662 	2599
f 2683 	2100 	2684
f 2682 	2102 	2683
f 2686 	2104 	2682
f 2599 	2739 	2600
f 2685 	2105 	2686
f 2582 	2105 	2685
f 2068 	2066 	2592
f 2068 	2592 	2676
f 2597 	2663 	2598
f 2598 	2662 	2678
f 2662 	2675 	2599
f 2672 	2599 	2675
f 2676 	2677 	2068
f 2069 	2068 	2677
f 2599 	2672 	2739
f 2601 	2600 	2739
f 2069 	2677 	2070
f 2679 	2070 	2677
f 2680 	2071 	2070
f 2680 	2070 	2679
f 2690 	2703 	2687
f 2071 	2680 	2681
f 2688 	2687 	2703
f 2689 	2688 	2703
f 2692 	2707 	2694
f 2707 	2700 	2694
f 2699 	2694 	2700
f 2704 	2705 	2689
f 2703 	2704 	2689
f 2691 	2689 	2705
f 2692 	2691 	2705
f 2705 	2706 	2692
f 2707 	2692 	2706
f 1946 	2700 	1952
f 2707 	1952 	2700
f 2706 	1953 	1952
f 2706 	1952 	2707
f 2705 	1954 	1953
f 2705 	1953 	2706
f 1954 	2705 	2704
f 2703 	1950 	2704
f 2690 	1920 	2703
f 1950 	2703 	1920
f 2663 	1915 	1914
f 2663 	1914 	2662
f 2663 	2665 	1915
f 1916 	1915 	2665
f 2763 	2718 	2710
f 2665 	2713 	1916
f 1917 	1916 	2713
f 2597 	2720 	2665
f 2687 	2688 	2715
f 2713 	2715 	1917
f 2688 	1918 	2715
f 2715 	2720 	2687
f 2714 	2721 	2716
f 2715 	2713 	2720
f 2713 	2665 	2720
f 1919 	2688 	2689
f 2714 	2712 	2717
f 2718 	2763 	2719
f 2691 	1922 	2689
f 2125 	1975 	2763
f 2719 	2763 	1975
f 2689 	1922 	1919
f 2690 	2720 	1920
f 1921 	1920 	2720
f 2687 	2720 	2690
f 2218 	2217 	2722
f 1991 	2781 	2721
f 2692 	1923 	1922
f 2691 	2692 	1922
f 2722 	2717 	2218
f 1924 	2692 	2694
f 2711 	2710 	2718
f 2718 	2717 	2711
f 2712 	2711 	2717
f 2714 	2717 	2722
f 2714 	2722 	2721
f 2699 	2723 	2694
f 2781 	2716 	2721
f 2724 	1925 	2723
f 2694 	2723 	1924
f 2119 	2211 	2781
f 2739 	2723 	2699
f 2723 	2739 	2724
f 2672 	1930 	2724
f 2724 	2739 	2672
f 1930 	2672 	1932
f 2675 	1932 	2672
f 2727 	2735 	2728
f 1932 	2675 	1914
f 2662 	1914 	2675
f 2598 	2678 	1936
f 2731 	2736 	2730
f 2732 	2730 	2738
f 1940 	1938 	2678
f 2725 	2734 	2727
f 2738 	2733 	2726
f 2732 	2738 	2726
f 2733 	2734 	2726
f 2725 	2726 	2734
f 2734 	2735 	2727
f 2729 	2728 	2735
f 2737 	2730 	2736
f 2738 	2730 	2737
f 2700 	1946 	2739
f 1945 	2739 	1946
f 2209 	2733 	2738
f 2739 	2699 	2700
f 2738 	2212 	2209
f 2738 	2737 	2213
f 2738 	2213 	2212
f 2736 	2210 	2737
f 2210 	2213 	2737
f 2770 	2716 	2781
f 2118 	1991 	2721
f 2163 	2763 	2199
f 2163 	2125 	2763
f 2735 	2207 	2200
f 2200 	2729 	2735
f 2735 	2734 	2208
f 2209 	2208 	2733
f 2734 	2733 	2208
f 2725 	2194 	2726
f 2194 	2725 	2195
f 2727 	2195 	2725
f 2195 	2727 	2755
f 2728 	2755 	2727
f 2757 	2196 	2755
f 2197 	2757 	2710
f 2763 	2710 	2757
f 2755 	2763 	2757
f 2711 	2198 	2710
f 2197 	2710 	2198
f 2755 	2728 	2763
f 2712 	2201 	2711
f 2729 	2763 	2728
f 2729 	2200 	2763
f 2199 	2763 	2200
f 2202 	2201 	2714
f 2714 	2716 	2202
f 2203 	2202 	2716
f 2204 	2203 	2770
f 2716 	2770 	2203
f 2730 	2775 	2731
f 2730 	2205 	2775
f 2205 	2204 	2775
f 2770 	2775 	2204
f 2775 	2781 	2731
f 2770 	2781 	2775
f 2205 	2730 	2206
f 2732 	2206 	2730
f 2726 	2206 	2732
f 2781 	2736 	2731
f 2781 	2211 	2210
f 2781 	2210 	2736
f 2718 	2215 	2717
f 2214 	2717 	2215
f 2215 	2718 	2216
f 2719 	2216 	2718
f 1975 	2108 	2719
f 2717 	2214 	2218
f 2799 	2797 	2812
f 2222 	2797 	2223
f 2799 	2223 	2797
f 2798 	2223 	2799
f 2807 	2815 	2805
f 2809 	2816 	2810
f 2816 	2814 	2810
f 2814 	2798 	2810
f 2811 	2810 	2798
f 2816 	2809 	2815
f 2809 	2805 	2815
f 2812 	2811 	2798
f 2798 	2799 	2812
f 2813 	2812 	2797
f 2807 	2283 	2846
f 2283 	2350 	2846
f 2274 	2813 	2797
f 2816 	2233 	2814
f 2816 	2237 	2233
f 2238 	2237 	2815
f 2816 	2815 	2237
f 2238 	2815 	2846
f 2798 	2814 	2233
f 2805 	2227 	2226
f 2805 	2226 	2807
f 2227 	2805 	2228
f 2809 	2228 	2805
f 2809 	2810 	2228
f 2229 	2228 	2810
f 2811 	2229 	2810
f 2231 	2811 	2812
f 2813 	2232 	2812
f 2231 	2812 	2232
f 2813 	2274 	2232
f 2226 	2283 	2807
f 2815 	2807 	2846
f 2458 	2264 	2846
# 1012 faces

 #end of obj_3

o obj_4
v 19 		1.025 		44.943
v 19 		3.814 		13.065
v 19 		1.822 		12.891
v 19 		-0.967 		44.769
v 35 		1.025 		44.943
v 33.996 		-0.967 		44.769
v 28.886 		1.025 		44.943
v 34.8902 		2.3687 		29.5839
v 34.914 		2.3717 		29.5499
v 61 		-38.424 		25.43
v 31.365 		9.248 		34.711
v 63.352 		-38.434 		25.536
v 91 		-38.6323 		27.8028
v 91.0488 		-38.59 		27.319
v 32.67 		9.362 		33.411
v 22.0841 		2.4381 		28.7883
v 22.0667 		2.436 		28.8125
v 91 		-36.597 		27.9807
v 63.352 		-40.426 		25.361
v 21.997 		33.724 		15.398
v 21.997 		17.885 		14.012
v 22.0504 		2.4333 		28.8436
v 22.0367 		2.431 		28.8701
v 21.997 		18.294 		9.33
v 61 		-40.417 		25.256
v 34.8901 		2.3687 		29.5841
v 22.0642 		2.4356 		28.8173
v 21.997 		11.111 		13.42
v 21.997 		15.394 		13.794
v 93.124 		-34.953 		21.85
v 21.997 		15.804 		9.112
v 92.428 		-34.984 		22.204
v 34.9465 		2.3766 		29.4932
v 34.9271 		2.3733 		29.5307
v 34.9571 		2.3784 		29.4729
v 34.9575 		2.3785 		29.4718
v 22.0248 		2.428 		28.9039
v 22.0176 		2.4263 		28.9239
v 22.0193 		2.4267 		28.919
v 22.0176 		2.4263 		28.9239
v 22.0176 		2.4263 		28.9239
v 31.365 		5.263 		34.363
v 22.0176 		2.4263 		28.9239
v 92.2581 		-35.5126 		28.2477
v 92.247 		-35.5135 		28.2587
v 92.1905 		-35.5185 		28.315
v 22.0176 		2.4264 		28.9239
v 32.67 		5.377 		33.063
v 34.9713 		2.3819 		29.4329
v 92.4003 		-35.5003 		28.1059
v 92.5 		-35.4917 		28.0066
v 92.5 		-36.5992 		27.9097
v 22.0176 		2.4265 		28.9239
v 92.0873 		-41.4529 		37.0996
v 91.9023 		-35.544 		28.6021
v 58.648 		-38.434 		25.536
v 92.0373 		-41.4566 		37.1416
v 91.8569 		-35.548 		28.6473
v 91.8321 		-35.5502 		28.672
v 92.0175 		-41.4585 		37.1632
v 22.0147 		2.4258 		28.9318
v 91.7867 		-36.5761 		28.6278
v 34.9791 		2.3838 		29.4108
v 34.9792 		2.3838 		29.4107
v 92.0253 		-41.5183 		37.8465
v 49.686 		-38.651 		28.018
v 49.686 		-40.643 		27.844
v 51.816 		-38.57 		27.099
v 51.816 		-40.563 		26.924
v 94.251 		-36.7397 		23.544
v 22.0071 		2.4228 		28.9662
v 22.0007 		2.4202 		28.9954
v 92.0733 		-41.5221 		37.8906
v 34.9882 		2.3874 		29.3702
v 34.9931 		2.3893 		29.3477
v 94.0841 		-36.7411 		23.4991
v 94 		-36.7419 		23.4764
v 54.033 		-40.499 		26.2
v 34 		3.205 		31.499
v 54.033 		-38.507 		26.374
v 93.8329 		-36.7404 		23.5214
v 93.749 		-36.7397 		23.544
v 34 		2.209 		31.412
v 56.318 		-40.454 		25.677
v 33.797 		17.885 		14.012
v 33.797 		18.294 		9.33
v 33.797 		11.111 		13.42
v 34.9981 		2.395 		29.2826
v 56.318 		-38.461 		25.851
v 33.797 		15.394 		13.794
v 94 		-36.7093 		24.4879
v 92.9683 		-35.481 		27.8817
v 92.9094 		-35.4823 		27.8974
v 33.797 		15.804 		9.112
v 93.2093 		-35.4753 		27.8175
v 93.6252 		-36.7357 		23.6684
v 93.565 		-36.7337 		23.7293
v 34.9951 		2.4007 		29.2174
v 27.837 		17.9548 		13.213
v 27.739 		17.9552 		13.208
v 31 		2.209 		31.412
v 92.6909 		-35.4873 		27.9557
v 31 		3.205 		31.499
v 27.545 		17.9583 		13.173
v 93.431 		-35.4701 		27.7583
v 93.497 		-36.7256 		23.9819
v 92.5649 		-35.4902 		27.9893
v 34.9894 		2.4036 		29.184
v 27.4515 		17.9609 		13.143
v 93.5403 		-35.4675 		27.7292
v 21.998 		2.4171 		29.0309
v 93.5443 		-36.72 		24.1578
v 34.41 		2.353 		29.7634
v 34.4014 		2.3531 		29.7615
v 93.565 		-36.7175 		24.2345
v 104 		-39.545 		15.292
v 34.3604 		2.3539 		29.7525
v 21.9957 		2.4146 		29.0605
v 28.323 		17.9595 		13.1595
v 34.502 		2.3523 		29.7715
v 34.4891 		2.3522 		29.7721
v 28.227 		17.9576 		13.1805
v 28.131 		17.9558 		13.201
v 34.466 		2.3524 		29.7703
v 34.4241 		2.3527 		29.7665
v 94 		-35.4568 		27.6066
v 93.6949 		-36.7133 		24.3657
v 93.749 		-36.7115 		24.4201
v 34.5943 		2.3531 		29.7618
v 34.5551 		2.3525 		29.7691
v 34.5317 		2.3524 		29.7702
v 27.935 		17.9544 		13.2175
v 94 		-36.6122 		27.5055
v 28.033 		17.9551 		13.209
v 34.7621 		2.3589 		29.696
v 34.7411 		2.3577 		29.7094
v 34.6821 		2.3553 		29.7374
v 34.6218 		2.3536 		29.7566
v 34.5964 		2.3532 		29.7614
v 21.9974 		2.4115 		29.0959
v 28.3754 		18.2089 		10.3036
v 28.459 		18.2066 		10.33
v 28.548 		18.203 		10.3715
v 28.637 		18.1994 		10.4135
v 34.2405 		2.3585 		29.7014
v 21.9987 		2.4089 		29.1256
v 94.251 		-36.7115 		24.4201
v 28.802 		18.1901 		10.5195
v 28.877 		18.1845 		10.583
v 28.952 		18.179 		10.646
v 34 		3.553 		27.515
v 34 		2.5575 		27.427
v 29.0185 		18.1728 		10.718
v 29.085 		18.1664 		10.7905
v 94.3802 		-36.7157 		24.2896
v 34.2785 		2.3569 		29.7201
v 94.208 		-35.4617 		27.6621
v 94.435 		-36.7175 		24.2345
v 37.116 		-42.146 		45.024
v 29.197 		18.1524 		10.9515
v 37 		-42.334 		47.172
v 37 		-40.342 		47.347
v 29.242 		18.1448 		11.0385
v 29.287 		18.1372 		11.125
v 29.32 		18.1292 		11.217
v 29.353 		18.1211 		11.3095
v 37.116 		-40.154 		45.198
v 31 		3.553 		27.515
v 31 		2.5575 		27.427
v 34.2991 		2.3559 		29.7304
v 37.461 		-41.96 		42.897
v 94.4813 		-36.7231 		24.0599
v 34.816 		2.2279 		31.1941
v 35 		2.2322 		31.145
v 29.395 		18.1044 		11.5005
v 37.461 		-39.968 		43.071
v 38.033 		-39.785 		40.985
v 29.411 		18.0874 		11.6955
v 33.5123 		2.2202 		31.2818
v 33.9265 		2.3034 		30.3312
v 29.406 		18.0788 		11.7935
v 29.401 		18.0703 		11.891
v 94.502 		-36.7256 		23.9819
v 33 		2.2323 		31.145
v 33 		2.2322 		31.145
v 29.384 		18.0619 		11.987
v 29.367 		18.0535 		12.0835
v 32.768 		2.2524 		30.914
v 34.3384 		2.3547 		29.7446
v 29.337 		18.0453 		12.177
v 29.307 		18.0372 		12.27
v 34.0735 		2.3034 		30.3312
v 34.1169 		2.2947 		30.4308
v 34.154 		2.2872 		30.516
v 34.4877 		2.2202 		31.2818
v 94.435 		-36.7337 		23.7293
v 87 		46.336 		0
v 32.5625 		2.3034 		30.3312
v 87 		7.336 		0
v 34.3601 		2.3539 		29.7524
v 32.3865 		2.2856 		30.534
v 34.3544 		2.3541 		29.7504
v 32.3152 		2.2919 		30.463
v 28.5955 		17.9692 		13.0485
v 28.508 		17.9652 		13.0935
v 34.3544 		2.3541 		29.7504
v 34 		2.3034 		30.3312
v 94.3118 		-36.7377 		23.6054
v 34.3544 		2.3542 		29.7504
v 87 		7.152 		9.333
v 87 		7.336 		9.3491
v 87 		46.336 		12.7609
v 87 		47 		12.819
v 22.7979 		2.4483 		28.672
v 22.8077 		2.4477 		28.6787
v 22.8557 		2.4438 		28.7229
v 22.8977 		2.4395 		28.7729
v 22.9142 		2.4373 		28.7976
v 22.9329 		2.4348 		28.8263
v 22.9465 		2.4323 		28.8546
v 22.9617 		2.4296 		28.8862
v 22.9817 		2.4242 		28.9482
v 22.9927 		2.4186 		29.0124
v 22.9957 		2.4129 		29.0775
v 22.9907 		2.4072 		29.1426
v 22.9844 		2.4046 		29.1718
v 22.9817 		2.4036 		29.184
v 29.223 		18.0217 		12.447
v 29.1695 		18.0145 		12.529
v 29.116 		18.0073 		12.6115
v 94.251 		-36.6749 		25.558
v 31 		2.3034 		30.3312
v 29.0525 		18.0008 		12.6865
v 28.989 		17.9943 		12.761
v 94 		-36.6771 		25.4903
v 28.9165 		17.9886 		12.8265
v 28.844 		17.9828 		12.8925
v 93.749 		-36.6749 		25.558
v 28.7635 		17.9779 		12.9485
v 28.683 		17.9731 		13.004
v 87 		6.2801 		19.2986
v 87 		46.336 		20.4082
v 83 		5.7948 		24.845
v 83 		6.2801 		19.2986
v 22.9337 		2.4347 		28.8276
v 94 		-36.6446 		26.5008
v 31 		5.6703 		29.7075
v 28.3669 		18.294 		9.33
v 38.033 		-41.778 		40.81
v 93.565 		-36.669 		25.743
v 38.827 		-39.608 		38.96
v 93.497 		-36.6608 		25.9956
v 38.827 		-41.6 		38.785
v 39 		1.822 		12.891
v 93.5509 		-36.6544 		26.1959
v 39 		3.814 		13.065
v 39.834 		-41.43 		36.841
v 26.464 		18.0491 		12.134
v 35 		46.336 		0
v 93.565 		-36.6527 		26.2482
v 35 		7.336 		0
v 26.4435 		18.0574 		12.0385
v 26.423 		18.0657 		11.943
v 93.749 		-36.6467 		26.4331
v 39.834 		-39.438 		37.015
v 26.406 		18.0828 		11.748
v 35 		7.152 		9.333
v 35 		7.336 		9.3491
v 26.411 		18.0913 		11.65
v 26.416 		18.0999 		11.5525
v 35 		47 		12.819
v 41.045 		-39.277 		35.171
v 35 		46.336 		12.7609
v 41.045 		-41.269 		34.996
v 26.4335 		18.1082 		11.4565
v 26.451 		18.1167 		11.36
v 26.481 		18.1248 		11.2665
v 26.511 		18.133 		11.1735
v 33.797 		9.664 		29.956
v 94.251 		-36.6467 		26.4331
v 26.553 		18.1407 		11.085
v 26.595 		18.1484 		10.9965
v 22.9907 		2.4072 		29.1426
v 94.435 		-36.6527 		26.2482
v 33.508 		9.823 		28.14
v 42.448 		-41.118 		33.269
v 26.648 		18.1556 		10.9145
v 26.701 		18.1628 		10.832
v 26.7645 		18.1693 		10.757
v 26.828 		18.1759 		10.6825
v 94.4877 		-36.6591 		26.0496
v 94.502 		-36.6608 		25.9956
v 35 		46.336 		20.4082
v 26.9005 		18.1816 		10.617
v 26.973 		18.1873 		10.551
v 27.054 		18.1922 		10.495
v 27.135 		18.1971 		10.4395
v 34.6191 		2.3535 		29.7575
v 42.448 		-39.125 		33.443
v 94.435 		-36.669 		25.743
v 22.463 		2.3702 		29.5656
v 22.502 		2.3829 		29.4202
v 27.2225 		18.201 		10.3949
v 27.31 		18.2049 		10.35
v 22.502 		2.3701 		29.5667
v 22.4867 		2.3701 		29.5674
v 27.3738 		18.2069 		10.3273
v 33.508 		9.505 		31.772
v 22.5019 		2.383 		29.4197
v 27.358 		17.9635 		13.1135
v 27.269 		17.9671 		13.072
v 27.18 		17.9708 		13.03
v 22.5227 		2.3702 		29.5657
v 22.463 		2.3703 		29.5656
v 27.0975 		17.9754 		12.977
v 27.015 		17.98 		12.924
v 33.508 		5.838 		27.792
v 26.865 		17.991 		12.798
v 26.799 		17.9974 		12.7255
v 26.733 		18.0037 		12.653
v 33.508 		5.52 		31.424
v 22.463 		2.3703 		29.5656
v 26.621 		18.0178 		12.492
v 26.576 		18.0254 		12.405
v 26.531 		18.033 		12.318
v 33.797 		5.679 		29.608
v 22.463 		2.3704 		29.5656
v 93.565 		-37.9594 		20.1107
v 93.749 		-37.9754 		20.2937
v 94 		-37.9812 		20.3607
v 28.1397 		-0.1125 		35.0016
v 94.251 		-37.9754 		20.2937
v 94.435 		-37.9594 		20.1107
v 94.4392 		-37.958 		20.0951
v 27.3647 		18.294 		9.33
v 94.4823 		-37.9439 		19.934
v 28.1095 		-0.1142 		35.0214
v 28.0847 		-0.1156 		35.0373
v 28.0347 		-0.1192 		35.0793
v 93.517 		-37.9439 		19.934
v 93.565 		-37.9594 		20.1107
v 28.0105 		-0.1216 		35.1057
v 27.9907 		-0.1235 		35.1278
v 22.0107 		2.4032 		29.1898
v 27.9537 		-0.1281 		35.181
v 27.9237 		-0.1332 		35.2391
v 27.9111 		-0.1362 		35.2726
v 27.9012 		-0.1386 		35.3001
v 28.664 		-0.1147 		35.0273
v 28.6397 		-0.1132 		35.0106
v 28.6078 		-0.1118 		34.9941
v 28.5817 		-0.1106 		34.9805
v 22.0216 		2.4003 		29.2236
v 22.0307 		2.3978 		29.2519
v 44.029 		-38.986 		31.849
v 44.029 		-40.978 		31.675
v 33.749 		3.4169 		29.0738
v 33.749 		3.4169 		29.0738
v 87 		7.336 		51.5013
v 87 		6.4806 		51.4264
v 45.775 		-40.852 		30.231
v 33.565 		3.4009 		29.2568
v 87 		6.48 		51.433
v 28.5476 		-0.1096 		34.9684
v 28.3754 		17.6834 		10.2576
v 45.775 		-38.86 		30.405
v 87 		46.336 		56
v 87 		7.336 		56
v 28.5197 		-0.1087 		34.9585
v 33.565 		3.4009 		29.2568
v 83.003 		46.336 		56
v 83.003 		7.336 		56
v 47.666 		-40.74 		28.95
v 28.4846 		-0.1081 		34.9513
v 85 		7.336 		51.51
v 47.666 		-38.748 		29.124
v 84.9999 		6.48 		51.433
v 83.003 		7.336 		51.51
v 94 		-36.8389 		20.4609
v 28.4557 		-0.1075 		34.945
v 94.251 		-36.8411 		20.3932
v 28.42 		-0.1072 		34.9417
v 28.3907 		-0.107 		34.9394
v 94.435 		-36.847 		20.2083
v 34 		3.4227 		29.0068
v 34.251 		3.4169 		29.0738
v 84.9995 		7.336 		51.5013
v 84.9995 		6.4806 		51.4264
v 28.3257 		-0.1073 		34.9425
v 94.4686 		-36.8511 		20.0814
v 94.502 		-36.8551 		19.9557
v 28.2607 		-0.1083 		34.9545
v 28.2267 		-0.1093 		34.9655
v 28.1987 		-0.11 		34.9741
v 28.1663 		-0.1113 		34.989
v 22.0454 		2.395 		29.284
v 22.0582 		2.3926 		29.311
v 34.435 		3.4009 		29.2568
v 34.435 		3.4009 		29.2568
v 93.497 		-36.8551 		19.9557
v 34.251 		3.4169 		29.0738
v 28.8677 		-0.1401 		35.3172
v 93.5311 		-36.8511 		20.0824
v 93.565 		-36.847 		20.2083
v 28.8477 		-0.1346 		35.255
v 93.749 		-36.8411 		20.3932
v 28.8197 		-0.1295 		35.1959
v 91 		-42.334 		47.17
v 28.8005 		-0.1269 		35.1662
v 28.7847 		-0.1247 		35.1413
v 83.003 		46.336 		53.3741
v 28.7611 		-0.1223 		35.1138
v 28.7417 		-0.1203 		35.0917
v 94.3358 		-38.0813 		21.504
v 94.251 		-38.0739 		21.4196
v 94.2354 		-38.0735 		21.4154
v 22.0778 		2.39 		29.3409
v 94 		-38.068 		21.3527
v 93.9843 		-38.0684 		21.3569
v 93.7489 		-38.0739 		21.4197
v 93.6642 		-38.0813 		21.504
v 28.7153 		-0.1182 		35.0675
v 86.5059 		-40.8687 		30.4215
v 28.6937 		-0.1165 		35.0477
v 22.0937 		2.3879 		29.3656
v 86.4833 		-40.8688 		30.4229
v 86.4399 		-40.869 		30.4248
v 86.3759 		-40.8699 		30.4358
v 86.3139 		-40.8717 		30.4559
v 86.2539 		-40.8741 		30.4839
v 27.8847 		-0.1556 		35.4945
v 27.8817 		-0.1499 		35.4294
v 93.749 		-38.0739 		21.4196
v 86.1989 		-40.8772 		30.5189
v 27.8967 		-0.1612 		35.5586
v 86.1818 		-40.8785 		30.5334
v 86.1496 		-40.8809 		30.5611
v 27.9167 		-0.1666 		35.6207
v 27.9321 		-0.1695 		35.6532
v 86.1056 		-40.8851 		30.609
v 27.9447 		-0.1718 		35.6794
v 22.1166 		2.3855 		29.3923
v 33 		3.53 		27.781
v 32.268 		3.466 		28.511
v 86.0929 		-40.8867 		30.6277
v 86.0679 		-40.8898 		30.6632
v 94.4384 		-38.091 		21.6153
v 94.435 		-38.0899 		21.6026
v 93.565 		-38.0899 		21.6026
v 93.5616 		-38.091 		21.6153
v 27.9639 		-0.1744 		35.7092
v 35 		3.53 		27.781
v 86.0576 		-40.8915 		30.6828
v 27.9797 		-0.1765 		35.734
v 28.0028 		-0.1789 		35.7615
v 28.0222 		-0.1809 		35.784
v 22.1357 		2.3835 		29.4152
v 86.9339 		-40.8911 		30.6782
v 33 		3.5298 		27.781
v 86.8989 		-40.8863 		30.6231
v 33.0002 		3.5298 		27.7809
v 28.0491 		-0.183 		35.8082
v 86.8569 		-40.8819 		30.5731
v 86.8079 		-40.8782 		30.5299
v 86.7897 		-40.877 		30.5169
v 86.7549 		-40.8749 		30.4926
v 28.0707 		-0.1848 		35.8281
v 34.502 		3.379 		29.5068
v 86.7347 		-40.874 		30.4826
v 86.6959 		-40.8723 		30.4629
v 34.4351 		3.4008 		29.2573
v 86.6349 		-40.8704 		30.4408
v 22.1847 		2.3797 		29.4592
v 83 		3.7382 		42.4095
v 27.894 		-0.1417 		35.3354
v 86.5709 		-40.8691 		30.4268
v 83 		4.2541 		42.4546
v 86.5486 		-40.869 		30.4248
v 27.8877 		-0.1442 		35.3643
v 34.435 		3.3572 		29.7568
v 34.4348 		3.3572 		29.757
v 86.0159 		-40.9002 		30.7823
v 28.6797 		-0.1856 		35.8381
v 86.0111 		-40.9021 		30.804
v 86.0019 		-40.9058 		30.8461
v 28.7072 		-0.1836 		35.815
v 28.7297 		-0.182 		35.796
v 33.497 		3.379 		29.5068
v 33.4971 		3.3791 		29.5063
v 83 		3.411 		46.151
v 86.0002 		-40.9078 		30.8684
v 86.0119 		-40.9228 		31.0397
v 28.7737 		-0.1777 		35.7479
v 33.565 		3.3572 		29.7568
v 28.794 		-0.1752 		35.7187
v 33.749 		3.3411 		29.9408
v 33.7486 		3.3411 		29.9405
v 28.8107 		-0.1731 		35.6944
v 86.0379 		-40.8949 		30.7208
v 86.0304 		-40.8967 		30.7422
v 22.2377 		2.3764 		29.4963
v 86.0319 		-40.9282 		31.1017
v 28.8272 		-0.1703 		35.6624
v 86.0412 		-40.93 		31.1221
v 86.0596 		-40.9334 		31.1608
v 34 		3.3353 		30.0078
v 33.9993 		3.3353 		30.0076
v 28.8407 		-0.168 		35.6367
v 86.072 		-40.935 		31.1798
v 28.8528 		-0.1651 		35.6031
v 86.0949 		-40.9382 		31.2158
v 28.8627 		-0.1626 		35.5752
v 86.9969 		-40.913 		30.9285
v 86.9939 		-40.9073 		30.8634
v 32.502 		3.379 		29.5068
v 86.9819 		-40.9017 		30.7993
v 86.9619 		-40.8963 		30.7372
v 32.435 		3.4009 		29.2568
v 32.4351 		3.4008 		29.2573
v 28.8704 		-0.1596 		35.5399
v 32.251 		3.4168 		29.0738
v 22.2967 		2.3738 		29.5263
v 28.8767 		-0.1571 		35.5115
v 32 		3.4227 		29.0068
v 28.8827 		-0.1514 		35.4464
v 94.1082 		-36.8057 		21.4925
v 94 		-36.8066 		21.4634
v 83 		3.5685 		44.3523
v 86.8879 		-40.9394 		31.2299
v 31.749 		3.4168 		29.0738
v 28.8811 		-0.1482 		35.4106
v 86.9259 		-40.9347 		31.1758
v 28.8797 		-0.1457 		35.3813
v 86.9363 		-40.9329 		31.1558
v 86.9559 		-40.9297 		31.1184
v 83 		3.7287 		42.5175
v 31.565 		3.4009 		29.2568
v 86.9635 		-40.9278 		31.0974
v 86.9779 		-40.9242 		31.0567
v 28.8731 		-0.1426 		35.3461
v 31.497 		3.379 		29.5068
v 31.4971 		3.3791 		29.5063
v 93.857 		-36.8054 		21.5019
v 86.9827 		-40.9223 		31.0346
v 86.9919 		-40.9187 		30.9932
v 22.3299 		2.3727 		29.5384
v 22.3577 		2.3719 		29.5484
v 86.9937 		-40.9168 		30.9712
v 94 		-36.7741 		22.4739
v 94.251 		-36.7763 		22.4062
v 32.251 		3.3411 		29.9408
v 32.2505 		3.3411 		29.941
v 86.1369 		-40.9426 		31.2659
v 28.1247 		-0.188 		35.8652
v 94.435 		-36.7823 		22.2213
v 86.1538 		-40.9439 		31.2808
v 32.435 		3.3572 		29.7568
v 86.1859 		-40.9464 		31.3097
v 32.4347 		3.3571 		29.7572
v 28.1566 		-0.1895 		35.8817
v 28.1827 		-0.1906 		35.8948
v 86.2389 		-40.9496 		31.3467
v 83 		1.025 		44.943
v 86.2589 		-40.9505 		31.357
v 86.2976 		-40.9522 		31.3761
v 94.502 		-36.7904 		21.9686
v 31.565 		3.3572 		29.7568
v 28.2163 		-0.1917 		35.9069
v 28.2442 		-0.1925 		35.9168
v 31.749 		3.3411 		29.9408
v 31.7487 		3.3411 		29.9405
v 83 		-0.967 		45.7679
v 86.3189 		-40.9529 		31.3836
v 86.3589 		-40.9541 		31.3981
v 94.435 		-36.7985 		21.716
v 86.4229 		-40.9553 		31.4122
v 28.2794 		-0.1932 		35.924
v 86.4453 		-40.9555 		31.4139
v 86.4879 		-40.9558 		31.4178
v 94.251 		-36.8045 		21.531
v 86.5107 		-40.9557 		31.4167
v 28.3081 		-0.1937 		35.9303
v 32 		3.3353 		30.0078
v 28.3445 		-0.194 		35.9336
v 31.9993 		3.3353 		30.0076
v 86.5539 		-40.9555 		31.4141
v 22.3926 		2.3712 		29.556
v 93.749 		-36.8045 		21.531
v 86.6179 		-40.9546 		31.4031
v 28.3737 		-0.1942 		35.9363
v 86.6799 		-40.9528 		31.3831
v 28.4095 		-0.1941 		35.9346
v 93.565 		-36.7985 		21.716
v 22.4217 		2.3706 		29.5624
v 86.7389 		-40.9504 		31.355
v 86.7579 		-40.9493 		31.343
v 86.7946 		-40.9473 		31.32
v 86.8118 		-40.946 		31.3055
v 86.8439 		-40.9436 		31.2779
v 28.4387 		-0.194 		35.9333
v 28.4739 		-0.1934 		35.9267
v 93.497 		-36.7904 		21.9686
v 28.5031 		-0.1929 		35.9212
v 93.565 		-36.7823 		22.2213
v 28.5378 		-0.1919 		35.9102
v 28.5657 		-0.1912 		35.9012
v 93.749 		-36.7763 		22.4062
v 22.4571 		2.3704 		29.5652
v 28.5982 		-0.1899 		35.8863
v 28.6247 		-0.1888 		35.8737
v 28.655 		-0.187 		35.8539
v 22.528 		2.3702 		29.5655
v 83 		-0.967 		44.1908
v 83 		-0.967 		44.768
v 83 		-0.9668 		44.768
v 83 		-0.9665 		44.768
v 83 		1.0249 		44.943
v 35 		3.228 		31.232
v 22.9767 		2.4016 		29.2067
v 22.9667 		2.3991 		29.2346
v 22.9547 		2.3962 		29.2679
v 22.9247 		2.3912 		29.326
v 22.8891 		2.3867 		29.3771
v 22.8677 		2.3846 		29.401
v 22.8437 		2.3823 		29.4277
v 22.7937 		2.3786 		29.4698
v 34.251 		3.341 		29.9408
v 22.7687 		2.3772 		29.4862
v 34.2505 		3.341 		29.941
v 22.7401 		2.3756 		29.5044
v 22.7119 		2.3744 		29.5176
v 22.6792 		2.3731 		29.5329
v 22.6505 		2.3723 		29.542
v 22.6167 		2.3714 		29.5524
v 22.5527 		2.3703 		29.5644
v 34.2513 		3.3411 		29.9405
v 22.7387 		2.3755 		29.5053
v 34.4347 		3.3571 		29.7572
v 74.334 		4.5699 		32.9095
v 74.1764 		4.5775 		32.8232
v 34 		2.3182 		30.1624
v 34.0068 		2.3168 		30.178
v 34.0578 		2.3065 		30.295
v 74.334 		5.0853 		32.9546
v 76.225 		4.4577 		34.1905
v 34.435 		2.3612 		29.6702
v 76.225 		4.9732 		34.2356
v 75.7751 		4.4844 		33.8857
v 22.8877 		2.3865 		29.3791
v 34 		2.4269 		28.9193
v 34.0242 		2.4263 		28.9257
v 34.061 		2.4255 		28.9356
v 34.0869 		2.4249 		28.9425
v 34.1052 		2.4245 		28.9473
v 34.1167 		2.4242 		28.9504
v 34.1188 		2.4241 		28.951
v 27.739 		15.4644 		12.9901
v 27.788 		15.4642 		12.9926
v 27.545 		15.4675 		12.9551
v 27.4048 		15.4714 		12.9101
v 77.971 		4.3313 		35.6345
v 77.971 		4.8469 		35.6796
v 34.251 		2.3452 		29.8532
v 34.0006 		2.3394 		29.92
v 28.323 		15.4687 		12.9413
v 34.0002 		2.3393 		29.9202
v 28.131 		15.465 		12.9831
v 28.179 		15.4659 		12.9728
v 34.2514 		2.3452 		29.8528
v 27.935 		15.4636 		12.9993
v 77.2776 		4.3813 		35.061
v 27.984 		15.464 		12.9951
v 34.3537 		2.3541 		29.751
v 34.3454 		2.3534 		29.7593
v 34.3251 		2.3517 		29.7795
v 34.2846 		2.3481 		29.8198
v 28.459 		15.7164 		10.1121
v 28.4122 		15.7177 		10.0974
v 28.3754 		15.7187 		10.0855
v 28.637 		15.7091 		10.1954
v 28.5925 		15.711 		10.1744
v 34 		2.3393 		29.9202
v 34.9999 		2.5341 		27.694
v 34.0111 		2.5572 		27.43
v 28.802 		15.6999 		10.3013
v 35 		2.5341 		27.694
v 28.952 		15.6888 		10.4281
v 28.9145 		15.6915 		10.3966
v 78.7618 		4.2617 		36.4318
v 78.6766 		4.2693 		36.3459
v 29.085 		15.6761 		10.5724
v 29.0517 		15.6793 		10.5361
v 35 		3.492 		51.165
v 35 		7.336 		51.5013
v 29.197 		15.662 		10.7334
v 33.749 		2.4211 		28.9863
v 33.996 		2.4268 		28.9203
v 35 		7.336 		56
v 78.7517 		4.778 		36.4667
v 35 		46.336 		56
v 33.565 		2.405 		29.1693
v 29.287 		15.6468 		10.9071
v 33.497 		2.3831 		29.4202
v 29.2645 		15.6506 		10.8638
v 33.5648 		2.405 		29.17
v 29.353 		15.6307 		11.0913
v 29.3365 		15.6347 		11.0451
v 79.552 		4.1919 		37.228
v 33.565 		2.3612 		29.6702
v 29.395 		15.6139 		11.2824
v 33.5909 		2.359 		29.696
v 33.5654 		2.3612 		29.6706
v 29.411 		15.5969 		11.4773
v 29.401 		15.5797 		11.6731
v 79.552 		4.7074 		37.2731
v 29.4035 		15.584 		11.6243
v 29.367 		15.5629 		11.8653
v 29.3755 		15.5671 		11.8171
v 29.307 		15.5465 		12.0521
v 29.322 		15.5506 		12.0056
v 29.223 		15.531 		12.2291
v 83 		-34.564 		15.726
v 80.955 		4.0405 		38.955
v 83 		-37.553 		15.466
v 83 		-39.545 		15.292
v 33.749 		2.3452 		29.8532
v 28.508 		15.4744 		12.8753
v 28.5518 		15.4764 		12.8528
v 33.7496 		2.3452 		29.8533
v 33.996 		2.3394 		29.9191
v 80.955 		4.5563 		39.0001
v 32.435 		2.3612 		29.6702
v 32.409 		2.359 		29.696
v 29.116 		15.5167 		12.3933
v 29.1428 		15.5203 		12.3521
v 79.9645 		4.1474 		37.7358
v 32.502 		2.3831 		29.4202
v 28.989 		15.5035 		12.5431
v 29.0208 		15.5068 		12.5058
v 32.5019 		2.3831 		29.4197
v 32.435 		2.405 		29.1693
v 28.844 		15.492 		12.6744
v 28.8803 		15.4949 		12.6413
v 28.683 		15.4823 		12.7861
v 32.4347 		2.4051 		29.1689
v 28.7233 		15.4847 		12.7583
v 32.251 		2.4211 		28.9863
v 32 		2.4269 		28.9193
v 85.9969 		-40.9115 		30.9105
v 31.749 		2.4211 		28.9863
v 85.9999 		-40.9172 		30.9756
v 31.565 		2.405 		29.1693
v 31.497 		2.3831 		29.4202
v 31.5648 		2.405 		29.17
v 28.3669 		15.804 		9.112
v 27.135 		15.7069 		10.2213
v 31.565 		2.3612 		29.6702
v 27.31 		15.7147 		10.1321
v 27.2662 		15.7127 		10.1546
v 31.5909 		2.359 		29.696
v 31.5654 		2.3612 		29.6706
v 27.3738 		15.7167 		10.1094
v 82.166 		3.8792 		40.7994
v 82.166 		4.395 		40.8446
v 85.996 		-38.924 		31.1369
v 85.9986 		-38.9212 		31.1045
v 81.5608 		3.9598 		39.8774
v 85.999 		-38.9297 		31.202
v 81.553 		4.4767 		39.9107
v 26.621 		15.5271 		12.2741
v 81.1341 		4.0166 		39.2278
v 26.531 		15.5423 		12.1001
v 26.5535 		15.5385 		12.1436
v 26.464 		15.5584 		11.9161
v 86 		-38.8526 		30.3204
v 26.423 		15.5752 		11.7251
v 26.4333 		15.571 		11.7729
v 26.406 		15.5922 		11.5301
v 26.416 		15.6094 		11.3343
v 26.4135 		15.6051 		11.3831
v 82.1759 		3.8775 		40.8185
v 32.251 		2.3452 		29.8532
v 26.451 		15.6262 		11.1421
v 32.0006 		2.3394 		29.92
v 26.4422 		15.622 		11.1904
v 92.6603 		-39.7884 		18.0738
v 26.511 		15.6426 		10.9553
v 26.496 		15.6385 		11.0019
v 32.0002 		2.3393 		29.9202
v 92.5953 		-39.7894 		18.0858
v 92.5333 		-39.7912 		18.1059
v 32.2514 		2.3452 		29.8528
v 26.595 		15.6581 		10.7784
v 26.574 		15.6542 		10.8227
v 92.4743 		-39.7936 		18.1329
v 92.4588 		-39.7944 		18.1428
v 92.4193 		-39.7967 		18.1686
v 92.4052 		-39.7977 		18.1808
v 92.3693 		-39.8004 		18.2111
v 26.701 		15.6725 		10.6141
v 26.6745 		15.6689 		10.6553
v 26.828 		15.6856 		10.4643
v 26.7962 		15.6823 		10.5016
v 92.3253 		-39.8046 		18.259
v 92.3146 		-39.8059 		18.2741
v 92.288 		-39.8092 		18.3122
v 31.749 		2.3452 		29.8532
v 26.973 		15.6971 		10.3331
v 26.9367 		15.6942 		10.3661
v 92.258 		-39.8143 		18.3702
v 92.2518 		-39.8158 		18.3875
v 92.2353 		-39.8197 		18.4314
v 27.0945 		15.7044 		10.2491
v 31.7496 		2.3452 		29.8533
v 32 		2.3393 		29.9202
v 93.1823 		-39.8157 		18.3863
v 93.1543 		-39.8105 		18.3272
v 27.358 		15.4727 		12.8953
v 93.1183 		-39.8058 		18.2731
v 27.18 		15.48 		12.8121
v 27.2245 		15.4781 		12.8331
v 31 		2.1637 		31.928
v 93.0763 		-39.8014 		18.2231
v 93.0283 		-39.7976 		18.1789
v 27.015 		15.4893 		12.7061
v 27.0563 		15.4869 		12.7326
v 92.9743 		-39.7943 		18.142
v 26.865 		15.5003 		12.5801
v 31 		4.8738 		29.634
v 31 		4.8735 		29.6378
v 92.9163 		-39.7917 		18.1119
v 26.733 		15.513 		12.4351
v 92.8543 		-39.7898 		18.0899
v 26.766 		15.5098 		12.4714
v 92.8362 		-39.7894 		18.0859
v 92.7903 		-39.7886 		18.0765
v 92.7719 		-39.7885 		18.0751
v 92.7253 		-39.7881 		18.0709
v 31 		4.3542 		32.1194
v 27.3647 		15.804 		9.112
v 38.9981 		-3.8154 		50.5343
v 38.998 		-3.8154 		50.5343
v 31 		4.8721 		29.6536
v 82.5424 		3.411 		46.151
v 92.2313 		-39.8213 		18.4495
v 31 		2.5704 		27.2794
v 92.222 		-39.8253 		18.4954
v 31 		2.5575 		27.427
v 31 		2.6025 		26.9124
v 92.2206 		-39.8269 		18.5138
v 92.2163 		-39.831 		18.5605
v 31 		2.5744 		27.233
v 92.2193 		-39.8367 		18.6256
v 92.2313 		-39.8423 		18.6897
v 92.2513 		-39.8477 		18.7517
v 82.5138 		3.421 		46.0373
v 92.2793 		-39.8529 		18.8108
v 92.2892 		-39.8542 		18.8262
v 92.3143 		-39.8577 		18.8657
v 92.3262 		-39.8589 		18.8798
v 92.3563 		-39.862 		18.9149
v 37 		-37.353 		47.6
v 93.0643 		-39.8631 		18.9277
v 31 		4.7922 		27.1038
v 93.0768 		-39.8619 		18.9141
v 93.1083 		-39.8588 		18.8789
v 38.9981 		-37.353 		47.6
v 93.1453 		-39.8542 		18.8258
v 93.1753 		-39.8491 		18.7678
v 76.225 		-10.49 		32.8827
v 93.2163 		-39.8325 		18.5775
v 93.2133 		-39.8267 		18.5124
v 93.2023 		-39.8211 		18.4483
v 93.1973 		-39.8438 		18.7067
v 93.2113 		-39.8381 		18.6426
v 92.4053 		-39.8658 		18.959
v 92.4593 		-39.8691 		18.996
v 77.971 		-10.6161 		34.3267
v 92.5173 		-39.8717 		19.0261
v 92.5783 		-39.8736 		19.0482
v 92.6423 		-39.8749 		19.0622
v 92.6607 		-39.875 		19.0636
v 92.708 		-39.8753 		19.0671
v 77.278 		-10.5657 		33.7535
v 94.251 		-36.9059 		18.3798
v 92.7267 		-39.8752 		19.0663
v 92.7733 		-39.875 		19.0641
v 94.435 		-36.9118 		18.1948
v 92.8373 		-39.874 		19.0521
v 92.8552 		-39.8735 		19.0465
v 92.9003 		-39.8723 		19.0328
v 94.4623 		-36.9151 		18.092
v 92.917 		-39.8716 		19.0252
v 92.9593 		-39.8699 		19.005
v 78.6765 		-10.6786 		35.038
v 79.0547 		-10.712 		35.4193
v 93.0143 		-39.8668 		18.9701
v 27.897 		9.15 		35.834
v 93.0285 		-39.8657 		18.9579
v 94.3467 		-36.8661 		19.6138
v 94.251 		-36.8692 		19.5176
v 29.72 		9.175 		35.546
v 82.1081 		3.5621 		44.4252
v 79.552 		-10.756 		35.9204
v 94.435 		-36.8633 		19.703
v 26.074 		9.175 		35.546
v 94.251 		-36.8821 		17.5086
v 94.2511 		-36.8821 		17.5088
v 28.096 		13.3712 		36.9164
v 28.047 		13.3715 		36.9131
v 28.289 		13.3678 		36.9551
v 28.2407 		13.3687 		36.9456
v 80.955 		-10.9067 		37.6474
v 94.5019 		-36.9199 		17.9422
v 94.5019 		-36.92 		17.9422
v 95.9973 		-36.9199 		17.9422
v 95.9973 		-36.92 		17.9422
v 27.511 		13.3678 		36.9551
v 27.704 		13.3712 		36.9164
v 27.6557 		13.3704 		36.9259
v 81.9634 		3.6028 		43.959
v 27.9 		13.3723 		36.9041
v 27.851 		13.372 		36.9074
v 79.9643 		-10.8005 		36.4279
v 26.449 		13.2078 		38.7871
v 26.4648 		13.2037 		38.8334
v 82.055 		3.5805 		44.2142
v 26.41 		13.2246 		38.5951
v 26.4198 		13.2204 		38.6431
v 26.397 		13.2416 		38.4001
v 94.502 		-36.92 		17.9417
v 26.41 		13.2587 		38.2044
v 26.4067 		13.2544 		38.2531
v 94.4351 		-36.8981 		17.6918
v 94.5016 		-36.9198 		17.94
v 26.449 		13.2755 		38.0124
v 26.4392 		13.2713 		38.0604
v 94.5019 		-36.92 		17.9415
v 26.512 		13.2916 		37.8274
v 26.4962 		13.2876 		37.8736
v 95.997 		-36.9198 		17.9392
v 95.9992 		-36.9198 		17.9392
v 95.9971 		-36.9198 		17.94
v 82.166 		-11.0679 		39.4917
v 26.599 		13.3069 		37.6521
v 26.5772 		13.3031 		37.6961
v 81.5331 		3.7076 		42.7598
v 95.9972 		-36.92 		17.9415
v 81.328 		3.7576 		42.1884
v 81.2115 		3.7791 		41.9432
v 95.732 		-36.833 		16.946
v 81.7851 		-11.0171 		38.9114
v 26.708 		13.3212 		37.4891
v 26.838 		13.334 		37.3421
v 26.985 		13.3453 		37.2131
v 27.998 		1.8656 		35.328
v 28.0055 		1.8663 		35.3196
v 28.0341 		1.869 		35.2884
v 28.0822 		1.8726 		35.2479
v 28.1034 		1.8738 		35.234
v 28.1391 		1.8758 		35.2106
v 27.149 		13.3548 		37.1043
v 28.1598 		1.8767 		35.2007
v 27.108 		13.3524 		37.1314
v 28.1955 		1.8781 		35.1843
v 28.2199 		1.8788 		35.1765
v 28.2601 		1.8799 		35.1635
v 28.3251 		1.881 		35.1515
v 28.3901 		1.8813 		35.1484
v 28.4129 		1.8811 		35.1502
v 28.4519 		1.8808 		35.1538
v 28.4776 		1.8803 		35.159
v 28.5189 		1.8796 		35.1674
v 28.5409 		1.8789 		35.1752
v 28.5811 		1.8777 		35.1895
v 28.6014 		1.8767 		35.2
v 28.6389 		1.875 		35.2195
v 28.658 		1.8739 		35.2326
v 28.672 		1.8731 		35.2422
v 27.325 		13.3623 		37.0181
v 27.281 		13.3604 		37.0399
v 28.6391 		1.875 		35.2196
v 81.1339 		-10.9304 		37.9198
v 26.599 		13.1763 		39.1474
v 26.512 		13.1916 		38.9721
v 26.5338 		13.1878 		39.0161
v 27.325 		13.1209 		39.7814
v 27.399 		13.1187 		39.8064
v 27.149 		13.1285 		39.6951
v 27.193 		13.1266 		39.7169
v 28.5191 		1.8796 		35.1675
v 83 		-11.2087 		41.1017
v 26.985 		13.138 		39.5864
v 27.026 		13.1356 		39.6134
v 26.838 		13.1492 		39.4574
v 26.708 		13.1621 		39.3104
v 28.4551 		1.8808 		35.1541
v 82.1758 		-11.0695 		39.5106
v 27.399 		13.024 		40.891
v 82.973 		-3.7672 		49.9831
v 82.973 		-4.511 		49.918
v 83 		-3.8108 		50.4815
v 95.9971 		-36.92 		17.94
v 28.475 		13.3623 		37.0181
v 28.651 		13.3548 		37.1043
v 28.607 		13.3567 		37.0826
v 28.1981 		1.8782 		35.1832
v 82.897 		-4.3886 		48.5186
v 94.435 		-36.8981 		17.6916
v 28.815 		13.3453 		37.2131
v 28.774 		13.3476 		37.1861
v 82.9544 		-3.681 		48.998
v 28.962 		13.334 		37.3421
v 29.092 		13.3212 		37.4891
v 28.0841 		1.8727 		35.2463
v 29.201 		13.3069 		37.6521
v 95.2422 		-37.6333 		16.384
v 95.6196 		-37.6662 		16.7604
v 95.732 		-37.676 		16.8724
v 29.288 		13.2916 		37.8274
v 29.2662 		13.2955 		37.7833
v 95.8616 		-37.7182 		17.354
v 95.9957 		-37.7618 		17.8522
v 95.9992 		-37.7629 		17.8655
v 29.351 		13.2755 		38.0124
v 29.3352 		13.2795 		37.9661
v 29.39 		13.2587 		38.2044
v 29.3802 		13.2629 		38.1563
v 29.402 		13.2416 		38.4001
v 29.399 		13.2459 		38.3513
v 80.8372 		3.848 		41.1556
v 29.39 		13.2246 		38.5951
v 95.998 		-37.7638 		17.8757
v 96 		-37.7655 		17.8952
v 28.6931 		1.8718 		35.2566
v 28.7099 		1.8704 		35.2721
v 28.7411 		1.8679 		35.3007
v 28.7562 		1.8664 		35.3179
v 29.351 		13.2078 		38.7871
v 29.3608 		13.212 		38.7391
v 28.7649 		1.8656 		35.328
v 94.208 		-37.8021 		18.313
v 94.251 		-37.8011 		18.3015
v 94.435 		-37.7851 		18.1185
v 94.4392 		-37.7837 		18.103
v 94.502 		-37.7631 		17.8677
v 94.435 		-37.7412 		17.6177
v 94.251 		-37.7252 		17.4347
v 94.2353 		-37.7249 		17.4305
v 28.651 		13.1285 		39.6951
v 28.475 		13.1209 		39.7814
v 28.519 		13.1228 		39.7596
v 28.401 		13.1187 		39.8064
v 80.404 		3.9277 		40.2442
v 82.7761 		-4.324 		47.7809
v 82.58 		-4.2195 		46.5846
v 94.5016 		-36.92 		17.94
v 82.897 		-4.323 		47.769
v 29.288 		13.1916 		38.9721
v 29.3038 		13.1957 		38.9258
v 33.797 		33.724 		15.398
v 29.201 		13.1763 		39.1474
v 29.2228 		13.1802 		39.1034
v 29.092 		13.1621 		39.3104
v 94.208 		-37.7242 		17.4232
v 28.962 		13.1492 		39.4574
v 28.815 		13.138 		39.5864
v 94.2796 		-37.9021 		19.456
v 94.251 		-37.8996 		19.4276
v 94.208 		-37.8986 		19.4161
v 28.692 		13.1308 		39.6681
v 82.3324 		-4.1413 		45.6901
v 82.2775 		-4.1239 		45.4916
v 28.401 		13.024 		40.891
v 94.502 		-37.9375 		19.8607
v 94.435 		-37.9156 		19.6106
v 94.4235 		-37.9146 		19.5992
v 82.2775 		-11.536 		44.843
v 28.401 		15.924 		36.427
v 82.055 		-11.466 		44.039
v 27.998 		15.8626 		37.1281
v 28.096 		15.862 		37.1345
v 28.1925 		15.8603 		37.154
v 28.289 		15.8587 		37.173
v 27.879 		1.822 		12.891
v 95.997 		-37.7629 		17.8655
v 27.879 		3.814 		13.065
v 27.511 		15.8587 		37.173
v 27.6075 		15.8604 		37.1535
v 27.704 		15.862 		37.1345
v 27.9 		15.8631 		37.1221
v 94 		-36.9037 		18.4475
v 27.802 		15.8626 		37.1286
v 80.0224 		3.9832 		39.61
v 94 		-36.8714 		19.4499
v 26.4295 		15.7067 		38.909
v 26.41 		15.7151 		38.813
v 26.397 		15.7321 		38.618
v 93.749 		-36.8692 		19.5176
v 26.4035 		15.7407 		38.52
v 28.435 		1.8378 		35.6452
v 26.41 		15.7493 		38.4225
v 28.4349 		1.8378 		35.645
v 28.251 		1.8539 		35.4612
v 93.6608 		-36.8664 		19.6068
v 26.4295 		15.7577 		38.3266
v 26.449 		15.7661 		38.2305
v 28 		1.8598 		35.3942
v 26.4805 		15.7742 		38.138
v 26.512 		15.7823 		38.0455
v 27.9431 		1.8584 		35.4094
v 27.951 		1.8598 		35.394
v 34.7567 		0.4443 		28.6377
v 34.6987 		0.447 		28.6077
v 26.5555 		15.7899 		37.958
v 26.599 		15.7976 		37.87
v 34.6367 		0.4489 		28.5857
v 34.6019 		0.4495 		28.578
v 34.5727 		0.4501 		28.5716
v 27.9531 		1.8601 		35.3899
v 27.9901 		1.8648 		35.3368
v 34.5374 		0.4503 		28.5689
v 34.5077 		0.4505 		28.5666
v 93.565 		-36.8633 		19.703
v 26.708 		15.8119 		37.707
v 34.4719 		0.4504 		28.5682
v 34.4422 		0.4503 		28.5696
v 26.838 		15.8248 		37.56
v 81.328 		-11.3049 		42.198
v 26.985 		15.8361 		37.431
v 34.4074 		0.4497 		28.5761
v 34.3777 		0.4493 		28.5812
v 27.067 		15.8408 		37.3765
v 27.149 		15.8456 		37.3225
v 34.3157 		0.4475 		28.6012
v 81.704 		-11.3887 		43.1502
v 34.2837 		0.4462 		28.6159
v 34.2567 		0.4451 		28.6287
v 80.2641 		3.9481 		40.0117
v 34.2268 		0.4434 		28.6478
v 27.237 		15.8493 		37.2795
v 27.325 		15.8532 		37.2361
v 34.2017 		0.442 		28.6638
v 27.9431 		1.8591 		35.4094
v 34.0004 		0.4046 		29.0915
v 34.0017 		0.402 		29.1212
v 27.8841 		1.8334 		35.7036
v 92.3576 		-37.9665 		18.432
v 92.3245 		-37.9696 		18.4681
v 27.8811 		1.8391 		35.6384
v 26.599 		15.6667 		39.3655
v 26.5555 		15.6743 		39.278
v 26.512 		15.682 		39.19
v 92.3085 		-37.9716 		18.4905
v 92.287 		-37.9743 		18.5213
v 27.8961 		1.8278 		35.7676
v 26.4805 		15.6901 		39.0975
v 26.449 		15.6982 		39.005
v 34.8107 		0.4411 		28.6748
v 92.257 		-37.9794 		18.5792
v 27.9161 		1.8223 		35.8298
v 92.2478 		-37.9816 		18.605
v 34.1746 		0.44 		28.6872
v 34.1517 		0.4383 		28.7065
v 27.399 		15.609 		40.0246
v 27.325 		15.6112 		39.9995
v 34.1077 		0.4341 		28.7545
v 92.2345 		-37.9847 		18.6404
v 34.0871 		0.4316 		28.7834
v 27.237 		15.6149 		39.9565
v 34.0697 		0.4294 		28.8081
v 27.149 		15.6187 		39.913
v 92.2286 		-37.9871 		18.6674
v 92.221 		-37.9903 		18.7045
v 34.0397 		0.4243 		28.8662
v 27.067 		15.6235 		39.8585
v 26.985 		15.6282 		39.8045
v 92.2336 		-37.9851 		18.6445
v 34.0278 		0.4214 		28.8995
v 34.0177 		0.419 		28.9273
v 34.0101 		0.4159 		28.9621
v 26.838 		15.6395 		39.6755
v 34.0037 		0.4134 		28.9914
v 26.708 		15.6524 		39.5285
v 82.5424 		-4.1239 		45.4916
v 33.9987 		0.4077 		29.0561
v 92.2189 		-37.9927 		18.7319
v 34.001 		0.4103 		29.0268
v 27.9231 		1.8557 		35.4481
v 34.9874 		0.398 		29.1675
v 34.9937 		0.4005 		29.1387
v 92.2155 		-37.996 		18.7695
v 27.399 		15.514 		41.109
v 92.2157 		-37.9964 		18.7742
v 92.2185 		-38.0017 		18.8347
v 34.9987 		0.4062 		29.0735
v 27.9082 		1.8522 		35.4878
v 27.9005 		1.8504 		35.5092
v 34.9957 		0.4119 		29.0084
v 34.9898 		0.4149 		28.9735
v 34.9847 		0.4175 		28.9443
v 92.2305 		-38.0073 		18.8987
v 34.9739 		0.4205 		28.9105
v 34.9647 		0.4229 		28.8822
v 82.58 		-4.137 		45.641
v 28.475 		15.8532 		37.2361
v 92.2451 		-38.0113 		18.944
v 34.9367 		0.4281 		28.8231
v 28.563 		15.8494 		37.279
v 28.651 		15.8456 		37.3225
v 34.9007 		0.4329 		28.768
v 34.8587 		0.4372 		28.7189
v 93.184 		-37.9815 		18.6032
v 93.1815 		-37.9808 		18.5953
v 27.892 		1.8467 		35.5508
v 93.1535 		-37.9756 		18.5362
v 34.0137 		0.3964 		29.1853
v 27.8871 		1.8448 		35.5733
v 93.1175 		-37.9709 		18.4822
v 34.0246 		0.3935 		29.2191
v 34.0337 		0.391 		29.2474
v 28.733 		15.8408 		37.377
v 34.049 		0.3882 		29.2791
v 93.0755 		-37.9665 		18.4321
v 28.815 		15.8361 		37.431
v 34.0617 		0.3859 		29.306
v 34.0808 		0.3832 		29.336
v 28.962 		15.8248 		37.56
v 34.0967 		0.381 		29.3611
v 93.0753 		-37.9665 		18.432
v 29.092 		15.8119 		37.707
v 34.1387 		0.3767 		29.4112
v 34.1654 		0.3746 		29.4352
v 34.1877 		0.3728 		29.4548
v 29.201 		15.7976 		37.87
v 79.294 		4.0893 		38.3993
v 79.0892 		4.1134 		38.1242
v 29.2445 		15.79 		37.9575
v 93.2155 		-37.9975 		18.7866
v 28.7832 		1.8637 		35.3494
v 29.288 		15.7823 		38.0455
v 93.215 		-37.9967 		18.7772
v 28.7964 		1.8619 		35.3697
v 93.2125 		-37.9918 		18.7214
v 28.8191 		1.8588 		35.4049
v 28.8471 		1.8537 		35.464
v 28.8671 		1.8482 		35.5261
v 28.8713 		1.8462 		35.5486
v 34.2166 		0.3711 		29.475
v 34.2412 		0.3696 		29.4923
v 28.8791 		1.8426 		35.5902
v 28.8802 		1.8406 		35.613
v 28.8821 		1.8369 		35.6553
v 28.8762 		1.8313 		35.7199
v 28.8712 		1.8293 		35.7426
v 28.8621 		1.8256 		35.7843
v 34.2733 		0.3682 		29.5081
v 93.2015 		-37.9862 		18.6574
v 28.8544 		1.8237 		35.806
v 34.2997 		0.367 		29.5214
v 28.8421 		1.8208 		35.84
v 29.3195 		15.7742 		38.138
v 29.351 		15.7661 		38.2305
v 29.3705 		15.7577 		38.3265
v 29.39 		15.7493 		38.4225
v 93.1863 		-38.0113 		18.944
v 34.3329 		0.366 		29.5333
v 93.1965 		-38.0088 		18.9158
v 34.3607 		0.3651 		29.5434
v 34.3956 		0.3644 		29.5511
v 34.4247 		0.3639 		29.5574
v 93.2105 		-38.0032 		18.8516
v 29.396 		15.7407 		38.5205
v 29.402 		15.7321 		38.618
v 34.4601 		0.3636 		29.5607
v 34.4897 		0.3634 		29.563
v 29.39 		15.7151 		38.813
v 92.2505 		-38.0127 		18.9608
v 34.5257 		0.3635 		29.5614
v 34.5557 		0.3636 		29.56
v 29.3705 		15.7067 		38.909
v 92.2785 		-38.0179 		19.0199
v 28.8761 		1.8312 		35.7205
v 34.5906 		0.3642 		29.5534
v 34.6197 		0.3646 		29.5484
v 92.2932 		-38.0199 		19.0427
v 34.6827 		0.3664 		29.5284
v 28.651 		15.6187 		39.913
v 34.7417 		0.3689 		29.5003
v 92.3135 		-38.0227 		19.0746
v 34.7967 		0.3719 		29.4652
v 28.563 		15.615 		39.956
v 28.475 		15.6112 		39.9995
v 92.3312 		-38.0245 		19.0957
v 81.0374 		-11.2561 		41.6422
v 92.3555 		-38.027 		19.124
v 80.9855 		-11.2474 		41.5431
v 80.404 		-11.15 		40.4311
v 34.8467 		0.3756 		29.4232
v 92.3151 		-38.0229 		19.0765
v 34.8707 		0.3779 		29.397
v 34.8907 		0.3798 		29.3751
v 34.9109 		0.3823 		29.3462
v 28.401 		15.609 		40.0246
v 34.9277 		0.3845 		29.3215
v 92.4045 		-38.0309 		19.1681
v 28.8671 		1.8482 		35.5261
v 34.9441 		0.3873 		29.2899
v 34.9577 		0.3895 		29.2639
v 92.4585 		-38.0341 		19.2051
v 34.9697 		0.3925 		29.2301
v 34.9797 		0.395 		29.2018
v 92.5165 		-38.0368 		19.2351
v 92.5775 		-38.0387 		19.2572
v 35 		-0.9669 		44.768
v 29.351 		15.6982 		39.005
v 28.7841 		1.8636 		35.3504
v 92.6415 		-38.0399 		19.2712
v 92.6689 		-38.0401 		19.2733
v 29.3195 		15.6901 		39.0975
v 92.672 		-38.0401 		19.2735
v 29.288 		15.682 		39.19
v 29.2445 		15.6744 		39.2775
v 29.201 		15.6667 		39.3655
v 92.707 		-38.0403 		19.2762
v 29.092 		15.6524 		39.5285
v 28.962 		15.6395 		39.6755
v 92.7349 		-38.0402 		19.2749
v 92.7725 		-38.0401 		19.2732
v 28.815 		15.6282 		39.8045
v 28.733 		15.6235 		39.859
v 92.7967 		-38.0397 		19.2687
v 92.8365 		-38.039 		19.2612
v 92.8631 		-38.0383 		19.2527
v 28.401 		15.514 		41.109
v 78.032 		4.238 		36.7035
v 92.8995 		-38.0373 		19.2417
v 92.9244 		-38.0363 		19.2303
v 92.9585 		-38.0349 		19.2141
v 92.9035 		-38.0372 		19.2399
v 83 		-11.536 		44.843
v 93.0135 		-38.0319 		19.1791
v 93.0346 		-38.0303 		19.1609
v 93.0635 		-38.0282 		19.1366
v 93.082 		-38.0264 		19.1164
v 78.008 		4.2408 		36.6713
v 77.8252 		4.2583 		36.4704
v 93.1075 		-38.0239 		19.088
v 80.0548 		-11.1039 		39.9033
v 79.294 		-11.0033 		38.7538
v 93.0659 		-38.0279 		19.134
v 93.1445 		-38.0192 		19.0348
v 93.1745 		-38.0142 		18.9768
v 93.184 		-38.0119 		18.9504
v 80.135 		-11.1145 		40.0245
v 79.1654 		-10.9896 		38.5967
v 78.8895 		-10.9603 		38.2599
v 76.558 		4.3799 		35.0773
v 87 		-34.564 		15.726
v 76.8242 		4.3543 		35.3699
v 78.0758 		-10.8737 		37.2659
v 78.008 		-10.8665 		37.1831
v 93.5311 		-37.9265 		19.7352
v 87.997 		-7.664 		16.286
v 93.497 		-37.9375 		19.8607
v 93.5012 		-37.9389 		19.8762
v 28.477 		-0.6337 		40.9599
v 93.5311 		-37.9265 		19.7352
v 87.997 		-25.994 		14.682
v 28.415 		-0.6318 		40.9379
v 87.997 		-30.278 		14.307
v 83 		-11.3794 		43.0443
v 87.997 		-23.504 		14.9
v 87.997 		-23.094 		10.218
v 28.351 		-0.6306 		40.9238
v 87.997 		-25.585 		10
v 28.286 		-0.6302 		40.9189
v 28.221 		-0.6304 		40.9219
v 28.1882 		-0.6309 		40.9279
v 28.156 		-0.6314 		40.9334
v 76.8662 		-10.7664 		36.0421
v 28.1247 		-0.6323 		40.943
v 28.094 		-0.6331 		40.9529
v 76.558 		-10.7393 		35.7341
v 90.429 		-31.309 		26.089
v 94 		-37.8937 		19.3606
v 93.749 		-37.8996 		19.4276
v 93.7375 		-37.9006 		19.439
v 28.035 		-0.6356 		40.981
v 28.0072 		-0.6371 		40.9987
v 27.98 		-0.6387 		41.016
v 27.9547 		-0.6405 		41.0373
v 27.93 		-0.6423 		41.0581
v 93.7205 		-37.9021 		19.456
v 27.9078 		-0.6445 		41.0829
v 27.886 		-0.6466 		41.1067
v 93.565 		-37.9156 		19.6106
v 28.6583 		-0.6456 		41.0954
v 28.637 		-0.6434 		41.0706
v 28.6128 		-0.6415 		41.0484
v 76.3563 		4.3959 		34.8951
v 28.589 		-0.6396 		41.0271
v 89.124 		-31.422 		27.389
v 28.535 		-0.6364 		40.99
v 28.775 		-0.6773 		41.458
v 28.778 		-0.6745 		41.4258
v 75.4956 		4.4641 		34.1178
v 28.776 		-0.6716 		41.3929
v 28.7745 		-0.6688 		41.3607
v 28.7689 		-0.666 		41.3283
v 28.763 		-0.6632 		41.2965
v 93.4971 		-36.9199 		17.9422
v 28.743 		-0.6578 		41.2345
v 28.7288 		-0.6551 		41.2046
v 28.715 		-0.6526 		41.1753
v 93.5246 		-36.9167 		18.044
v 28.6973 		-0.6502 		41.1475
v 28.68 		-0.6478 		41.1202
v 83 		-11.2183 		41.2104
v 93.565 		-36.9118 		18.1948
v 27.8962 		-0.7019 		41.7386
v 27.917 		-0.704 		41.7634
v 27.9417 		-0.7059 		41.7852
v 27.966 		-0.7078 		41.8065
v 93.749 		-36.9059 		18.3798
v 75.5659 		-10.6677 		34.9199
v 74.958 		-10.6244 		34.4211
v 27.9933 		-0.7095 		41.8257
v 28.02 		-0.7111 		41.8441
v 28.0493 		-0.7124 		41.8588
v 28.078 		-0.7137 		41.8736
v 28.1088 		-0.7147 		41.8847
v 28.1395 		-0.7156 		41.8956
v 93.4971 		-36.92 		17.9422
v 92.0017 		-36.92 		17.9422
v 92.0017 		-36.9199 		17.9422
v 28.1718 		-0.7162 		41.9027
v 28.203 		-0.7168 		41.9097
v 28.2363 		-0.7171 		41.9127
v 28.269 		-0.7173 		41.9152
v 28.3018 		-0.7171 		41.9132
v 28.334 		-0.717 		41.9117
v 93.565 		-36.8981 		17.6916
v 28.398 		-0.7161 		41.9007
v 93.7489 		-36.8821 		17.5088
v 28.461 		-0.7143 		41.8807
v 93.5649 		-36.8981 		17.6918
v 28.52 		-0.7118 		41.8526
v 28.575 		-0.7088 		41.8175
v 74.958 		4.5066 		33.6323
v 92.268 		-36.833 		16.946
v 28.6002 		-0.7069 		41.7962
v 28.625 		-0.7051 		41.7754
v 93.749 		-36.8821 		17.5086
v 93.8996 		-36.8786 		17.4684
v 28.669 		-0.7009 		41.7273
v 94 		-36.8763 		17.4417
v 28.6877 		-0.6985 		41.7
v 28.706 		-0.6962 		41.6733
v 28.7211 		-0.6936 		41.6444
v 28.736 		-0.6911 		41.6157
v 74.044 		4.5657 		32.9571
v 28.7471 		-0.6884 		41.5843
v 28.758 		-0.6857 		41.554
v 28.765 		-0.6829 		41.5221
v 28.772 		-0.6802 		41.4909
v 93.4974 		-36.9198 		17.94
v 93.497 		-36.92 		17.9417
v 93.4971 		-36.92 		17.9415
v 74.1821 		-10.5791 		33.9002
v 92.0008 		-36.9198 		17.9392
v 92.002 		-36.9198 		17.9392
v 92.0019 		-36.9198 		17.94
v 73.224 		-10.5228 		33.257
v 92.0018 		-36.92 		17.9415
v 27.9343 		1.819 		35.8682
v 27.9441 		1.8172 		35.8885
v 90.429 		-35.293 		25.74
v 27.9668 		1.8141 		35.9237
v 28.4294 		1.023 		22.0238
v 28.4035 		1.0219 		22.036
v 27.9791 		1.8124 		35.943
v 28.3704 		1.0206 		22.0513
v 28.3463 		1.0192 		22.0666
v 28.3154 		1.0175 		22.0869
v 28.0064 		1.8096 		35.9755
v 28.0215 		1.808 		35.9931
v 28.2654 		1.0138 		22.1289
v 28.2214 		1.0096 		22.177
v 28.0533 		1.8055 		36.0217
v 28.1844 		1.0049 		22.2302
v 72.2906 		4.6667 		31.7938
v 72.314 		4.6658 		31.8039
v 28.0701 		1.8042 		36.0371
v 28.1544 		0.9998 		22.2883
v 28.1241 		1.8009 		36.0742
v 72.7232 		-10.4989 		32.985
v 28.1324 		0.9945 		22.3494
v 28.1184 		0.9889 		22.4135
v 28.1134 		0.9832 		22.4786
v 72.314 		5.182 		31.8491
v 72.2906 		5.1829 		31.839
v 73.3244 		4.6179 		32.3567
v 28.502 		1.8159 		35.8952
v 28.4797 		1.795 		36.1344
v 28.4384 		1.7943 		36.1422
v 92.0019 		-36.92 		17.94
v 73.3115 		5.1343 		32.3948
v 29.1134 		0.9817 		22.4957
v 29.1104 		0.9874 		22.4305
v 29.0984 		0.993 		22.3664
v 29.0784 		0.9984 		22.3043
v 28.6241 		1.7995 		36.0828
v 28.6035 		1.7987 		36.0926
v 91 		-38.6772 		28.315
v 28.5651 		1.7971 		36.1102
v 28.5434 		1.7965 		36.1172
v 28.5027 		1.7954 		36.1301
v 29.0504 		1.0036 		22.2451
v 72.4766 		4.6581 		31.8928
v 28.6598 		1.8016 		36.0593
v 29.0154 		1.0083 		22.1911
v 28.9734 		1.0127 		22.1409
v 94.1505 		-36.8798 		17.4819
v 28.9244 		1.0166 		22.0969
v 89.124 		-35.407 		27.04
v 28.9007 		1.018 		22.0807
v 28.8709 		1.0198 		22.0598
v 28.8455 		1.021 		22.0467
v 28.8124 		1.0224 		22.0298
v 28.1618 		1.7992 		36.0937
v 28.1821 		1.7983 		36.1039
v 72.47 		4.6574 		31.901
v 28.11 		1.1062 		21.073
v 73.224 		4.6183 		32.3513
v 28.7514 		1.0244 		22.0078
v 28.7233 		1.0249 		22.0021
v 28.6874 		1.0256 		21.9941
v 28.6589 		1.0258 		21.9915
v 28.6224 		1.026 		21.9888
v 28.2218 		1.7971 		36.1183
v 28.2435 		1.7964 		36.126
v 28.5564 		1.0258 		21.9917
v 28.4924 		1.0247 		22.0037
v 92.672 		-37.9534 		18.2823
v 92.6595 		-37.9534 		18.2829
v 92.5945 		-37.9545 		18.2949
v 28.1164 		0.9775 		22.5437
v 92.5325 		-37.9562 		18.3149
v 28.2851 		1.7957 		36.1344
v 28.1274 		0.9719 		22.6079
v 92.4735 		-37.9586 		18.342
v 28.1474 		0.9664 		22.67
v 28.3074 		1.7952 		36.1393
v 28.1754 		0.9613 		22.729
v 92.4503 		-37.9599 		18.3567
v 92.4185 		-37.9617 		18.3776
v 28.2114 		0.9565 		22.7832
v 28.2534 		0.9522 		22.8332
v 28.3504 		1.7949 		36.1432
v 28.3014 		0.9483 		22.8774
v 92.3974 		-37.9633 		18.3957
v 39.834 		3.8792 		40.7994
v 65.682 		-10.0917 		28.3296
v 90.429 		-32.141 		35.599
v 28.3554 		0.9451 		22.9144
v 92.3685 		-37.9654 		18.4201
v 28.3731 		1.7947 		36.1454
v 28.4134 		0.9424 		22.9445
v 39.834 		4.395 		40.8446
v 92.366 		-37.9657 		18.4229
v 39.8241 		3.8775 		40.8185
v 28.4754 		0.9405 		22.9665
v 28.5035 		0.94 		22.9727
v 28.5394 		0.9393 		22.98
v 28.4154 		1.7949 		36.1434
v 28.5679 		0.9391 		22.9822
v 28.6044 		0.9388 		22.9855
v 28.4381 		1.7943 		36.1422
v 93.0275 		-37.9626 		18.388
v 28.4358 		1.7943 		36.1424
v 28.6329 		0.9389 		22.9842
v 28.6699 		0.9391 		22.9825
v 28.4358 		1.795 		36.1424
v 92.9735 		-37.9594 		18.351
v 66.9304 		-10.1164 		28.6154
v 67.2483 		-10.1228 		28.6882
v 92.9155 		-37.9568 		18.321
v 28.6985 		0.9396 		22.9773
v 28.7344 		0.9401 		22.9705
v 92.8535 		-37.9548 		18.299
v 40.4398 		3.9598 		39.877
v 92.8265 		-37.9543 		18.293
v 92.7895 		-37.9537 		18.2854
v 28.7616 		0.9409 		22.9617
v 28.7964 		0.9419 		22.9504
v 40.432 		4.4746 		39.934
v 28.8223 		0.9429 		22.9386
v 28.8554 		0.9443 		22.9228
v 67.967 		-10.1373 		28.8523
v 28.5024 		1.7954 		36.1302
v 92.7621 		-37.9535 		18.2834
v 41.045 		4.0405 		38.955
v 40.8659 		4.0166 		39.2278
v 28.8795 		0.9457 		22.907
v 28.9104 		0.9474 		22.8874
v 92.7245 		-37.9532 		18.2799
v 28.9604 		0.9511 		22.8452
v 70.184 		-10.2007 		29.5767
v 92.7198 		-37.9532 		18.2801
v 29.0044 		0.9553 		22.7972
v 41.045 		4.5563 		39.0001
v 29.0424 		0.96 		22.7441
v 29.0724 		0.965 		22.686
v 29.0944 		0.9704 		22.6248
v 29.1084 		0.976 		22.5607
v 69.4867 		-10.1808 		29.3486
v 42.448 		4.1919 		37.228
v 28.672 		1.8022 		36.0516
v 68.8371 		-10.1623 		29.1365
v 90.429 		-36.125 		35.25
v 42.448 		4.7074 		37.2731
v 28.8405 		1.8204 		35.8445
v 28.8296 		1.8185 		35.8657
v 28.8101 		1.8152 		35.9034
v 28.7971 		1.8135 		35.9224
v 28.7731 		1.8105 		35.9569
v 28.7291 		1.8063 		36.005
v 28.7116 		1.805 		36.0197
v 28.6791 		1.8026 		36.0471
v 42.0355 		4.1474 		37.7358
v 92 		-37.7647 		17.8853
v 92.0012 		-37.7636 		17.873
v 70.6897 		-10.2198 		29.7951
v 71.644 		-10.2559 		30.2073
v 92.0008 		-37.7629 		17.8655
v 92.0027 		-37.7623 		17.8582
v 92.268 		-37.676 		16.8724
v 28.3267 		1.5327 		16.1975
v 44.029 		4.3313 		35.6345
v 28.2887 		1.528 		16.2517
v 28.2772 		1.526 		16.2739
v 28.2587 		1.5229 		16.3091
v 28.2503 		1.5209 		16.3326
v 28.2367 		1.5175 		16.3709
v 72.314 		-10.2812 		30.4963
v 28.8401 		1.8203 		35.8457
v 29.1837 		1.5215 		16.3252
v 29.173 		1.5235 		16.3025
v 29.1557 		1.5267 		16.2666
v 92.7577 		-37.6333 		16.384
v 73.6986 		-10.3475 		31.2538
v 44.029 		4.8469 		35.6796
v 74.1763 		-10.3704 		31.5153
v 74.334 		-10.378 		31.6017
v 43.3231 		4.2693 		36.3458
v 43.2388 		4.2618 		36.4307
v 29.1419 		1.5285 		16.2456
v 29.1203 		1.5315 		16.2116
v 29.1042 		1.5332 		16.1924
v 29.0777 		1.5359 		16.1615
v 91 		-39.0667 		32.768
v 91 		-39.0729 		32.8383
v 72.4763 		-10.289 		30.5851
v 43.2287 		4.7763 		36.4859
v 93.9998 		-37.7194 		17.3677
v 93.9844 		-37.7197 		17.3718
v 93.749 		-37.7252 		17.4347
v 93.565 		-37.7412 		17.6177
v 93.497 		-37.7631 		17.8677
v 93.5012 		-37.7645 		17.8833
v 93.5653 		-37.7851 		18.1189
v 93.749 		-37.8011 		18.3015
v 94 		-37.8069 		18.3685
v 28.6617 		1.5488 		16.0132
v 28.5967 		1.5479 		16.0242
v 28.5347 		1.5461 		16.0443
v 28.4757 		1.5437 		16.0723
v 94 		-37.7194 		17.3677
v 28.4207 		1.5406 		16.1074
v 28.3707 		1.5369 		16.1494
v 45.775 		4.4577 		34.1905
v 91 		-39.027 		32.3134
v 29.0593 		1.5373 		16.145
v 29.0297 		1.5396 		16.1184
v 75.775 		-10.4635 		32.5778
v 93.4974 		-36.92 		17.94
v 29.009 		1.5409 		16.1042
v 28.9757 		1.5429 		16.0807
v 28.9535 		1.5439 		16.0692
v 28.9177 		1.5455 		16.0513
v 45.775 		4.9732 		34.2356
v 91 		-38.184 		32.387
v 28.8557 		1.5474 		16.0293
v 28.7917 		1.5487 		16.0152
v 28.7668 		1.5488 		16.0133
v 28.7267 		1.5492 		16.0096
v 44.7224 		4.3813 		35.061
v 28.7018 		1.5491 		16.0108
v 71.372 		-10.4347 		32.251
v 93.565 		-37.7851 		18.1185
v 91 		-38.6783 		28.3283
v 28.2227 		1.512 		16.434
v 28.2177 		1.5063 		16.4991
v 91 		-37.835 		28.402
v 28.2207 		1.5006 		16.5643
v 28.2327 		1.495 		16.6284
v 28.2527 		1.4896 		16.6905
v 71.1961 		-10.4281 		32.1757
v 69.5976 		-10.3681 		31.4911
v 69.42 		-10.3615 		31.4151
v 28.2807 		1.4844 		16.7495
v 92.002 		-37.7629 		17.8655
v 28.3157 		1.4796 		16.8047
v 28.3318 		1.4779 		16.8239
v 28.3577 		1.4753 		16.8541
v 47.666 		4.5699 		32.9095
v 28.3765 		1.4738 		16.8707
v 47.666 		5.0853 		32.9546
v 93 		-36.769 		16.217
v 95 		-36.769 		16.217
v 94 		-36.746 		15.95
v 29.2187 		1.5048 		16.5166
v 29.2147 		1.5105 		16.4514
v 29.2037 		1.5161 		16.3873
v 68.7805 		-10.3434 		31.2081
v 29.0657 		1.4742 		16.8667
v 29.0826 		1.4758 		16.8483
v 29.1097 		1.4784 		16.818
v 92.8877 		-37.622 		16.2544
v 93 		-37.6122 		16.1425
v 67.387 		-10.3039 		30.7571
v 46.2249 		4.4844 		33.8857
v 29.1239 		1.4802 		16.7973
v 29.1467 		1.4831 		16.7646
v 67.9392 		-10.3196 		30.9358
v 29.1767 		1.4882 		16.7065
v 29.1987 		1.4935 		16.6454
v 29.2041 		1.4956 		16.6212
v 94 		-37.5888 		15.8755
v 29.2127 		1.4991 		16.5816
v 94.9988 		-37.6122 		16.1422
v 95 		-37.6122 		16.1425
v 28.4067 		1.4714 		16.8979
v 91 		-35.7177 		30.5946
v 28.4607 		1.4682 		16.9349
v 28.5187 		1.4656 		16.965
v 28.5797 		1.4636 		16.987
v 28.6437 		1.4624 		17.0011
v 28.7097 		1.462 		17.006
v 28.7747 		1.4622 		17.0031
v 28.7992 		1.4626 		16.9988
v 28.8387 		1.4633 		16.9914
v 28.8629 		1.4639 		16.9838
v 28.9017 		1.465 		16.972
v 47.8237 		4.5775 		32.8232
v 28.9607 		1.4674 		16.9439
v 66.728 		-10.2908 		30.6076
v 66.2425 		-10.281 		30.4976
v 28.9818 		1.4686 		16.9304
v 29.0157 		1.4705 		16.9089
v 90 		-37.9656 		29.8938
v 90.435 		-38.0314 		30.6448
v 90.502 		-38.0095 		30.3948
v 90.435 		-37.9875 		30.1438
v 90.4352 		-37.9876 		30.1444
v 47.956 		4.5657 		32.9571
v 90.251 		-37.9715 		29.9608
v 90.251 		-38.0474 		30.8278
v 90.2504 		-38.0475 		30.828
v 47.042 		4.5066 		33.6323
v 46.8403 		4.4907 		33.8145
v 90 		-38.0533 		30.8948
v 27.8668 		-0.6489 		41.1335
v 27.8485 		-0.6513 		41.1603
v 27.8185 		-0.6564 		41.2184
v 27.8074 		-0.6591 		41.2493
v 27.796 		-0.6617 		41.2796
v 27.7889 		-0.6645 		41.3119
v 27.7825 		-0.6673 		41.3432
v 27.777 		-0.6729 		41.4078
v 91 		-38.0095 		30.3942
v 27.7799 		-0.6701 		41.3756
v 27.78 		-0.6786 		41.4729
v 27.792 		-0.6842 		41.537
v 27.812 		-0.6897 		41.5991
v 90.112 		-38.8115 		29.8504
v 90 		-38.8089 		29.8205
v 27.8261 		-0.6923 		41.6289
v 27.84 		-0.6948 		41.6582
v 27.8576 		-0.6973 		41.6861
v 27.875 		-0.6997 		41.7133
v 90.2849 		-38.8876 		30.72
v 90.435 		-38.8745 		30.5707
v 90.502 		-38.8526 		30.3207
v 90.4916 		-38.8492 		30.2817
v 90.435 		-38.8307 		30.0705
v 90.251 		-38.8147 		29.8875
v 90.0016 		-38.8964 		30.8211
v 90.039 		-38.8955 		30.8111
v 90.251 		-38.8905 		30.7537
v 27.774 		0.5496 		27.434
v 90 		-38.8965 		30.8215
v 87 		-37.352 		47.598
v 22.5053 		0.4685 		28.3616
v 22.4761 		0.4683 		28.3633
v 22.4399 		0.4682 		28.365
v 87.997 		-9.625 		38.7
v 22.4115 		0.4678 		28.3699
v 22.3753 		0.4672 		28.3766
v 82.055 		-32.768 		42.1751
v 87.997 		-32.239 		36.721
v 22.3478 		0.4664 		28.3855
v 22.3133 		0.4654 		28.3967
v 87.997 		-27.955 		37.096
v 45.1758 		4.3543 		35.3699
v 87.997 		-25.465 		37.314
v 22.2867 		0.4643 		28.4091
v 22.2539 		0.463 		28.4242
v 87.997 		-28.365 		41.778
v 87.997 		-25.874 		41.996
v 22.2295 		0.4616 		28.4397
v 22.1989 		0.4599 		28.4597
v 46.5044 		4.4641 		34.1178
v 22.1489 		0.4562 		28.5019
v 22.1049 		0.452 		28.5499
v 87.997 		-31.725 		30.844
v 22.0885 		0.4499 		28.5739
v 22.0673 		0.4473 		28.6034
v 22.054 		0.4451 		28.6288
v 22.0373 		0.4423 		28.6611
v 76.558 		-32.768 		33.8066
v 45.442 		4.3799 		35.0773
v 45.2592 		4.3623 		35.2782
v 22.9499 		0.4431 		28.6514
v 22.9343 		0.446 		28.6185
v 22.9184 		0.4481 		28.594
v 22.8983 		0.4508 		28.5639
v 89.124 		-32.027 		34.299
v 22.8563 		0.4552 		28.5139
v 22.8083 		0.459 		28.4697
v 22.7543 		0.4623 		28.4327
v 22.7286 		0.4634 		28.4198
v 22.6963 		0.4649 		28.4031
v 22.6343 		0.4668 		28.381
v 22.6059 		0.4673 		28.3748
v 22.5703 		0.468 		28.3676
v 22.5415 		0.4682 		28.3649
v 22.0276 		0.4399 		28.6887
v 22.0153 		0.4369 		28.7227
v 22.0091 		0.4344 		28.7507
v 22.0013 		0.4313 		28.7864
v 89.124 		-36.012 		33.95
v 21.9991 		0.4288 		28.8153
v 21.9963 		0.4256 		28.8515
v 21.9977 		0.4231 		28.8804
v 21.9993 		0.4199 		28.9166
v 22.0113 		0.4143 		28.9807
v 22.0202 		0.4119 		29.0083
v 22.0313 		0.4089 		29.0428
v 22.0433 		0.4066 		29.0691
v 22.0589 		0.4037 		29.102
v 22.0749 		0.4016 		29.1264
v 22.0943 		0.3989 		29.1564
v 22.113 		0.397 		29.1783
v 22.9963 		0.4241 		28.8685
v 88.286 		-31.884 		32.66
v 22.9933 		0.4298 		28.8033
v 22.9823 		0.4354 		28.7392
v 22.9623 		0.4409 		28.6771
v 88.286 		-31.566 		29.028
v 22.8883 		0.3977 		29.1701
v 22.9253 		0.4024 		29.1169
v 22.9553 		0.4075 		29.0588
v 22.9651 		0.4099 		29.0317
v 22.9773 		0.4128 		28.9977
v 22.9836 		0.4153 		28.9692
v 22.9913 		0.4184 		28.9336
v 88.286 		-35.868 		32.311
v 22.1363 		0.3946 		29.2062
v 88.286 		-35.551 		28.679
v 22.1853 		0.3907 		29.2502
v 22.2383 		0.3875 		29.2873
v 87.997 		-35.709 		30.495
v 22.2973 		0.3849 		29.3173
v 22.3244 		0.384 		29.3271
v 22.3583 		0.3829 		29.3393
v 22.3868 		0.3824 		29.3456
v 22.4223 		0.3817 		29.3534
v 22.4512 		0.3815 		29.3556
v 22.4873 		0.3813 		29.3584
v 82.166 		-36.449 		37.271
v 22.5167 		0.3814 		29.357
v 22.5533 		0.3815 		29.3554
v 22.6173 		0.3826 		29.3434
v 42.706 		4.0893 		38.3993
v 22.6449 		0.3833 		29.3349
v 83 		-36.5895 		38.8811
v 22.6799 		0.3843 		29.3238
v 82.5712 		-37.0103 		43.6833
v 22.7066 		0.3854 		29.3113
v 22.7393 		0.3867 		29.2963
v 89.8213 		-38.0677 		31.0587
v 22.7638 		0.3881 		29.2807
v 22.7943 		0.3898 		29.2606
v 89.1547 		-38.0677 		31.0587
v 82.897 		-37.1822 		45.6492
v 89.5343 		-38.114 		31.5879
v 88.435 		-38.0311 		30.6448
v 82.8942 		-37.1807 		45.6319
v 22.8443 		0.3935 		29.2186
v 88.4351 		-38.0311 		30.6445
v 22.8639 		0.3954 		29.1968
v 82.58 		-37.0131 		43.7152
v 88.2512 		-38.0469 		30.8276
v 43.992 		4.2408 		36.6713
v 43.968 		4.238 		36.7035
v 89 		-38.16 		32.12
v 88.251 		-38.047 		30.8278
v 88.2505 		-38.047 		30.828
v 98.67 		-31.422 		27.389
v 82.055 		-36.8466 		41.8182
v 89 		-38.1606 		32.1199
v 82.0377 		-36.8428 		41.7743
v 42.9108 		4.1134 		38.1242
v 83 		-37.3475 		47.547
v 88.9994 		-38.1606 		32.1201
v 29 		2.139 		43.685
v 97 		-38.6332 		27.8127
v 97 		-38.66 		28.1189
v 97 		-38.6612 		28.1324
v 97 		-38.6772 		28.315
v 29.732 		2.202 		42.956
v 89.497 		-38.0091 		30.3948
v 89.4971 		-38.009 		30.3943
v 89.4972 		-38.009 		30.394
v 100 		-39.027 		32.3134
v 89.565 		-38.0311 		30.6448
v 99.797 		-9.625 		38.7
v 89.749 		-38.0473 		30.8278
v 99.797 		-27.955 		37.096
v 99.797 		-32.239 		36.721
v 89.8744 		-38.0502 		30.8613
v 99.797 		-25.465 		37.314
v 88.502 		-38.0091 		30.3948
v 99.797 		-25.874 		41.996
v 79.552 		-36.137 		33.7
v 99.797 		-28.365 		41.778
v 88.5018 		-38.009 		30.394
v 23.124 		9.966 		26.502
v 24.429 		10.08 		25.202
v 80.955 		-36.288 		35.427
v 98.67 		-32.027 		34.299
v 88.251 		-37.9711 		29.9608
v 88.2511 		-37.9711 		29.9609
v 89.749 		-37.9712 		29.9608
v 89.8744 		-37.9682 		29.9273
v 89.565 		-37.9871 		30.1438
v 27 		2.139 		43.685
v 41.596 		3.9277 		40.2442
v 41.4795 		3.9063 		40.4894
v 77.9477 		-36.2422 		34.902
v 89.732 		-37.922 		29.398
v 88.435 		-37.9871 		30.1438
v 88.4351 		-37.9872 		30.1444
v 41.9776 		3.9832 		39.61
v 79.2433 		-36.3794 		36.4712
v 78.008 		-36.2474 		34.9622
v 81.2998 		-36.681 		39.9234
v 80.404 		-36.5312 		38.2102
v 41.1629 		3.848 		41.1557
v 97.365 		-32.141 		35.599
v 80.404 		-36.5312 		38.2102
v 80.3643 		-36.526 		38.1502
v 23.124 		5.981 		26.153
v 42.5661 		4.0689 		38.6319
v 24.429 		6.095 		24.853
v 81.328 		-36.6857 		39.9772
v 81.328 		-36.6857 		39.9771
v 98.67 		-36.012 		33.95
v 88.435 		-37.9871 		30.1438
v 79.294 		-36.3848 		36.5332
v 97 		-39.0667 		32.768
v 97 		-39.072 		32.8284
v 79.294 		-36.3848 		36.5332
v 97.365 		-36.125 		35.25
v 92.7543 		-39.6239 		37.376
v 92.7435 		-39.6229 		37.3636
v 92.6955 		-39.619 		37.3196
v 89.9994 		-38.0533 		30.8946
v 89.8744 		-38.0504 		30.8613
v 92.6415 		-39.6158 		37.2825
v 92.5835 		-39.6131 		37.2525
v 76.558 		-36.1202 		33.5132
v 92.5215 		-39.6112 		37.2305
v 92.4575 		-39.61 		37.2165
v 76.4904 		-36.1153 		33.4578
v 92.3925 		-39.6095 		37.2114
v 92.3275 		-39.6098 		37.2144
v 89.8743 		-38.8935 		30.7875
v 92.2893 		-39.6104 		37.2209
v 92.2629 		-39.6108 		37.2254
v 92.2264 		-39.6118 		37.2372
v 92.212 		-39.6122 		37.2418
v 97 		-39.027 		32.3134
v 26.268 		2.202 		42.956
v 40.4669 		3.7076 		42.7598
v 100 		-38.184 		32.387
v 89.8743 		-38.5491 		30.8174
v 89.8742 		-38.8935 		30.7874
v 92.8497 		-39.6687 		37.888
v 92.8645 		-39.6651 		37.8463
v 39.945 		3.5805 		44.2142
v 39.8919 		3.5621 		44.4252
v 92.8785 		-39.6596 		37.7832
v 92.8845 		-39.6539 		37.7181
v 92.8821 		-39.6505 		37.6798
v 97 		-38.184 		32.387
v 92.8809 		-39.6482 		37.653
v 100 		-38.6783 		28.3283
v 92.8744 		-39.6449 		37.6153
v 92.8695 		-39.6426 		37.5889
v 92.8802 		-39.6479 		37.6493
v 89.732 		-37.9222 		29.398
v 92.8495 		-39.6371 		37.5268
v 40.672 		3.7576 		42.1884
v 40.5804 		3.7352 		42.4436
v 92.8215 		-39.632 		37.4677
v 92.7865 		-39.6272 		37.4127
v 89.8744 		-37.9686 		29.9273
v 92.212 		-39.6939 		38.1761
v 92.221 		-39.6942 		38.1791
v 89.7321 		-37.9222 		29.3982
v 92.2465 		-39.695 		38.1882
v 89.8745 		-38.8118 		29.854
v 92.2835 		-39.6957 		38.1964
v 92.3099 		-39.6962 		38.2017
v 92.2499 		-39.6951 		38.1889
v 97 		-38.6783 		28.3283
v 89.8745 		-38.8118 		29.854
v 92.3487 		-39.6965 		38.2053
v 92.3755 		-39.6967 		38.2078
v 100 		-37.835 		28.402
v 92.3757 		-39.6967 		38.2078
v 92.4405 		-39.6964 		38.2047
v 92.4781 		-39.6958 		38.1976
v 92.5049 		-39.6954 		38.1927
v 89.749 		-38.8147 		29.8875
v 89.565 		-38.8307 		30.0705
v 97 		-37.835 		28.402
v 89.5545 		-38.8342 		30.1094
v 89.4971 		-38.8527 		30.3211
v 89.565 		-38.8745 		30.5707
v 89.7151 		-38.8876 		30.72
v 92.542 		-39.6944 		38.1809
v 92.5675 		-39.6936 		38.1727
v 97.9985 		-39.0949 		31.3285
v 98 		-39.0978 		31.3609
v 92.5055 		-39.6954 		38.1925
v 39.8788 		3.5575 		44.4773
v 24.429 		9.248 		34.711
v 98 		-39.0935 		31.3123
v 92.6022 		-39.6922 		38.1562
v 92.6265 		-39.6912 		38.1451
v 92.6588 		-39.6894 		38.1245
v 92.6815 		-39.6881 		38.1096
v 65.682 		-35.472 		26.109
v 89.497 		-38.8526 		30.3207
v 92.6289 		-39.6911 		38.1436
v 92.7315 		-39.6844 		38.0676
v 67.967 		-35.518 		26.632
v 92.7755 		-39.6802 		38.0195
v 92.7972 		-39.6775 		37.9877
v 89.749 		-38.8905 		30.7537
v 89.788 		-38.8914 		30.7641
v 92.8125 		-39.6755 		37.9659
v 39.4576 		3.411 		46.151
v 24.429 		5.263 		34.363
v 92.8301 		-39.6726 		37.9323
v 92.8425 		-39.6705 		37.9084
v 70.184 		-35.582 		27.356
v 92.8134 		-39.6754 		37.9641
v 29.72 		5.19 		35.197
v 26.074 		5.19 		35.197
v 88.2849 		-38.8876 		30.72
v 88.435 		-38.8745 		30.5707
v 88.502 		-38.8526 		30.3207
v 88.4916 		-38.8492 		30.2817
v 88.435 		-38.8307 		30.0705
v 88.251 		-38.8147 		29.8875
v 88.064 		-38.8104 		29.8376
v 72.314 		-35.662 		28.276
v 74.334 		-35.759 		29.381
v 27.897 		5.165 		35.485
v 92.16 		-39.6142 		37.2647
v 92.1415 		-39.615 		37.2735
v 88.064 		-38.8949 		30.8043
v 88.251 		-38.8905 		30.7537
v 92.108 		-39.6168 		37.2949
v 92.2005 		-39.6125 		37.2454
v 92.1996 		-39.6126 		37.2459
v 76.225 		-35.871 		30.662
v 92.108 		-39.6894 		38.124
v 92.1265 		-39.6905 		38.1367
v 87.749 		-38.047 		30.8278
v 87.7488 		-38.0469 		30.8276
v 92.16 		-39.692 		38.1541
v 88 		-38.053 		30.8948
v 87.9995 		-38.053 		30.8947
v 92.1845 		-39.6931 		38.1667
v 88 		-38.184 		32.387
v 87 		-38.16 		32.12
v 86.268 		-38.097 		31.391
v 25 		3.205 		31.499
v 77.971 		-35.997 		32.106
v 25 		2.209 		31.412
v 92.0865 		-39.618 		37.3086
v 92.0365 		-39.6217 		37.3506
v 25 		3.553 		27.515
v 25 		2.5575 		27.427
v 92.0133 		-39.6239 		37.376
v 48.6764 		4.6179 		32.3567
v 92.0106 		-39.6242 		37.3789
v 92 		-39.6252 		37.3907
v 69.359 		-35.7411 		29.1745
v 67.387 		-35.6847 		28.5362
v 25 		2.3034 		30.3312
v 67.3869 		-35.6847 		28.5362
v 92 		-39.6809 		38.0271
v 92.0245 		-39.6834 		38.0556
v 92.0725 		-39.6873 		38.0996
v 67.338 		-35.6837 		28.5251
v 48.6635 		5.133 		32.4089
v 69.42 		-35.7428 		29.1942
v 69.4199 		-35.7428 		29.1942
v 49.686 		4.6658 		31.8039
v 49.5235 		4.6581 		31.8929
v 49.686 		5.182 		31.8491
v 49.7095 		4.6667 		31.7938
v 25 		5.6703 		29.7075
v 49.7095 		5.1829 		31.8389
v 48.776 		4.6183 		32.3513
v 28.4684 		2.7278 		39.8634
v 28.435 		2.7536 		39.7402
v 28.251 		2.7917 		39.5591
v 28 		2.8056 		39.4928
v 73.1515 		-35.9004 		30.9968
v 71.372 		-35.8155 		30.0302
v 71.304 		-35.813 		30.0011
v 27.749 		2.7917 		39.5591
v 49.53 		4.6574 		31.901
v 27.565 		2.7536 		39.7402
v 74.8859 		-36.0014 		32.1518
v 73.224 		-35.9038 		31.0362
v 27.5309 		2.7276 		39.8642
v 30.2602 		2.8295 		39.379
v 24.502 		3.379 		29.5068
v 28.1671 		3.435 		36.4962
v 28.251 		3.4396 		36.474
v 74.958 		-36.0056 		32.2002
v 24.435 		3.4009 		29.2568
v 94.4984 		-39.7666 		40.767
v 94.435 		-39.7459 		40.5306
v 24.4351 		3.4008 		29.2573
v 94.251 		-39.7299 		40.3476
v 94.2354 		-39.7295 		40.3434
v 94 		-39.724 		40.2807
v 93.9843 		-39.7244 		40.2849
v 93.7489 		-39.7299 		40.3477
v 93.565 		-39.7459 		40.5306
v 93.5007 		-39.7666 		40.767
v 24.251 		3.4168 		29.0738
v 24 		3.4227 		29.0068
v 28.3748 		3.4653 		36.3515
v 24.251 		3.3411 		29.9408
v 24.2505 		3.3411 		29.941
v 28.435 		3.4778 		36.2923
v 93.749 		-39.7299 		40.3476
v 24.435 		3.3572 		29.7568
v 24.4347 		3.3571 		29.7572
v 28.502 		3.5297 		36.0449
v 24 		3.3353 		30.0078
v 96.2499 		-39.7228 		40.267
v 96.1995 		-39.7666 		40.767
v 28.435 		3.5817 		35.7975
v 94.4837 		-39.4251 		36.864
v 94.502 		-39.4191 		36.7957
v 94.435 		-39.3973 		36.5457
v 94.251 		-39.3812 		36.3627
v 94.2353 		-39.3809 		36.3585
v 93.9998 		-39.3754 		36.2957
v 93.9844 		-39.3757 		36.2998
v 28.3051 		3.6086 		35.6697
v 93.749 		-39.3812 		36.3627
v 93.565 		-39.3973 		36.5457
v 93.497 		-39.4191 		36.7957
v 93.5012 		-39.4205 		36.8113
v 93.5156 		-39.4251 		36.864
v 28.251 		3.6198 		35.6162
v 28 		3.6337 		35.5499
v 94 		-39.3754 		36.2957
v 24.435 		2.3612 		29.6702
v 28 		1.3367 		41.3722
v 24.4091 		2.359 		29.696
v 24.502 		2.3831 		29.4202
v 27.749 		3.6198 		35.6162
v 24.5019 		2.3831 		29.4197
v 98.816 		-39.0623 		30.952
v 98.8105 		-39.0619 		30.947
v 24.435 		2.405 		29.1693
v 27.6198 		3.5931 		35.7433
v 27.565 		3.5817 		35.7975
v 24.4347 		2.4051 		29.1689
v 98.7565 		-39.0587 		30.9099
v 27.884 		1.3415 		41.3177
v 27.9028 		1.3433 		41.2968
v 24.251 		2.4211 		28.9863
v 27.9294 		1.3459 		41.2671
v 27.9491 		1.3474 		41.2504
v 27.9792 		1.3496 		41.2252
v 28.0011 		1.3508 		41.2112
v 28.0344 		1.3527 		41.19
v 28.0934 		1.3551 		41.1619
v 28.1179 		1.3558 		41.1539
v 98.6985 		-39.056 		30.8798
v 28.1554 		1.3568 		41.1424
v 28.16 		1.3569 		41.1417
v 27.879 		1.3409 		41.3247
v 98.6365 		-39.0541 		30.8578
v 24 		2.4269 		28.9193
v 98.5993 		-39.0534 		30.8497
v 98.5725 		-39.0529 		30.8443
v 93.565 		-39.441 		37.0456
v 93.749 		-39.457 		37.2286
v 94 		-39.4629 		37.2956
v 27.497 		3.5297 		36.0449
v 94.251 		-39.457 		37.2286
v 94.435 		-39.441 		37.0456
v 94.4392 		-39.4396 		37.0301
v 98.5347 		-39.0527 		30.8413
v 27.565 		3.4778 		36.2923
v 98.5075 		-39.0525 		30.8388
v 98.5042 		-39.0525 		30.8389
v 98.4425 		-39.0527 		30.8419
v 27.6882 		3.4522 		36.4142
v 27.749 		3.4396 		36.474
v 24.251 		2.3452 		29.8532
v 24.0006 		2.3394 		29.92
v 98.3775 		-39.0538 		30.8539
v 24.0002 		2.3393 		29.9202
v 24.2514 		2.3452 		29.8528
v 98.3155 		-39.0555 		30.8739
v 93.5608 		-39.5729 		38.5532
v 98.304 		-39.056 		30.8792
v 27.9158 		3.4304 		36.518
v 93.497 		-39.5935 		38.7886
v 93.5012 		-39.5949 		38.8042
v 94.4689 		-39.6043 		38.912
v 94.502 		-39.5935 		38.7886
v 94.4978 		-39.5921 		38.773
v 94.4347 		-39.5715 		38.5373
v 94.251 		-39.5555 		38.3546
v 94 		-39.5497 		38.2876
v 93.749 		-39.5555 		38.3546
v 93.565 		-39.5715 		38.5376
v 28 		3.4257 		36.5403
v 98.9872 		-39.0869 		31.232
v 98.9845 		-39.0855 		31.2164
v 24 		2.3393 		29.9202
v 98.9645 		-39.0801 		31.1542
v 21.997 		31.763 		37.812
v 98.9482 		-39.077 		31.1198
v 98.9365 		-39.0749 		31.0956
v 21.997 		9.15 		35.834
v 94.435 		-39.5715 		38.5376
v 21.997 		13.433 		36.209
v 28 		3.0117 		38.5113
v 28.251 		3.0257 		38.445
v 98.9156 		-39.0722 		31.0641
v 21.997 		15.924 		36.427
v 98.9005 		-39.0701 		31.0411
v 28.435 		3.0637 		38.2639
v 21.997 		13.024 		40.891
v 21.997 		15.514 		41.109
v 98.8992 		-39.07 		31.0395
v 98.8585 		-39.0658 		30.991
v 28.502 		3.1157 		38.0165
v 37.6539 		-11.536 		44.843
v 98.84 		-39.0643 		30.974
v 38.033 		-11.4156 		43.4603
v 21.997 		9.664 		29.956
v 98.787 		-39.1317 		31.744
v 98.7965 		-39.1311 		31.738
v 28.4619 		3.1468 		37.8684
v 28.435 		3.1676 		37.7692
v 98.8465 		-39.1275 		31.6959
v 93.5306 		-39.6043 		38.912
v 38.5773 		-11.294 		42.0723
v 38.827 		-11.2381 		41.4357
v 98.8721 		-39.125 		31.6673
v 98.8905 		-39.1232 		31.6473
v 94.4047 		-39.618 		39.0687
v 94.435 		-39.6154 		39.0386
v 94.4392 		-39.614 		39.023
v 98.9121 		-39.1205 		31.6164
v 98.9275 		-39.1185 		31.5938
v 93.565 		-39.6154 		39.0386
v 93.5953 		-39.618 		39.0687
v 98.8918 		-39.1231 		31.6454
v 28.251 		3.2056 		37.5881
v 38.2211 		-11.3739 		42.9806
v 98.9575 		-39.1135 		31.5357
v 28 		3.2196 		37.5218
v 27.9794 		1.3496 		41.225
v 98.9795 		-39.1081 		31.4746
v 27.749 		3.2056 		37.5881
v 98.9935 		-39.1025 		31.4106
v 39.834 		-11.0679 		39.4917
v 23.124 		9.362 		33.411
v 93.565 		-39.6154 		39.0386
v 98.9985 		-39.0968 		31.3454
v 86.2105 		-39.0421 		30.72
v 86.1981 		-39.0428 		30.7279
v 27.565 		3.1676 		37.7692
v 98.9955 		-39.0911 		31.2804
v 86.174 		-39.0445 		30.7482
v 86.1486 		-39.0464 		30.7701
v 39.8242 		-11.0695 		39.5106
v 27.5244 		3.1366 		37.9167
v 86.1301 		-39.0482 		30.7903
v 96.6518 		-39.3742 		36.282
v 96.3708 		-39.618 		39.0687
v 27.497 		3.1157 		38.0165
v 93.5682 		-39.267 		35.0569
v 93.749 		-39.2827 		35.2366
v 94 		-39.2886 		35.3036
v 94.251 		-39.2827 		35.2366
v 94.4318 		-39.267 		35.0569
v 27.565 		3.0637 		38.2639
v 38.9481 		-11.2175 		41.2019
v 23.124 		5.377 		33.063
v 96.7753 		-39.267 		35.0569
v 27.749 		3.0257 		38.445
v 93.749 		-39.6314 		39.2216
v 94 		-39.6372 		39.2886
v 94.251 		-39.6314 		39.2216
v 40.6641 		-10.9573 		38.2277
v 86.9961 		-39.0786 		31.1375
v 86.9931 		-39.0729 		31.0724
v 86.9811 		-39.0673 		31.0083
v 86.9611 		-39.0618 		30.9462
v 86.9455 		-39.059 		30.9134
v 86.9331 		-39.0567 		30.8871
v 86.8981 		-39.0519 		30.8321
v 40.8662 		-10.9304 		37.9199
v 41.045 		-10.9067 		37.6474
v 86.8561 		-39.0475 		30.7821
v 27.8854 		1.3417 		41.3158
v 86.8071 		-39.0437 		30.7389
v 98.7401 		-39.1343 		31.7738
v 98.7415 		-39.1342 		31.7731
v 96.0597 		-39.8879 		42.1537
v 86.7816 		-39.0421 		30.7206
v 86.7807 		-39.0421 		30.72
v 22.286 		9.505 		31.772
v 96 		-39.9397 		42.7458
v 28 		3.8399 		34.5683
v 28.1912 		3.8505 		34.5178
v 86.9845 		-39.0869 		31.232
v 86.9911 		-39.0842 		31.2021
v 28.251 		3.8538 		34.502
v 86.9935 		-39.0815 		31.1712
v 42.448 		-10.756 		35.9204
v 22.286 		9.823 		28.14
v 86.9912 		-39.0842 		31.2013
v 28.435 		3.8918 		34.321
v 95.998 		-39.9415 		42.7659
v 42.0357 		-10.8005 		36.4279
v 22.286 		5.52 		31.424
v 28.502 		3.9438 		34.0736
v 95.9994 		-39.9423 		42.7756
v 95.9956 		-39.9436 		42.7898
v 95.9956 		-39.9436 		42.7898
v 95.732 		-40.0293 		43.7693
v 28.4488 		3.985 		33.8774
v 22.286 		5.838 		27.792
v 28.435 		3.9957 		33.8263
v 95 		-40.093 		44.4984
v 44.029 		-10.6161 		34.3267
v 28.251 		4.0337 		33.6452
v 21.997 		5.679 		29.608
v 94.502 		-40.1047 		44.6313
v 94.208 		-40.1115 		44.7098
v 28 		4.0477 		33.5789
v 28.4325 		1.3559 		41.1533
v 28.4764 		1.3545 		41.1689
v 28.5344 		1.3519 		41.1989
v 28.5884 		1.3486 		41.236
v 28.6074 		1.3472 		41.2531
v 28.6348 		1.3449 		41.2783
v 28.6534 		1.3431 		41.2995
v 28.672 		1.3412 		41.3208
v 94.4389 		-39.9626 		43.008
v 94.4392 		-39.9626 		43.0071
v 94.502 		-39.9421 		42.7726
v 94.4835 		-39.936 		42.7035
v 27.749 		4.0337 		33.6452
v 43.5317 		-10.6601 		34.8277
v 94.502 		-39.9421 		42.7727
v 27.565 		3.9957 		33.8263
v 94.502 		-39.936 		42.7732
v 28.1811 		1.3572 		41.1381
v 28.2204 		1.3578 		41.1308
v 28.2854 		1.3581 		41.1279
v 28.3504 		1.3577 		41.1328
v 28.381 		1.3571 		41.1395
v 27.5115 		3.9549 		34.0207
v 27.497 		3.9438 		34.0736
v 28.251 		1.3309 		41.4392
v 94.208 		-39.9809 		43.2171
v 94.251 		-39.9799 		43.2056
v 94.435 		-39.9639 		43.0226
v 43.3233 		-10.6786 		35.0379
v 28.4144 		1.3564 		41.1469
v 27.565 		3.8918 		34.321
v 98.7401 		-39.1341 		31.7738
v 94.435 		-39.9202 		42.5227
v 94.251 		-39.9042 		42.3397
v 94.2353 		-39.9038 		42.3355
v 27.749 		3.8538 		34.502
v 27.9398 		3.8432 		34.5525
v 23.9993 		3.3353 		30.0076
v 86.5837 		-39.1206 		31.6179
v 86.5841 		-39.1206 		31.6178
v 86.6171 		-39.1201 		31.6121
v 45.775 		-10.49 		32.8827
v 23.749 		3.4168 		29.0738
v 86.6791 		-39.1184 		31.5921
v 23.565 		3.4009 		29.2568
v 86.7381 		-39.1159 		31.564
v 23.497 		3.379 		29.5068
v 23.4971 		3.3791 		29.5063
v 86.7647 		-39.1144 		31.5471
v 44.722 		-10.5657 		33.7535
v 86.7936 		-39.1129 		31.529
v 98.3351 		-39.1368 		31.807
v 23.565 		3.3572 		29.7568
v 98.3609 		-39.1376 		31.8161
v 86.8178 		-39.1111 		31.5087
v 86.8431 		-39.1092 		31.4869
v 23.749 		3.3411 		29.9408
v 23.7487 		3.3411 		29.9405
v 86.7952 		-39.1127 		31.5277
v 98.304 		-39.1358 		31.7957
v 98.3982 		-39.1383 		31.8243
v 94.208 		-39.9032 		42.3282
v 86.8871 		-39.105 		31.4389
v 98.4245 		-39.1389 		31.8302
v 28.6364 		1.3448 		41.2797
v 95.997 		-39.9423 		42.7756
v 98.463 		-39.1391 		31.8331
v 86.9251 		-39.1002 		31.3848
v 98.4905 		-39.1393 		31.8352
v 86.9396 		-39.0978 		31.3568
v 95.997 		-39.9423 		42.7756
v 98.4255 		-39.1389 		31.8302
v 86.9551 		-39.0952 		31.3273
v 86.9657 		-39.0926 		31.2978
v 86.9771 		-39.0898 		31.2656
v 98.5555 		-39.139 		31.8322
v 28 		2.5977 		40.4827
v 28.1187 		2.6043 		40.4514
v 98.5928 		-39.1384 		31.8252
v 86.9557 		-39.0951 		31.3256
v 94.208 		-39.8067 		41.2251
v 94.251 		-39.8057 		41.2136
v 94.435 		-39.7896 		41.0306
v 94.4539 		-39.7835 		40.96
v 28.251 		2.6116 		40.4165
v 98.6195 		-39.138 		31.8206
v 23.6848 		2.2919 		30.463
v 86.9839 		-39.0871 		31.2347
v 23.4375 		2.3034 		30.3312
v 98.6562 		-39.137 		31.8095
v 98.6825 		-39.1363 		31.8012
v 23.6135 		2.2856 		30.534
v 28.3391 		2.6298 		40.3298
v 28.435 		2.6497 		40.2349
v 23 		2.2323 		31.145
v 98.6231 		-39.1379 		31.8195
v 94 		-39.273 		44.839
v 23 		2.2322 		31.145
v 48.776 		-10.5228 		33.257
v 98.7401 		-39.1339 		31.7738
v 22.528 		2.2212 		31.271
v 22.999 		2.2322 		31.1453
v 28.502 		2.7017 		39.9875
v 86.268 		-39.093 		31.303
v 98.2812 		-39.0569 		30.8896
v 98.2565 		-39.0579 		30.9013
v 86.1301 		-39.0481 		30.7903
v 49.2768 		-10.4989 		32.985
v 23.8744 		2.3423 		29.8867
v 98.2245 		-39.0597 		30.9223
v 98.2015 		-39.061 		30.937
v 27.497 		2.7017 		39.9875
v 23.749 		2.4211 		28.9863
v 98.199 		-39.0612 		30.9391
v 98.1754 		-39.0629 		30.9589
v 23.565 		2.405 		29.1693
v 23.497 		2.3831 		29.4202
v 23.5648 		2.405 		29.17
v 27.565 		2.6497 		40.2349
v 23.565 		2.3612 		29.6702
v 27.6532 		2.6315 		40.3217
v 23.5909 		2.359 		29.696
v 23.5654 		2.3612 		29.6706
v 27.749 		2.6116 		40.4165
v 27.8677 		2.605 		40.4478
v 47.042 		-10.6244 		34.4211
v 47.818 		-10.5791 		33.9002
v 23.749 		2.3452 		29.8532
v 28.6793 		1.3405 		41.3291
v 28.6932 		1.3386 		41.351
v 28.7144 		1.3357 		41.3843
v 28.7254 		1.3336 		41.4076
v 28.7424 		1.3305 		41.4434
v 28.7516 		1.328 		41.472
v 23.7496 		2.3452 		29.8533
v 21.749 		3.4169 		29.0738
v 21.749 		3.4169 		29.0738
v 21.565 		3.4009 		29.2568
v 21.565 		3.4009 		29.2568
v 29.9991 		2.2897 		41.9623
v 29.997 		2.2897 		41.9623
v 29.997 		2.2897 		41.9622
v 28.6794 		1.3405 		41.3292
v 22 		3.4227 		29.0068
v 22.251 		3.4169 		29.0738
v 22.435 		3.4009 		29.2568
v 22.435 		3.4009 		29.2568
v 46.4341 		-10.6677 		34.9199
v 22.251 		3.4169 		29.0738
v 28.502 		1.293 		41.872
v 28.435 		1.3149 		41.6222
v 28.4349 		1.3149 		41.622
v 45.442 		-10.7393 		35.7341
v 29.9991 		2.2864 		41.962
v 98.268 		-39.093 		31.303
v 28.502 		1.293 		41.8722
v 29.997 		2.287 		41.962
v 28.672 		1.2878 		41.931
v 28.6684 		1.2874 		41.9363
v 28.6247 		1.2832 		41.984
v 22.251 		3.3411 		29.9408
v 22.2505 		3.3411 		29.941
v 22.4347 		3.3571 		29.7572
v 28.435 		2.3395 		41.7121
v 22 		3.3353 		30.0078
v 45.1337 		-10.7664 		36.0421
v 22 		3.205 		31.499
v 28.3586 		2.3554 		41.6365
v 28.251 		2.3776 		41.5306
v 43.992 		-10.8665 		37.1831
v 21.497 		3.379 		29.5068
v 21.4971 		3.3791 		29.5063
v 98.1754 		-39.0629 		30.9589
v 21.565 		3.3572 		29.7568
v 21.5652 		3.3572 		29.757
v 28 		2.3915 		41.4643
v 22.502 		3.379 		29.5068
v 86.5837 		-39.12 		31.6179
v 27.749 		2.3776 		41.5306
v 22.4351 		3.4008 		29.2573
v 98.0616 		-39.0747 		31.0975
v 98.0405 		-39.0783 		31.1383
v 98.0271 		-39.0814 		31.1738
v 98.0179 		-39.0836 		31.1998
v 27.6724 		2.3617 		41.6065
v 22.435 		3.3572 		29.7568
v 27.565 		2.3395 		41.7121
v 98.0114 		-39.0865 		31.232
v 86.1301 		-39.0476 		30.7904
v 27.8998 		1.2866 		41.9526
v 98.0015 		-39.1006 		31.3936
v 98.0135 		-39.1062 		31.4577
v 27.9164 		1.2849 		41.9725
v 98.0335 		-39.1117 		31.5198
v 98.0615 		-39.1168 		31.5789
v 98.0965 		-39.1217 		31.6339
v 43.5875 		-10.9095 		37.6769
v 98.121 		-39.1242 		31.6625
v 42.8346 		-10.9896 		38.5967
v 98.1389 		-39.126 		31.683
v 42.706 		-11.0033 		38.7538
v 98.1675 		-39.1282 		31.7086
v 21.7487 		3.3411 		29.9405
v 21.7486 		3.3411 		29.9405
v 98.1875 		-39.1298 		31.727
v 98.1893 		-39.1299 		31.7282
v 98.2123 		-39.1313 		31.744
v 88 		-39.027 		32.3134
v 98.0104 		-39.0869 		31.2371
v 43.9242 		-10.8737 		37.2659
v 21 		3.228 		31.232
v 98.0045 		-39.0892 		31.2634
v 87.1539 		-39.0072 		32.0875
v 87.0013 		-39.0036 		32.0467
v 87 		-39.0036 		32.0464
v 98.0041 		-39.0896 		31.2679
v 28.2512 		2.2521 		42.3925
v 98.2415 		-39.1331 		31.7641
v 87.497 		-39.0152 		32.1791
v 98.2995 		-39.1357 		31.7941
v 21.749 		3.341 		29.9408
v 86.031 		-38.9408 		31.3281
v 98.2682 		-39.0927 		31.3033
v 86.0585 		-38.9459 		31.3872
v 98.268 		-39.0927 		31.303
v 86.0444 		-38.9433 		31.3573
v 21.9993 		3.3353 		30.0076
v 28.251 		2.2521 		42.3927
v 98.1753 		-39.0626 		30.9591
v 98.1515 		-39.0643 		30.979
v 98.1075 		-39.0685 		31.0271
v 86.094 		-38.9508 		31.4423
v 86.0763 		-38.9483 		31.4144
v 98.0705 		-39.0732 		31.0802
v 86.136 		-38.9551 		31.4923
v 28.7624 		1.3251 		41.5055
v 28.7671 		1.3228 		41.5308
v 28.7732 		1.3198 		41.566
v 28.775 		1.3172 		41.5954
v 28.7774 		1.3138 		41.6348
v 28.775 		1.3115 		41.6605
v 28.7714 		1.3081 		41.6998
v 98.1754 		-39.0626 		30.9589
v 28.7658 		1.3059 		41.7248
v 86.185 		-38.959 		31.536
v 28.7576 		1.3026 		41.7619
v 86.1603 		-38.957 		31.5136
v 28.7487 		1.3004 		41.7871
v 28.7354 		1.2971 		41.8247
v 28.7235 		1.2951 		41.8477
v 28.7107 		1.293 		41.872
v 28.7054 		1.2921 		41.8822
v 86.238 		-38.9622 		31.5729
v 39.0462 		46.336 		53.3741
v 28.6908 		1.2902 		41.9036
v 39.103 		46.336 		52.2022
v 86.2965 		-38.9648 		31.6025
v 86.2667 		-38.9635 		31.5878
v 39.1515 		46.336 		51.8741
v 39.42 		46.336 		50.0578
v 28.5013 		2.2897 		41.9622
v 86.358 		-38.9667 		31.6245
v 86.3272 		-38.9657 		31.6134
v 39.502 		46.336 		49.7296
v 39.945 		46.336 		47.955
v 40.0607 		46.336 		47.6301
v 86.422 		-38.9679 		31.6386
v 42.3568 		-11.0495 		39.2816
v 40.672 		46.336 		45.9144
v 86.487 		-38.9684 		31.644
v 86.4542 		-38.9682 		31.641
v 40.8218 		46.336 		45.5968
v 86.5197 		-38.9683 		31.6426
v 41.596 		46.336 		43.9547
v 41.7791 		46.336 		43.648
v 42.706 		46.336 		42.0955
v 41.8651 		-11.1145 		40.0245
v 41.596 		-11.15 		40.4311
v 43.992 		46.336 		40.3543
v 44.2387 		46.336 		40.081
v 45.442 		46.336 		38.7481
v 22 		2.209 		31.412
v 86.553 		-38.9681 		31.6406
v 22 		2.3034 		30.3312
v 22.0735 		2.3034 		30.3312
v 22 		2.3182 		30.1624
v 86.5872 		-38.9676 		31.6347
v 21.9265 		2.3034 		30.3312
v 86.5906 		-38.9679 		31.6381
v 45.7179 		46.336 		38.4971
v 21.5123 		2.2202 		31.2818
v 47.042 		46.336 		37.292
v 48.776 		46.336 		36.0012
v 86.5998 		-38.9687 		31.6472
v 21.993 		2.3167 		30.1785
v 28.435 		2.2679 		42.2097
v 20.709 		2.3182 		30.1624
v 20.48 		2.2951 		30.4263
v 86.6133 		-38.9699 		31.6608
v 28.4351 		2.2679 		42.2094
v 21 		2.2322 		31.145
v 20.48 		2.2775 		30.6271
v 86.6338 		-38.9717 		31.6812
v 22.4877 		2.2202 		31.2818
v 86.6584 		-38.9738 		31.7057
v 73.224 		46.336 		36.0012
v 28.1005 		2.2484 		42.4329
v 28.7574 		1.3025 		41.763
v 86.6899 		-38.9766 		31.7372
v 74.958 		46.336 		37.292
v 86.6968 		-38.9772 		31.744
v 75.2361 		46.336 		37.5451
v 76.558 		46.336 		38.7481
v 86.999 		-39.0035 		32.0454
v 28 		2.246 		42.4597
v 76.8069 		46.336 		39.0239
v 78.008 		46.336 		40.3543
v 79.294 		46.336 		42.0955
v 79.4791 		46.336 		42.4055
v 80.404 		46.336 		43.9547
v 80.5556 		46.336 		44.276
v 81.328 		46.336 		45.9144
v 28.7714 		1.3081 		41.6998
v 22.435 		2.3612 		29.6702
v 22.4091 		2.359 		29.696
v 81.4452 		46.336 		46.2434
v 82.055 		46.336 		47.955
v 82.1381 		46.336 		48.2876
v 22.463 		2.3704 		29.5656
v 22.4622 		2.3701 		29.5686
v 82.58 		46.336 		50.0578
v 82.6292 		46.336 		50.3905
v 82.897 		46.336 		52.2022
v 41.3053 		-11.1987 		40.9869
v 82.9131 		46.336 		52.5314
v 82.9544 		46.336 		53.3741
v 39.0461 		27.9492 		51.7654
v 28.7738 		1.3195 		41.5696
v 22 		2.4269 		28.9193
v 22.0065 		2.4268 		28.921
v 82.9544 		22.9897 		51.3315
v 22.0165 		2.4265 		28.9237
v 92.7495 		-40.1614 		43.52
v 41.0145 		-11.2474 		41.5431
v 40.672 		-11.3049 		42.198
v 92.7447 		-40.1601 		43.5053
v 21.749 		2.4211 		28.9863
v 21.993 		2.4268 		28.9211
v 97 		-35.7177 		30.5946
v 21.565 		2.405 		29.1693
v 92.736 		-40.1585 		43.4869
v 92.7167 		-40.1549 		43.4462
v 21.497 		2.3831 		29.4202
v 21.5648 		2.405 		29.17
v 92.6972 		-40.1523 		43.4163
v 27.749 		2.2521 		42.3927
v 92.6812 		-40.1501 		43.3912
v 27.7488 		2.2521 		42.3925
v 92.6584 		-40.1478 		43.364
v 92.6387 		-40.1458 		43.3415
v 21.565 		2.3612 		29.6702
v 21.5909 		2.359 		29.696
v 92.6791 		-40.1499 		43.3887
v 28.4422 		1.2735 		42.0954
v 21.5654 		2.3612 		29.6706
v 28.502 		1.2757 		42.0698
v 28.4604 		1.274 		42.0896
v 27.8495 		2.2497 		42.4195
v 28.6245 		1.2832 		41.9842
v 28.6046 		1.2817 		42.001
v 28.5744 		1.2795 		42.0265
v 28.5194 		1.2764 		42.0616
v 99.797 		-31.725 		30.844
v 28.4422 		1.2736 		42.0954
v 28.4422 		1.2741 		42.0955
v 92.6127 		-40.1437 		43.3181
v 92.5907 		-40.142 		43.2979
v 92.5614 		-40.1402 		43.2773
v 92.5367 		-40.1387 		43.2604
v 27.946 		1.2826 		41.9986
v 92.5884 		-40.1418 		43.2963
v 27.9654 		1.2811 		42.0155
v 40.296 		-11.3887 		43.1502
v 86.1045 		-38.8977 		30.8355
v 86.067 		-38.9024 		30.8896
v 86.0863 		-38.9 		30.8622
v 99.508 		-31.566 		29.028
v 86.037 		-38.9074 		30.9471
v 86.0522 		-38.9049 		30.9178
v 27.5649 		2.2679 		42.2094
v 27.4977 		2.2897 		41.9622
v 39.945 		-11.466 		44.039
v 92.5052 		-40.1373 		43.2447
v 86.0262 		-38.9101 		30.9778
v 92.4787 		-40.1361 		43.2309
v 92.4756 		-40.136 		43.2298
v 92.4167 		-40.1342 		43.2089
v 22.251 		2.3452 		29.8532
v 99.508 		-31.884 		32.66
v 22.0006 		2.3394 		29.92
v 92.3527 		-40.133 		43.1948
v 22.0002 		2.3393 		29.9202
v 92.3175 		-40.1327 		43.1916
v 92.2877 		-40.1325 		43.1893
v 22.2514 		2.3452 		29.8528
v 27.9981 		1.2791 		42.0386
v 99.508 		-35.551 		28.679
v 28.0194 		1.2778 		42.0532
v 92.2524 		-40.1327 		43.1915
v 92.2227 		-40.1328 		43.1928
v 92.2186 		-40.1329 		43.1936
v 92.212 		-40.133 		43.1947
v 92.6396 		-40.2062 		44.032
v 92.6707 		-40.2033 		43.9979
v 39.6676 		-4.1413 		45.6901
v 21.749 		2.3452 		29.8532
v 92.7077 		-40.1985 		43.9439
v 27.565 		2.2679 		42.2097
v 39.7225 		-4.1239 		45.4916
v 99.797 		-35.709 		30.495
v 92.724 		-40.1958 		43.9123
v 21.7496 		2.3452 		29.8533
v 99.508 		-35.868 		32.311
v 86.1308 		-38.8952 		30.8068
v 86.1289 		-38.8945 		30.7998
v 92.7377 		-40.1935 		43.8862
v 22 		2.3393 		29.9202
v 39.7225 		-11.536 		44.843
v 86.124 		-38.8929 		30.7814
v 92.7497 		-40.1906 		43.8531
v 92.7597 		-40.1881 		43.8247
v 86.1118 		-38.889 		30.7361
v 21.993 		2.3395 		29.9183
v 92.7383 		-40.1934 		43.8848
v 86.1075 		-38.8876 		30.72
v 20.268 		3.292 		30.503
v 86.1308 		-38.912 		30.805
v 28.0545 		1.2763 		42.0708
v 20 		3.379 		29.507
v 39.42 		-4.2195 		46.5846
v 20.268 		2.296 		30.416
v 20.1998 		2.3182 		30.1624
v 92.7737 		-40.1826 		43.7616
v 20 		2.3831 		29.42
v 28.0774 		1.2753 		42.0827
v 20.2013 		2.4485 		28.672
v 92.7797 		-40.1769 		43.6965
v 20.3865 		2.2856 		30.534
v 92.7757 		-40.1712 		43.6314
v 92.7647 		-40.1655 		43.5673
v 28.5013 		2.287 		41.962
v 28.502 		2.2875 		41.9595
v 21 		3.53 		27.781
v 20.268 		3.466 		28.511
v 23 		3.53 		27.781
v 28.1143 		1.2741 		42.096
v 22 		3.553 		27.515
v 28.1388 		1.2733 		42.1047
v 87.7151 		-38.8876 		30.72
v 87.749 		-38.8905 		30.7537
v 23.732 		3.466 		28.511
v 87.788 		-38.8914 		30.7641
v 88.0016 		-38.8964 		30.8211
v 88.039 		-38.8955 		30.8111
v 23 		3.5298 		27.781
v 88 		-38.8965 		30.8215
v 87.565 		-38.0311 		30.6448
v 87.5649 		-38.0311 		30.6445
v 22 		2.5575 		27.427
v 21.9995 		2.5575 		27.4272
v 21.9981 		2.5574 		27.4275
v 21.993 		2.5573 		27.4289
v 21.8307 		2.5535 		27.4722
v 92.5901 		-40.2102 		44.0768
v 92.6267 		-40.2075 		44.046
v 87.497 		-38.0091 		30.3948
v 87.4971 		-38.009 		30.3943
v 28.1775 		1.2726 		42.1132
v 87.4972 		-38.009 		30.394
v 20.268 		2.4702 		28.424
v 92.16 		-40.1337 		43.2035
v 92.1577 		-40.1338 		43.2038
v 21 		2.5341 		27.694
v 27.497 		2.2875 		41.9595
v 28.2024 		1.2721 		42.1188
v 92.1225 		-40.1348 		43.2152
v 87.565 		-37.9871 		30.1438
v 87.7489 		-37.9711 		29.9609
v 39.2239 		-4.324 		47.7809
v 39.103 		-4.3886 		48.5186
v 87.565 		-37.9871 		30.1438
v 27.4977 		2.287 		41.962
v 100.2512 		-38.0469 		30.8276
v 25 		2.1628 		31.9379
v 28.2423 		1.2718 		42.1223
v 28.2684 		1.2716 		42.1243
v 101 		-38.16 		32.12
v 86.268 		-37.922 		29.398
v 25 		4.3521 		32.1292
v 88 		-37.9653 		29.8938
v 99.749 		-38.047 		30.8278
v 99.7488 		-38.0469 		30.8276
v 100 		-38.053 		30.8948
v 99.9995 		-38.053 		30.8947
v 39.4576 		-4.1239 		45.4916
v 99 		-38.16 		32.12
v 87.749 		-37.9711 		29.9608
v 98.8453 		-38.0677 		31.0587
v 98.4657 		-38.114 		31.5879
v 39.42 		-4.137 		45.641
v 99 		-38.1606 		32.1199
v 98.9995 		-38.1606 		32.1195
v 28.3077 		1.2718 		42.1219
v 26.002 		2.2897 		41.9623
v 26.0009 		2.2897 		41.9623
v 25 		4.8721 		29.6536
v 25 		4.8735 		29.6378
v 28.3334 		1.2719 		42.1207
v 26.002 		2.2897 		41.9622
v 100.251 		-38.047 		30.8278
v 100.2505 		-38.047 		30.828
v 25 		4.8738 		29.634
v 28.3974 		1.2729 		42.1097
v 92.268 		-40.182 		43.756
v 25 		2.5575 		27.427
v 92.1225 		-40.1346 		43.2153
v 25 		2.6034 		26.9025
v 25 		4.7919 		27.0938
v 26.002 		2.287 		41.962
v 25.0482 		2.121 		32.4158
v 26 		1.2951 		41.8554
v 28.502 		1.468 		39.8793
v 28.5018 		1.468 		39.88
v 39.0278 		-4.511 		49.918
v 39.0278 		-3.7672 		49.9831
v 86.7541 		-39.0405 		30.7015
v 28.5019 		1.4681 		39.879
v 86.7257 		-39.0392 		30.6875
v 28.6244 		1.2832 		41.9844
v 28.435 		1.4899 		39.6293
v 28.4979 		1.4694 		39.864
v 86.6951 		-39.0379 		30.6719
v 28.251 		1.5059 		39.4463
v 28.435 		1.4899 		39.6292
v 86.6912 		-39.0378 		30.6705
v 86.6341 		-39.0359 		30.6498
v 28 		1.5118 		39.3792
v 27.749 		1.5059 		39.4463
v 27.774 		1.5065 		39.4396
v 27.879 		1.5089 		39.4115
v 86.5701 		-39.0347 		30.6358
v 94 		-40.1164 		44.7653
v 93.497 		-40.1046 		44.631
v 93 		-40.093 		44.4984
v 27.565 		1.4899 		39.6293
v 86.5388 		-39.0345 		30.6329
v 86.5051 		-39.0342 		30.6304
v 27.497 		1.468 		39.8793
v 27.5649 		1.4899 		39.6295
v 86.4733 		-39.0344 		30.6323
v 27.4972 		1.468 		39.88
v 86.4391 		-39.0345 		30.6338
v 92.2707 		-40.0672 		44.2036
v 92.2418 		-40.067 		44.2009
v 86.4345 		-39.0346 		30.6346
v 86.3751 		-39.0355 		30.6448
v 92.3357 		-40.0669 		44.2
v 92.3068 		-40.067 		44.2013
v 100.435 		-38.0311 		30.6448
v 92.3997 		-40.0659 		44.1885
v 100.4351 		-38.0311 		30.6445
v 92.3712 		-40.0664 		44.1939
v 86.3131 		-39.0373 		30.6649
v 92.4627 		-40.0642 		44.1685
v 86.2531 		-39.0397 		30.6929
v 92.5217 		-40.0617 		44.1404
v 28.868 		2.3394 		29.9192
v 28.672 		2.3223 		30.1147
v 29.002 		2.3831 		29.4202
v 92.5767 		-40.0587 		44.1054
v 100.502 		-38.0091 		30.3948
v 39.0461 		-3.681 		48.998
v 38.998 		-3.681 		48.998
v 92.5923 		-40.0575 		44.0923
v 92.5964 		-40.0579 		44.0964
v 100.5018 		-38.009 		30.394
v 29.0017 		2.3832 		29.4191
v 92.783 		-40.0741 		44.2822
v 38.998 		-3.7672 		49.9831
v 28.8936 		2.4185 		29.0158
v 102 		-38.009 		30.394
v 92.1417 		-40.0655 		44.184
v 30.8734 		5.7115 		29.237
v 30.7267 		5.7592 		28.692
v 92.2051 		-40.0667 		44.1975
v 92.1767 		-40.0662 		44.1918
v 86.0413 		-38.866 		30.4739
v 86.016 		-38.8578 		30.3799
v 100.435 		-37.9871 		30.1438
v 100.4351 		-37.9872 		30.1444
v 30.7213 		5.761 		28.672
v 30.999 		4.8738 		29.634
v 38.998 		-4.511 		49.918
v 86.227 		-38.7788 		29.4768
v 86.268 		-38.7655 		29.3244
v 86.268 		-38.7655 		29.3243
v 101.732 		-37.922 		29.398
v 92.0217 		-40.061 		44.1325
v 27.749 		1.8546 		35.4612
v 86.016 		-38.8474 		30.2609
v 27.774 		1.8551 		35.4546
v 27.879 		1.8576 		35.4265
v 27.9012 		1.8581 		35.4206
v 27.9194 		1.8585 		35.4157
v 27.9371 		1.859 		35.411
v 86.8874 		-38.7115 		28.7075
v 92.0797 		-40.0636 		44.1619
v 86.9231 		-38.7084 		28.672
v 27.565 		1.8385 		35.6452
v 92.0539 		-40.0624 		44.1486
v 27.7488 		1.8545 		35.4614
v 27.512 		1.8214 		35.84
v 39.103 		-4.323 		47.769
v 88 		-38.8089 		29.8205
v 87.749 		-38.8147 		29.8875
v 28.251 		1.7787 		36.3282
v 87.565 		-38.8307 		30.0705
v 28.2495 		1.7787 		36.3286
v 87.5545 		-38.8342 		30.1094
v 28.162 		1.7766 		36.352
v 87.4971 		-38.8527 		30.3211
v 28.0003 		1.7728 		36.3952
v 87.565 		-38.8745 		30.5707
v 100.435 		-37.9871 		30.1438
v 28.0002 		1.7728 		36.3952
v 28.2512 		1.7787 		36.328
v 28.435 		1.7947 		36.1452
v 28.4254 		1.7939 		36.1548
v 28.3889 		1.7907 		36.1911
v 28.2527 		1.7789 		36.3265
v 28.4357 		1.7949 		36.1428
v 28.4354 		1.7948 		36.1439
v 30.6348 		5.5514 		31.0647
v 30.7375 		5.5849 		30.6829
v 87.497 		-38.8526 		30.3207
v 30.6141 		5.5447 		31.1419
v 30.776 		5.5974 		30.5399
v 30.9201 		5.6443 		30.0046
v 27.497 		1.8166 		35.8952
v 30.598 		5.5395 		31.2015
v 27.565 		1.7947 		36.1452
v 86 		-38.009 		30.394
v 27.749 		1.7787 		36.3282
v 27.5652 		1.7947 		36.1454
v 27.7493 		1.7787 		36.3283
v 28 		1.7728 		36.3952
v 30.9958 		4.8721 		29.6536
v 27.879 		1.7757 		36.3629
v 30.598 		4.5649 		31.1163
v 27.774 		1.7781 		36.3349
v 47.666 		-10.378 		31.6017
v 86.015 		-38.9128 		31.0087
v 86.001 		-38.9184 		31.0723
v 86.0081 		-38.9156 		31.0399
v 99.565 		-38.0311 		30.6448
v 99.5649 		-38.0311 		30.6445
v 46.225 		-10.4635 		32.5778
v 29.823 		5.4721 		31.9738
v 30.0986 		5.4959 		31.6991
v 29.8187 		5.4717 		31.978
v 56.4258 		5.4143 		29.1938
v 86.011 		-38.9353 		31.2661
v 92.1225 		-39.9819 		43.2285
v 92.1235 		-39.9823 		43.2323
v 54.613 		5.3748 		29.6455
v 92.1193 		-39.9809 		43.2166
v 54.3392 		5.3663 		29.743
v 99.497 		-38.0091 		30.3948
v 92.1132 		-39.9789 		43.1939
v 99.4971 		-38.009 		30.3943
v 47.8238 		-10.3704 		31.5154
v 99.4972 		-38.009 		30.394
v 29.5 		5.444 		32.2956
v 49.0506 		-10.3116 		30.8442
v 29.5318 		5.4468 		32.264
v 29.7068 		5.4621 		32.0896
v 29.752 		5.466 		32.0445
v 92.108 		-39.9772 		43.1747
v 92.0957 		-39.9831 		43.2412
v 92.0367 		-39.9855 		43.2693
v 50.628 		5.2309 		31.2904
v 98.435 		-38.0311 		30.6448
v 98.502 		-38.0091 		30.3948
v 98.5018 		-38.009 		30.394
v 29.5 		4.3375 		32.1988
v 52.58 		5.3114 		30.3704
v 52.3171 		5.3005 		30.4942
v 30.5752 		5.5375 		31.2243
v 92.1036 		-39.9758 		43.1585
v 99.565 		-37.9871 		30.1438
v 99.7489 		-37.9711 		29.9609
v 92.0883 		-39.9708 		43.1016
v 30.4715 		5.5285 		31.3276
v 99.565 		-37.9871 		30.1438
v 92.0683 		-39.9643 		43.0271
v 49.5237 		-10.289 		30.5852
v 49.686 		-10.2812 		30.4963
v 30.1056 		5.4965 		31.6922
v 30.3878 		5.5212 		31.4109
v 92.0631 		-39.9626 		43.008
v 71.372 		5.2309 		31.2904
v 71.1091 		5.2417 		31.1665
v 100.251 		-37.9711 		29.9608
v 100.2511 		-37.9711 		29.9609
v 51.816 		-10.2007 		29.5767
v 100 		-37.9653 		29.8938
v 67.387 		5.3748 		29.6455
v 51.146 		-10.226 		29.8657
v 51.3102 		-10.2198 		29.7949
v 67.1048 		5.381 		29.5751
v 69.42 		5.3114 		30.3704
v 69.1462 		5.3199 		30.2729
v 53.1631 		-10.1623 		29.1367
v 53.3357 		-10.1573 		29.0804
v 56.708 		5.4205 		29.1234
v 87 		-37.858 		28.669
v 58.843 		5.4481 		28.8074
v 58.5554 		5.4444 		28.85
v 89 		-37.858 		28.669
v 61 		5.4573 		28.7023
v 60.7095 		5.4561 		28.7165
v 54.033 		-10.1373 		28.8523
v 88 		-37.835 		28.402
v 99.749 		-37.9711 		29.9608
v 63.157 		5.4481 		28.8074
v 62.8665 		5.4494 		28.7933
v 65.292 		5.4205 		29.1234
v 65.0045 		5.4242 		29.0808
v 89 		-37.8584 		28.669
v 56.318 		-10.0917 		28.3296
v 89.0003 		-37.8584 		28.6692
v 93.561 		-39.9626 		43.008
v 93.565 		-39.9639 		43.0226
v 93.749 		-39.9799 		43.2056
v 94 		-39.9858 		43.2726
v 87 		-38.7017 		28.5954
v 55.5993 		-10.1059 		28.4938
v 98.435 		-37.9871 		30.1438
v 98.4351 		-37.9872 		30.1444
v 87.8468 		-38.6819 		28.3692
v 87.9999 		-38.6783 		28.3284
v 88 		-38.6783 		28.3283
v 55.0695 		-10.1164 		28.6151
v 29.007 		5.4322 		32.427
v 29.3589 		5.4407 		32.3332
v 28.8322 		5.4279 		32.4736
v 91 		-37.0365 		33.0163
v 28.672 		5.4244 		32.5164
v 93.5158 		-39.936 		42.7035
v 93.497 		-39.9421 		42.7727
v 57.02 		-10.0836 		28.2347
v 93.5013 		-39.9434 		42.7883
v 57.9151 		-10.073 		28.1137
v 93.9998 		-39.8983 		42.2727
v 93.9843 		-39.8987 		42.2768
v 93.749 		-39.9042 		42.3397
v 93.565 		-39.9202 		42.5227
v 94 		-39.8983 		42.2727
v 58.648 		-10.0644 		28.0143
v 28.672 		2.5431 		28.7339
v 28.8306 		2.5293 		28.8917
v 28.8677 		2.5261 		28.9287
v 91 		-36.5169 		30.5416
v 91 		-36.5154 		30.5248
v 28.9884 		2.4868 		29.3783
v 28.9965 		2.4842 		29.4083
v 28.868 		2.4389 		29.9279
v 91 		-36.5152 		30.522
v 28.672 		2.4218 		30.1233
v 28.903 		2.4503 		29.7975
v 29.002 		2.4824 		29.4288
v 61 		-10.0546 		27.9087
v 98.251 		-38.0473 		30.8278
v 98.2504 		-38.0473 		30.828
v 93.5458 		-39.7835 		40.96
v 93.565 		-39.7896 		41.0306
v 93.749 		-39.8057 		41.2136
v 94 		-39.8115 		41.2806
v 98.1256 		-38.0502 		30.8613
v 98.1787 		-38.0677 		31.0587
v 98.268 		-37.922 		29.398
v 98.251 		-37.9712 		29.9608
v 92.0028 		-39.943 		42.7839
v 92.0028 		-39.943 		42.7839
v 92.0006 		-39.9423 		42.7756
v 98.1256 		-37.9682 		29.9273
v 56.708 		46.336 		32.7032
v 28.868 		2.526 		28.929
v 28.8891 		2.5191 		29.0078
v 30.6505 		1.8604 		35.394
v 60.2602 		-10.0577 		27.9417
v 57.0943 		46.336 		32.6456
v 58.843 		46.336 		32.3848
v 28.941 		2.5022 		29.2013
v 59.2341 		46.336 		32.3656
v 28.435 		2.0128 		33.6522
v 61 		46.336 		32.279
v 28.4722 		2.0007 		33.791
v 91.7808 		-42.0125 		43.4958
v 98.1256 		-38.0504 		30.8613
v 28.4725 		2.0006 		33.792
v 92.0013 		-39.9417 		42.7686
v 92 		-39.9406 		42.7558
v 28.251 		2.0288 		33.4692
v 28.868 		2.4268 		28.9202
v 61.3913 		46.336 		32.2982
v 63.157 		46.336 		32.3848
v 98.268 		-37.9222 		29.398
v 63.5439 		46.336 		32.4425
v 65.292 		46.336 		32.7032
v 28 		2.0347 		33.4022
v 92.002 		-39.9423 		42.7756
v 98.1256 		-37.9686 		29.9273
v 91.8516 		-41.9886 		43.2222
v 28.672 		2.4439 		28.7253
v 28.867 		2.4269 		28.9192
v 27.749 		2.0288 		33.4692
v 27.774 		2.0294 		33.4626
v 27.879 		2.0319 		33.4345
v 91.8216 		-41.9937 		43.2803
v 28.8677 		2.4269 		28.9199
v 59.0011 		-10.063 		27.9984
v 91.7996 		-41.999 		43.3413
v 27.565 		2.0128 		33.6522
v 91.7939 		-42.0013 		43.3669
v 93.497 		-39.7678 		40.7806
v 91.7856 		-42.0046 		43.405
v 93.531 		-39.7787 		40.9056
v 98.2682 		-37.9222 		29.3978
v 27.527 		2.0006 		33.792
v 27.5649 		2.0128 		33.6525
v 50.628 		46.336 		34.8867
v 50.9753 		46.336 		34.7218
v 52.58 		46.336 		33.9597
v 91.7796 		-42.0102 		43.4694
v 91.7831 		-42.0069 		43.4313
v 94.4685 		-39.7787 		40.9055
v 28.0002 		1.9472 		34.4021
v 52.9443 		46.336 		33.8288
v 94.502 		-39.7678 		40.7806
v 54.613 		46.336 		33.23
v 28 		1.9472 		34.4022
v 91.7832 		-42.0159 		43.5346
v 28.251 		1.9531 		34.3353
v 54.9905 		46.336 		33.1352
v 28.2511 		1.9531 		34.3352
v 91.788 		-42.0182 		43.5605
v 28.435 		1.9691 		34.1523
v 91.7946 		-42.0216 		43.5992
v 62.6122 		-10.0614 		27.9813
v 91.8146 		-42.027 		43.6613
v 91.8259 		-42.0291 		43.6852
v 91.8426 		-42.0321 		43.7198
v 28.502 		1.991 		33.9023
v 99 		-37.858 		28.669
v 101 		-37.858 		28.669
v 28.5019 		1.991 		33.902
v 65.6706 		46.336 		32.7983
v 91.8776 		-42.037 		43.7749
v 67.387 		46.336 		33.23
v 91.9206 		-42.0413 		43.825
v 67.7527 		46.336 		33.3615
v 69.42 		46.336 		33.9597
v 91.94 		-42.0429 		43.8424
v 91.9686 		-42.0452 		43.8686
v 27.497 		1.991 		33.9023
v 91.9905 		-42.0465 		43.884
v 69.769 		46.336 		34.1255
v 71.372 		46.336 		34.8867
v 27.565 		1.9691 		34.1523
v 27.2202 		5.427 		32.4876
v 63.352 		-10.0644 		28.0143
v 27.5265 		5.4203 		32.5693
v 99 		-37.8584 		28.669
v 27.749 		1.9531 		34.3353
v 99.0004 		-37.8584 		28.6689
v 27.879 		1.95 		34.3699
v 27.774 		1.9525 		34.3419
v 27.7493 		1.9531 		34.3354
v 27.897 		5.4117 		32.6681
v 28 		5.4092 		32.6956
v 26.9783 		5.4323 		32.4231
v 91.9826 		-41.976 		43.078
v 91.9326 		-41.9797 		43.12
v 98 		-37.9656 		29.8938
v 62.9988 		-10.063 		27.9986
v 91.8886 		-41.9839 		43.1681
v 26.5 		5.444 		32.2956
v 97.749 		-37.9715 		29.9608
v 97.565 		-37.9875 		30.1438
v 97.497 		-38.0095 		30.3948
v 97.4972 		-38.0095 		30.3941
v 97.565 		-38.0314 		30.6448
v 91.9043 		-41.476 		37.3629
v 28 		4.2544 		32.5946
v 97.749 		-38.0474 		30.8278
v 26.5 		4.3375 		32.1988
v 98 		-38.0533 		30.8948
v 91.9933 		-41.4609 		37.1902
v 97.9994 		-38.0533 		30.8946
v 91.9767 		-41.463 		37.2145
v 91.9563 		-41.4656 		37.2437
v 91.9263 		-41.4706 		37.3018
v 91.8857 		-41.4898 		37.5209
v 64.98 		-10.0835 		28.2344
v 91.8878 		-41.4929 		37.5567
v 26 		5.4875 		31.7974
v 91.8843 		-41.4872 		37.4916
v 25.9014 		5.496 		31.6991
v 64.9491 		-10.0832 		28.2302
v 91.8932 		-41.4955 		37.5859
v 91.8993 		-41.4986 		37.6212
v 91.9193 		-41.504 		37.6833
v 91.9319 		-41.5063 		37.7094
v 91.9473 		-41.5091 		37.7419
v 26.4466 		5.4487 		32.2424
v 91.9631 		-41.5113 		37.7667
v 91.9823 		-41.5139 		37.7965
v 26.3487 		5.4572 		32.1449
v 26.1739 		5.4725 		31.9707
v 26.247 		5.4661 		32.0435
v 30.748 		1.945 		34.4275
v 30.8121 		2.0007 		33.791
v 30.8514 		2.0347 		33.402
v 25.7615 		5.5081 		31.5598
v 91.8903 		-41.4816 		37.4269
v 28.502 		1.6423 		37.8872
v 28.5018 		1.6422 		37.888
v 91.8876 		-41.4841 		37.4558
v 28.435 		1.6642 		37.6373
v 28.5019 		1.6423 		37.887
v 25.7542 		5.5088 		31.5525
v 28.251 		1.6802 		37.4543
v 65.292 		-10.2624 		30.2821
v 25.402 		5.5395 		31.2015
v 25.5255 		5.5287 		31.3246
v 28 		1.686 		37.3873
v 25.402 		4.5649 		31.1163
v 27.749 		1.6802 		37.4543
v 27.774 		1.6808 		37.4476
v 27.879 		1.6832 		37.4196
v 27.565 		1.6642 		37.6373
v 27.5649 		1.6641 		37.6376
v 27.497 		1.6423 		37.8872
v 65.292 		-16.384 		29.7464
v 27.497 		1.6423 		37.8872
v 97 		-38.0095 		30.3942
v 27.4972 		1.6422 		37.888
v 64.5144 		-10.2535 		30.1775
v 28.251 		1.6044 		38.3202
v 28 		1.5986 		38.3872
v 102 		-38.8526 		30.3204
v 28.435 		1.6204 		38.1372
v 101.732 		-38.097 		31.391
v 63.157 		-10.2376 		29.9951
v 27.565 		1.6204 		38.1372
v 27.749 		1.6044 		38.3202
v 101.8925 		-38.8876 		30.72
v 101.7732 		-38.9263 		31.1633
v 101.732 		-38.9398 		31.3165
v 27.879 		1.6014 		38.3549
v 27.774 		1.6038 		38.3269
v 101.1127 		-38.9938 		31.9342
v 101.0001 		-39.0036 		32.0463
v 101 		-39.0036 		32.0464
v 30 		1.296 		41.8455
v 29.998 		1.2943 		41.8648
v 25.3031 		5.5716 		30.8342
v 25.3585 		5.5536 		31.0397
v 62.764 		-10.2361 		29.9776
v 29.9957 		1.2923 		41.888
v 29.9992 		1.2934 		41.8752
v 29.7321 		1.2066 		42.8675
v 100.1535 		-39.0234 		32.2724
v 25.2724 		5.5816 		30.72
v 62.4785 		-10.2349 		29.9649
v 29.732 		1.2065 		42.868
v 29.0005 		1.1427 		43.5976
v 29 		1.1427 		43.5981
v 100.0016 		-38.8964 		30.8211
v 100.039 		-38.8955 		30.8111
v 100.251 		-38.8905 		30.7537
v 100.2849 		-38.8876 		30.72
v 28.672 		1.135 		43.6856
v 28.781 		1.1376 		43.6565
v 28.886 		1.14 		43.6285
v 28.294 		5.4161 		32.6172
v 29.997 		1.2934 		41.8752
v 61 		-10.2287 		29.8991
v 100 		-38.8965 		30.8215
v 27.3373 		2.4447 		28.716
v 27.3815 		2.4485 		28.672
v 101.9999 		-38.8526 		30.3199
v 28.6185 		2.4485 		28.672
v 27.132 		2.4268 		28.9202
v 101.6199 		-38.7557 		29.2127
v 101.732 		-38.7655 		29.3243
v 101.732 		-38.7655 		29.3243
v 27.0904 		2.4134 		29.0743
v 27.1316 		2.4267 		28.9217
v 27.1317 		2.4267 		28.9215
v 60.3215 		-10.2315 		29.9292
v 59.236 		-10.2361 		29.9776
v 101.0769 		-38.7084 		28.672
v 58.843 		-10.2376 		29.9951
v 25.2075 		5.6028 		30.4786
v 28 		2.115 		43.952
v 101.9588 		-38.8392 		30.1671
v 25.0534 		5.6529 		29.9061
v 25.0042 		4.8721 		29.6536
v 27 		1.1427 		43.5981
v 27.0007 		1.1427 		43.5982
v 100.352 		-38.8817 		30.6532
v 27.0015 		1.1426 		43.5985
v 100.435 		-38.8745 		30.5707
v 100.502 		-38.8526 		30.3207
v 100.4916 		-38.8492 		30.2817
v 100.435 		-38.8307 		30.0705
v 100.352 		-38.8235 		29.9879
v 27.774 		1.1246 		43.8047
v 27.879 		1.1221 		43.8327
v 28 		1.1193 		43.865
v 25.1001 		5.7029 		29.3355
v 26.4083 		1.1943 		43.008
v 25.023 		5.6778 		29.6219
v 25.138 		5.7152 		29.1947
v 28.0003 		1.1193 		43.8649
v 25.2567 		5.7538 		28.7533
v 25.2786 		5.761 		28.672
v 100.251 		-38.8147 		29.8875
v 100 		-38.8089 		29.8205
v 25.1211 		4.8593 		29.1829
v 100.8462 		-38.6981 		28.5543
v 101 		-38.7017 		28.5954
v 25.001 		4.8738 		29.634
v 27.749 		1.3315 		41.4392
v 27.774 		1.3321 		41.4325
v 27.8097 		1.333 		41.423
v 27.8204 		1.3332 		41.4202
v 27.8217 		1.3332 		41.4198
v 27.7488 		1.3315 		41.4394
v 27.565 		1.3155 		41.6222
v 99.749 		-38.8147 		29.8875
v 99.565 		-38.8307 		30.0705
v 99.5545 		-38.8342 		30.1094
v 99.4971 		-38.8527 		30.3211
v 99.565 		-38.8745 		30.5707
v 27.0446 		2.4668 		29.6049
v 99.7151 		-38.8876 		30.72
v 26.997 		2.4823 		29.4288
v 27.1182 		2.5216 		28.9799
v 27.497 		1.2937 		41.8722
v 27.1317 		2.5259 		28.9301
v 27.5646 		1.3154 		41.6236
v 57.4856 		-10.2535 		30.1775
v 27.0693 		2.4589 		29.696
v 27.5274 		1.2839 		41.984
v 56.708 		-10.2624 		30.2821
v 27.132 		2.526 		28.929
v 27.3903 		2.5485 		28.672
v 99.497 		-38.8526 		30.3207
v 28.251 		1.2558 		42.3052
v 28.2403 		1.2555 		42.3081
v 28.0561 		1.2512 		42.3573
v 28.0003 		1.2499 		42.3722
v 28.0002 		1.2499 		42.3722
v 26.997 		2.3831 		29.4202
v 28.435 		1.2718 		42.1222
v 28.2917 		1.2593 		42.2648
v 99.749 		-38.8905 		30.7537
v 99.788 		-38.8914 		30.7641
v 28.4413 		1.2738 		42.0988
v 28.4372 		1.2725 		42.1141
v 27.0716 		2.359 		29.696
v 27.565 		1.2718 		42.1222
v 27.749 		1.2558 		42.3052
v 28.6098 		2.5485 		28.672
v 38.998 		7.336 		56
v 38.998 		46.336 		56
v 27.7493 		1.2558 		42.3053
v 37 		7.336 		51.51
v 37.0005 		7.336 		51.5013
v 37.0005 		3.492 		51.165
v 38.998 		7.336 		51.51
v 98.304 		-38.8193 		29.9402
v 28 		1.2499 		42.3723
v 98.251 		-38.8147 		29.8875
v 98 		-38.8089 		29.8205
v 97.749 		-38.8147 		29.8875
v 97.565 		-38.8307 		30.0705
v 97.5545 		-38.8342 		30.1094
v 97.4971 		-38.8527 		30.3211
v 97.565 		-38.8745 		30.5707
v 97.7151 		-38.8876 		30.72
v 98.2849 		-38.8876 		30.72
v 98.304 		-38.8859 		30.701
v 27.9143 		1.2519 		42.3494
v 27.879 		1.2527 		42.34
v 27.774 		1.2552 		42.3119
v 37.0573 		3.584 		50.1133
v 37.116 		3.6791 		49.0261
v 37.461 		3.8652 		46.8991
v 56.049 		-10.2753 		30.4315
v 37.6538 		3.411 		46.151
v 27.2594 		2.4274 		30.0549
v 27.132 		2.4385 		29.9278
v 27.6995 		2.4021 		30.3472
v 27.5499 		2.4055 		30.3075
v 27.499 		2.4067 		30.2938
v 55.7575 		-10.281 		30.4976
v 28.5021 		2.4071 		30.2928
v 97.497 		-38.8526 		30.3207
v 28.0512 		2.3965 		30.4133
v 28 		2.3953 		30.427
v 54.613 		-10.3039 		30.7571
v 28.0014 		2.2958 		30.4179
v 28 		2.2958 		30.4182
v 54.613 		-16.384 		30.225
v 98.435 		-38.8745 		30.5707
v 98.502 		-38.8526 		30.3207
v 98.4916 		-38.8492 		30.2817
v 98.435 		-38.8307 		30.0705
v 28.501 		2.407 		30.2939
v 28.3698 		2.4039 		30.3287
v 28.501 		2.3074 		30.2852
v 97.749 		-38.8905 		30.7537
v 97.788 		-38.8914 		30.7641
v 28.5022 		2.3075 		30.284
v 98.0016 		-38.8964 		30.8211
v 98.039 		-38.8955 		30.8111
v 98.251 		-38.8905 		30.7537
v 38.998 		46.336 		53.3741
v 98 		-38.8965 		30.8215
v 27.132 		2.3394 		29.9192
v 38.033 		3.5321 		44.7679
v 38.033 		4.0478 		44.813
v 38.827 		3.709 		42.7434
v 27.499 		2.3074 		30.2852
v 38.4302 		3.6207 		43.755
v 26.2684 		1.2065 		42.8684
v 38.4251 		4.1352 		43.813
v 38.827 		4.2249 		42.7886
v 26.268 		1.2065 		42.868
v 97 		-37.0344 		33.0065
v 38.221 		3.5741 		44.2886
v 27.879 		2.2986 		30.3861
v 27.774 		2.301 		30.3582
v 27.5002 		2.3074 		30.2855
v 26.0008 		1.2959 		41.8754
v 53.9735 		-10.3221 		30.964
v 52.58 		-10.3615 		31.4151
v 26.0008 		1.2934 		41.8752
v 26.0027 		1.2928 		41.8821
v 38.9484 		3.7295 		42.509
v 26.002 		1.2934 		41.8752
v 54.0607 		-10.3196 		30.9358
v 25.0475 		2.6446 		26.431
v 30.9515 		2.6446 		26.431
v 28.4868 		1.4631 		39.936
v 97 		-36.5966 		27.9907
v 28.501 		2.4588 		28.5552
v 28.5977 		2.4504 		28.6513
v 28.251 		1.4301 		40.3133
v 28 		2.4705 		28.4212
v 28.5001 		2.4588 		28.5549
v 28.435 		1.4462 		40.1293
v 28.2512 		1.4301 		40.313
v 28.2511 		1.4301 		40.3131
v 27.9988 		2.4705 		28.4215
v 27.499 		2.4588 		28.5552
v 27.774 		2.4652 		28.4816
v 27.879 		2.4677 		28.4536
v 27.4984 		2.4587 		28.5558
v 27.4989 		2.4588 		28.5553
v 27.4023 		2.4504 		28.6513
v 27.5124 		1.4631 		39.936
v 28.0002 		1.4242 		40.3801
v 97 		-36.5152 		30.522
v 28 		1.4242 		40.3802
v 97 		-36.5154 		30.5248
v 97 		-36.5169 		30.5416
v 27.565 		1.4462 		40.1293
v 27.5652 		1.4461 		40.1295
v 27.749 		1.4301 		40.3133
v 27.879 		1.427 		40.3479
v 27.774 		1.4295 		40.3199
v 27.7504 		1.43 		40.3136
v 25.402 		5.8011 		28.2135
v 25.402 		5.8011 		28.2136
v 93.897 		-32.239 		36.721
v 27.7493 		1.43 		40.3134
v 25.402 		4.8252 		28.1279
v 35.732 		3.466 		28.511
v 52.4024 		-10.3681 		31.4911
v 50.8039 		-10.4281 		32.1757
v 50.628 		-10.4347 		32.251
v 35.732 		3.292 		30.503
v 36 		3.379 		29.507
v 95.72 		-32.214 		36.434
v 28.251 		2.9869 		22.5112
v 28.1592 		2.9891 		22.4867
v 28.1813 		2.9928 		22.444
v 28.1838 		2.9932 		22.4391
v 28.2208 		2.9979 		22.386
v 28.2648 		3.0021 		22.3379
v 28.3148 		3.0058 		22.2959
v 28.3402 		3.0072 		22.2792
v 28.367 		3.0087 		22.2621
v 28.397 		3.01 		22.2478
v 28.4288 		3.0113 		22.2327
v 28.4918 		3.013 		22.2127
v 28.5558 		3.0141 		22.2007
v 92.074 		-32.214 		36.434
v 28.6218 		3.0144 		22.1977
v 28.6518 		3.0142 		22.2
v 28.672 		3.014 		22.2019
v 26.4003 		5.8879 		27.2189
v 26.2581 		5.8754 		27.3606
v 28.1592 		2.9897 		22.4867
v 26.247 		5.8745 		27.3716
v 26.1914 		5.8697 		27.427
v 26.4596 		5.8931 		27.1598
v 94.096 		-28.017 		37.8041
v 94.047 		-28.0167 		37.8011
v 93.9 		-28.0159 		37.7914
v 93.511 		-28.0204 		37.8424
v 26.5 		5.8966 		27.1196
v 82.5424 		0.1546 		45.866
v 93.704 		-28.017 		37.8041
v 93.6557 		-28.0179 		37.8139
v 28.3698 		3.0089 		22.2603
v 93.851 		-28.0162 		37.7944
v 94.289 		-28.0204 		37.8424
v 94.2407 		-28.0195 		37.8326
v 26.5 		4.7896 		27.0227
v 25.9953 		5.8527 		27.6225
v 25.8999 		5.8445 		27.7175
v 53.6024 		-10.2393 		30.0171
v 25.6412 		5.8219 		27.9752
v 25.5313 		5.8124 		28.0848
v 25.8181 		5.8374 		27.799
v 28.1538 		2.9888 		22.4973
v 25.4304 		5.8036 		28.1853
v 92.449 		-28.113 		38.9001
v 25.4646 		5.8066 		28.1512
v 92.512 		-28.0968 		38.7151
v 25.7864 		4.8128 		27.7412
v 92.599 		-28.0814 		38.5394
v 92.5772 		-28.0852 		38.5832
v 25.6 		10.132 		24.608
v 92.708 		-28.0671 		38.3764
v 92.6807 		-28.0707 		38.4171
v 28.6827 		3.0139 		22.2028
v 28.7163 		3.0133 		22.2097
v 28.7508 		3.0127 		22.2168
v 28.8118 		3.0108 		22.2388
v 28.839 		3.0095 		22.2527
v 28.8684 		3.0082 		22.2678
v 28.8947 		3.0066 		22.2859
v 28.9238 		3.0049 		22.3059
v 28.9728 		3.001 		22.3499
v 29.0148 		2.9966 		22.4001
v 92.838 		-28.0542 		38.2294
v 29.0498 		2.9919 		22.4541
v 29.0778 		2.9867 		22.5133
v 29.0825 		2.9855 		22.528
v 92.985 		-28.043 		38.1004
v 92.9482 		-28.0458 		38.1326
v 93.149 		-28.0335 		37.9922
v 93.108 		-28.0359 		38.0194
v 93.325 		-28.0259 		37.9054
v 93.281 		-28.0278 		37.9269
v 28.8702 		3.0081 		22.2688
v 92.512 		-28.197 		39.8594
v 92.5338 		-28.2008 		39.9031
v 92.449 		-28.1808 		39.6744
v 91.519 		-31.243 		25.338
v 92.41 		-28.164 		39.4824
v 91.6 		-31.257 		25.495
v 92.397 		-28.1469 		39.2871
v 92.4003 		-28.1512 		39.3361
v 28.6868 		3.0139 		22.2032
v 25.519 		10.145 		24.45
v 92.41 		-28.1298 		39.0921
v 26.637 		5.9 		27.0829
v 27.4322 		5.9183 		26.8703
v 93.325 		-28.2679 		40.6691
v 27.3621 		5.9167 		26.8891
v 93.399 		-28.2701 		40.6942
v 93.149 		-28.2603 		40.5823
v 93.193 		-28.2622 		40.6039
v 26.9685 		5.908 		26.9943
v 92.985 		-28.2508 		40.4741
v 93.026 		-28.2532 		40.5014
v 92.838 		-28.2395 		40.3451
v 92.8748 		-28.2423 		40.3773
v 28 		5.9314 		26.7185
v 27.5399 		5.9207 		26.8416
v 92.708 		-28.2267 		40.1981
v 92.7405 		-28.2299 		40.2349
v 25.397 		10.213 		23.68
v 91.397 		-31.176 		24.568
v 25.519 		10.28 		22.91
v 28 		4.7765 		26.6175
v 92.599 		-28.2124 		40.0351
v 92.6263 		-28.2159 		40.0759
v 91.519 		-31.108 		23.798
v 93.399 		-28.365 		41.778
v 91.874 		-31.048 		23.104
v 94.475 		-28.0259 		37.9054
v 94.651 		-28.0335 		37.9922
v 94.607 		-28.0316 		37.9706
v 94.815 		-28.043 		38.1004
v 94.774 		-28.0406 		38.0731
v 25.874 		10.341 		22.217
v 94.962 		-28.0542 		38.2294
v 94.9252 		-28.0514 		38.1971
v 95.092 		-28.0671 		38.3764
v 95.201 		-28.0814 		38.5394
v 95.1737 		-28.0778 		38.4986
v 95.288 		-28.0968 		38.7151
v 95.2662 		-28.093 		38.6714
v 95.351 		-28.113 		38.9001
v 95.39 		-28.1298 		39.0921
v 95.402 		-28.1469 		39.2871
v 28.502 		2.949 		22.9442
v 95.39 		-28.164 		39.4824
v 95.393 		-28.1597 		39.4333
v 95.351 		-28.1808 		39.6744
v 28.435 		2.9709 		22.6942
v 25.519 		6.295 		22.562
v 95.288 		-28.197 		39.8594
v 95.201 		-28.2124 		40.0351
v 91.6 		-35.242 		25.146
v 95.2228 		-28.2085 		39.9913
v 25.397 		6.228 		23.332
v 95.092 		-28.2267 		40.1981
v 95.1193 		-28.2231 		40.1574
v 29.4261 		5.8983 		27.0998
v 28.8499 		5.9122 		26.9458
v 25.6 		6.147 		24.259
v 94.962 		-28.2395 		40.3451
v 40.672 		-32.768 		40.32
v 94.9945 		-28.2363 		40.3083
v 29.5 		5.8965 		27.1196
v 94.815 		-28.2508 		40.4741
v 94.8518 		-28.248 		40.4419
v 91.519 		-35.228 		24.989
v 28.672 		5.9162 		26.8982
v 28.1318 		2.9834 		22.5585
v 28.3843 		5.9226 		26.8213
v 94.651 		-28.2603 		40.5823
v 28.2887 		5.9247 		26.7957
v 94.692 		-28.2579 		40.5551
v 94.475 		-28.2679 		40.6691
v 94.519 		-28.266 		40.6476
v 28.1178 		2.9778 		22.6225
v 94.401 		-28.2701 		40.6942
v 29.5 		4.7896 		27.0227
v 28.1128 		2.9721 		22.6877
v 94.401 		-28.365 		41.778
v 28.1158 		2.9664 		22.7528
v 28.1268 		2.9608 		22.8169
v 28.1468 		2.9554 		22.879
v 93.9 		-25.5258 		38.0095
v 93.998 		-25.5263 		38.016
v 94.096 		-25.5268 		38.022
v 94.1925 		-25.5285 		38.041
v 28.1748 		2.9502 		22.9381
v 28.2108 		2.9455 		22.9922
v 93.511 		-25.5302 		38.0605
v 93.6075 		-25.5286 		38.0415
v 93.704 		-25.5268 		38.022
v 25.519 		6.161 		24.102
v 93.802 		-25.5263 		38.0155
v 94.289 		-25.5302 		38.0605
v 29.6227 		5.8859 		27.2417
v 29.8086 		5.8698 		27.427
v 29.5628 		5.8911 		27.1821
v 29.0978 		2.9813 		22.5754
v 29.1098 		2.9757 		22.6395
v 29.1128 		2.97 		22.7046
v 29.8965 		4.8024 		27.4216
v 29.1078 		2.9643 		22.7697
v 29.0938 		2.9587 		22.8338
v 29.0718 		2.9533 		22.895
v 29.0418 		2.9483 		22.9531
v 29.0038 		2.9436 		23.0061
v 28.9728 		2.9407 		23.04
v 30.0417 		5.8496 		27.6593
v 30.1001 		5.8445 		27.7175
v 91.874 		-35.032 		22.756
v 91.519 		-35.093 		23.449
v 92.5555 		-25.5987 		38.845
v 92.599 		-25.5911 		38.7575
v 91.397 		-35.16 		24.219
v 30.2721 		5.8295 		27.8888
v 30.1438 		5.8407 		27.761
v 92.6535 		-25.584 		38.676
v 92.708 		-25.5769 		38.5945
v 30.4516 		5.8139 		28.0677
v 92.838 		-25.564 		38.4475
v 30.5466 		5.8056 		28.1624
v 92.9115 		-25.5584 		38.383
v 92.985 		-25.5527 		38.3185
v 25.874 		6.356 		21.868
v 30.598 		5.8011 		28.2135
v 30.598 		5.8011 		28.2135
v 93.067 		-25.548 		38.2645
v 93.149 		-25.5433 		38.21
v 28.443 		2.9298 		23.1642
v 30.598 		4.8252 		28.1279
v 28.502 		2.9283 		23.1815
v 93.237 		-25.5395 		38.1665
v 93.325 		-25.5357 		38.1235
v 28.4748 		2.9288 		23.1755
v 28.9598 		2.9394 		23.0542
v 28.9125 		2.9359 		23.0941
v 92.449 		-25.6902 		39.8925
v 28.8844 		2.9343 		23.1125
v 28.8548 		2.9326 		23.1319
v 28.8276 		2.9315 		23.1449
v 28.7961 		2.9302 		23.1592
v 28.7672 		2.9294 		23.1686
v 28.7338 		2.9285 		23.1795
v 28.7042 		2.928 		23.1851
v 92.41 		-25.6735 		39.7005
v 28.6694 		2.9274 		23.1915
v 28.6388 		2.9273 		23.1929
v 28.6075 		2.9272 		23.1943
v 28.5738 		2.9274 		23.1918
v 92.4035 		-25.665 		39.603
v 92.397 		-25.6564 		39.505
v 28.5388 		2.9276 		23.1891
v 28.5092 		2.9281 		23.183
v 28.443 		2.9304 		23.1643
v 92.41 		-25.6394 		39.31
v 91.2568 		-38.4095 		25.256
v 92.449 		-25.6226 		39.118
v 26 		3.471 		16.985
v 92.512 		-25.6064 		38.933
v 28.2528 		2.9411 		23.0423
v 26 		4.643 		22.4779
v 27.565 		3.2764 		19.2092
v 27.498 		3.298 		18.9628
v 91.8852 		-39.6557 		37.7388
v 91.8869 		-39.658 		37.7656
v 93.399 		-25.7793 		40.9121
v 27.648 		3.2692 		19.2918
v 93.325 		-25.7771 		40.887
v 28.3008 		2.9372 		23.0864
v 91.8835 		-39.6523 		37.7006
v 28.251 		3.2604 		19.3922
v 28.214 		3.2596 		19.4021
v 28.11 		3.2571 		19.4299
v 28.0121 		3.2549 		19.456
v 93.237 		-25.7733 		40.8435
v 93.149 		-25.7696 		40.8005
v 91.8939 		-39.6614 		37.8038
v 28.435 		3.2764 		19.2092
v 93.067 		-25.7649 		40.7465
v 92.985 		-25.7601 		40.692
v 91.8985 		-39.6637 		37.8302
v 28.501 		3.298 		18.9628
v 28.3548 		2.934 		23.1235
v 91.8993 		-39.6639 		37.8327
v 27.749 		3.2604 		19.3922
v 91.9171 		-39.6687 		37.888
v 92.9115 		-25.7545 		40.6275
v 92.838 		-25.7488 		40.563
v 27.9879 		3.2549 		19.456
v 92.773 		-25.7424 		40.4896
v 27.879 		3.2574 		19.4269
v 92.708 		-25.736 		40.416
v 27.774 		3.2598 		19.3989
v 28 		3.2546 		19.4592
v 92.6535 		-25.7289 		40.3345
v 91.9925 		-39.626 		37.3991
v 92.599 		-25.7217 		40.253
v 28.4128 		2.9314 		23.1535
v 92.5555 		-25.7141 		40.165
v 92.512 		-25.7064 		40.0775
v 91.9707 		-39.6287 		37.4309
v 58.843 		-32.768 		28.0236
v 91.9555 		-39.6307 		37.4528
v 91.9546 		-39.6308 		37.4544
v 91.9255 		-39.6357 		37.5109
v 30.6209 		5.7937 		28.2988
v 91.9035 		-39.6411 		37.5719
v 93.399 		-25.874 		41.996
v 30.7268 		4.8408 		28.612
v 91.8895 		-39.6467 		37.636
v 91.8859 		-39.65 		37.6737
v 94.475 		-25.5357 		38.1235
v 91.9185 		-39.6691 		37.8924
v 94.563 		-25.5395 		38.167
v 94.651 		-25.5433 		38.21
v 91.9349 		-39.6721 		37.9265
v 94.733 		-25.548 		38.264
v 94.815 		-25.5527 		38.3185
v 91.9465 		-39.6742 		37.9508
v 91.9671 		-39.6771 		37.9832
v 91.9815 		-39.679 		38.0055
v 94.8885 		-25.5584 		38.383
v 94.962 		-25.564 		38.4475
v 91.9473 		-39.6743 		37.9521
v 28.5585 		2.553 		28.621
v 95.092 		-25.5769 		38.5945
v 95.1465 		-25.584 		38.676
v 95.201 		-25.5911 		38.7575
v 27.4619 		2.5548 		28.6008
v 28.6038 		2.9271 		23.1945
v 27.4989 		2.558 		28.5639
v 27.9491 		2.5686 		28.4435
v 28 		2.5698 		28.4298
v 28.4504 		2.5592 		28.5503
v 28.501 		2.558 		28.5638
v 95.2445 		-25.5988 		38.8455
v 95.288 		-25.6064 		38.933
v 95.351 		-25.6226 		39.118
v 95.39 		-25.6394 		39.31
v 95.402 		-25.6564 		39.505
v 95.396 		-25.6649 		39.6025
v 95.39 		-25.6735 		39.7005
v 37.116 		-37.165 		45.453
v 95.351 		-25.6902 		39.8925
v 91.9817 		-39.9886 		43.3044
v 37.461 		-36.979 		43.326
v 28.6692 		2.9274 		23.1915
v 95.288 		-25.7064 		40.0775
v 91.9317 		-39.9923 		43.3465
v 27.499 		2.558 		28.5638
v 95.2445 		-25.7141 		40.1655
v 95.201 		-25.7217 		40.253
v 91.8877 		-39.9965 		43.3945
v 91.8507 		-40.0012 		43.4486
v 95.1465 		-25.7289 		40.3345
v 38.033 		-36.796 		41.24
v 95.092 		-25.736 		40.416
v 91.8207 		-40.0063 		43.5067
v 38.827 		-36.619 		39.215
v 95.027 		-25.7424 		40.4895
v 94.962 		-25.7488 		40.563
v 94.8885 		-25.7545 		40.6275
v 94.815 		-25.7601 		40.692
v 91.7821 		-40.0285 		43.761
v 91.7803 		-40.026 		43.732
v 94.733 		-25.7648 		40.746
v 94.651 		-25.7696 		40.8005
v 27.4416 		2.553 		28.621
v 94.563 		-25.7734 		40.844
v 94.475 		-25.7771 		40.887
v 91.7937 		-40.0342 		43.8255
v 91.7888 		-40.0316 		43.7965
v 91.8137 		-40.0396 		43.8875
v 39.834 		-36.449 		37.271
v 91.8417 		-40.0447 		43.9462
v 91.8292 		-40.0425 		43.9203
v 94.401 		-25.7793 		40.9121
v 91.8767 		-40.0495 		44.0013
v 94.401 		-25.874 		41.996
v 34.1071 		2.423 		28.9637
v 91.7987 		-40.0116 		43.5678
v 91.7847 		-40.0172 		43.6313
v 91.7909 		-40.0147 		43.6027
v 34.0691 		2.4184 		29.0171
v 34.0827 		2.42 		28.9978
v 91.7787 		-40.0228 		43.6958
v 28.7958 		2.9302 		23.1594
v 91.7813 		-40.0203 		43.6673
v 91.9197 		-40.0539 		44.0514
v 34.0391 		2.4133 		29.0752
v 91.9677 		-40.0577 		44.0949
v 91.9463 		-40.056 		44.0753
v 34.0171 		2.4079 		29.1363
v 34.025 		2.4098 		29.1146
v 91.9977 		-40.0596 		44.116
v 41.045 		-36.288 		35.427
v 34.0081 		2.4043 		29.1776
v 34.0011 		2.391 		29.3303
v 34.0001 		2.393 		29.3072
v 42.448 		-36.137 		33.7
v 34.0131 		2.3853 		29.3945
v 28.9098 		2.9357 		23.0963
v 34.0331 		2.3799 		29.4566
v 34.026 		2.3818 		29.4344
v 34.0611 		2.3748 		29.5151
v 34.0512 		2.3766 		29.494
v 34.0961 		2.37 		29.5701
v 34.0837 		2.3717 		29.5505
v 34.1381 		2.3656 		29.6202
v 39.4288 		-37.0103 		43.6833
v 39.42 		-37.0131 		43.7152
v 39.1058 		-37.1807 		45.6319
v 34.1871 		2.3618 		29.6639
v 34.1697 		2.3631 		29.6486
v 42.7567 		-36.3794 		36.4712
v 42.706 		-36.3848 		36.5332
v 42.706 		-36.3848 		36.5332
v 28 		3.1677 		20.4522
v 28.104 		3.1653 		20.48
v 34.2213 		2.3597 		29.6878
v 27.896 		3.1653 		20.48
v 28.502 		3.1239 		20.9523
v 28.4914 		3.1205 		20.992
v 28.5019 		3.124 		20.952
v 28.435 		3.1458 		20.7022
v 34.0031 		2.4023 		29.2004
v 28.251 		3.1618 		20.5192
v 28.435 		3.1458 		20.7022
v 33.9981 		2.3966 		29.2652
v 28.11 		3.1651 		20.4816
v 28.214 		3.1627 		20.5094
v 27.749 		3.1618 		20.5192
v 27.774 		3.1624 		20.5126
v 27.879 		3.1649 		20.4845
v 27.565 		3.1458 		20.7022
v 91.2237 		-39.267 		35.0569
v 33.9999 		2.3986 		29.2424
v 27.497 		3.1239 		20.9523
v 27.5649 		3.1458 		20.7025
v 40.7002 		-36.681 		39.9234
v 40.672 		-36.6857 		39.9772
v 92.686 		-40.3116 		24.0542
v 27.5078 		3.1205 		20.992
v 27.4971 		3.1239 		20.9526
v 92.6637 		-40.3115 		24.0525
v 92.6206 		-40.3112 		24.0493
v 92.5987 		-40.3113 		24.0503
v 92.555 		-40.3114 		24.0522
v 28.0002 		3.0802 		21.4521
v 28 		3.0802 		21.4522
v 28.251 		3.0861 		21.3853
v 28.11 		3.0828 		21.4229
v 28.435 		3.1021 		21.2023
v 28.2511 		3.0861 		21.3851
v 92.491 		-40.3125 		24.0642
v 41.6357 		-36.526 		38.1502
v 92.4697 		-40.313 		24.0707
v 28.4351 		3.1021 		21.202
v 92.4286 		-40.3142 		24.0839
v 28.4696 		3.1134 		21.073
v 92.4087 		-40.315 		24.0934
v 92.369 		-40.3166 		24.1113
v 92.3504 		-40.3176 		24.1232
v 92.314 		-40.3197 		24.1471
v 27.565 		3.1021 		21.2023
v 27.749 		3.0861 		21.3853
v 92.264 		-40.3234 		24.1891
v 92.2491 		-40.3249 		24.2057
v 92.22 		-40.3276 		24.2376
v 27.879 		3.083 		21.4199
v 27.774 		3.0855 		21.3919
v 27.7493 		3.0861 		21.3854
v 44.0523 		-36.2422 		34.902
v 43.992 		-36.2474 		34.9622
v 93.112 		-40.3555 		24.5559
v 93.109 		-40.3498 		24.4909
v 43.992 		-36.2474 		34.9623
v 93.097 		-40.3442 		24.4267
v 93.077 		-40.3388 		24.3647
v 93.049 		-40.3336 		24.3056
v 93.0371 		-40.332 		24.287
v 93.014 		-40.3288 		24.2512
v 92.9998 		-40.3274 		24.2346
v 92.972 		-40.3245 		24.2015
v 92.923 		-40.3206 		24.1574
v 92.869 		-40.3174 		24.1204
v 92.811 		-40.3148 		24.0903
v 92.75 		-40.3128 		24.0683
v 92.2242 		-40.3822 		24.861
v 92.252 		-40.385 		24.8934
v 92.3 		-40.3889 		24.9374
v 81.967 		1.531 		39.159
v 81.967 		-0.461 		38.985
v 92.354 		-40.3921 		24.9745
v 82.539 		1.365 		41.056
v 92.412 		-40.3947 		25.0046
v 82.539 		-0.627 		40.881
v 92.474 		-40.3967 		25.0266
v 92.538 		-40.3979 		25.0405
v 92.603 		-40.3983 		25.0456
v 92.668 		-40.3981 		25.0425
v 82.884 		-0.796 		42.816
v 92.733 		-40.397 		25.0305
v 82.884 		1.196 		42.99
v 41.596 		-36.5312 		38.2102
v 92.754 		-40.3964 		25.0237
v 92.795 		-40.3953 		25.0112
v 92.8149 		-40.3945 		25.002
v 92.854 		-40.3929 		24.9834
v 41.596 		-36.5312 		38.2103
v 92.8726 		-40.3918 		24.9712
v 92.909 		-40.3898 		24.9481
v 92.9259 		-40.3886 		24.9339
v 92.959 		-40.3861 		24.9054
v 93.003 		-40.3819 		24.8573
v 93.041 		-40.3772 		24.8043
v 93.0508 		-40.3755 		24.7846
v 93.0706 		-40.3721 		24.7462
v 45.5096 		-36.1153 		33.4578
v 93.0784 		-40.3703 		24.7255
v 93.093 		-40.3668 		24.6851
v 93.0974 		-40.3649 		24.6634
v 93.1066 		-40.3612 		24.6209
v 93.1087 		-40.3593 		24.5989
v 45.442 		-36.1202 		33.5132
v 92.16 		-40.3125 		24.064
v 92.153 		-40.3374 		24.3487
v 92.131 		-40.3427 		24.4098
v 92.117 		-40.3483 		24.4738
v 92.112 		-40.354 		24.5389
v 92.183 		-40.3323 		24.2906
v 92.115 		-40.3597 		24.604
v 92.1187 		-40.3616 		24.6257
v 92.1266 		-40.3653 		24.668
v 92.1334 		-40.3671 		24.6891
v 92.146 		-40.3707 		24.7301
v 92.174 		-40.3759 		24.7892
v 92.1862 		-40.3775 		24.8075
v 92.21 		-40.3807 		24.844
v 78.955 		0.001 		33.699
v 78.955 		1.994 		33.874
v 28 		2.9934 		22.4442
v 28.11 		2.9908 		22.4736
v 28.1481 		2.99 		22.4838
v 28.1577 		2.9897 		22.4863
v 80.166 		-0.146 		35.376
v 80.166 		1.847 		35.551
v 27.749 		2.9876 		22.5112
v 27.774 		2.9881 		22.5045
v 27.879 		2.9906 		22.4765
v 27.7321 		2.9861 		22.528
v 81.173 		-0.3 		37.144
v 28.251 		2.9118 		23.3772
v 28.0003 		2.9059 		23.4442
v 28.0002 		2.9059 		23.4442
v 81.173 		1.692 		37.318
v 28.435 		2.9278 		23.1942
v 28.4265 		2.9271 		23.2027
v 28.3849 		2.9234 		23.2441
v 28.3121 		2.9171 		23.3164
v 28.442 		2.9301 		23.1683
v 28.4384 		2.9289 		23.1815
v 39.103 		-37.1822 		45.6492
v 27.565 		2.9715 		22.6942
v 39.9623 		-36.8428 		41.7743
v 27.497 		2.9497 		22.9442
v 27.565 		2.9278 		23.1942
v 27.749 		2.9118 		23.3772
v 27.7493 		2.9118 		23.3773
v 28 		2.9059 		23.4443
v 27.879 		2.9087 		23.412
v 27.774 		2.9112 		23.3839
v 39.945 		-36.8466 		41.8182
v 49.686 		-35.662 		28.276
v 51.816 		-35.582 		27.356
v 54.033 		-35.518 		26.632
v 56.318 		-35.472 		26.109
v 58.648 		-35.445 		25.794
v 28.251 		2.8133 		24.5033
v 28.3241 		2.8069 		24.576
v 74.225 		0.38 		29.367
v 61 		-35.436 		25.688
v 28 		2.8191 		24.4363
v 28.11 		2.8166 		24.4656
v 27.749 		2.8133 		24.5033
v 74.225 		2.373 		29.541
v 27.774 		2.8139 		24.4966
v 27.879 		2.8163 		24.4686
v 75.971 		0.265 		30.68
v 27.6759 		2.8069 		24.576
v 75.971 		2.258 		30.854
v 28.251 		2.7374 		25.3702
v 28.11 		2.7341 		25.4079
v 77.552 		2.131 		32.303
v 28 		2.7316 		25.4372
v 77.552 		0.139 		32.129
v 28.435 		2.7534 		25.1872
v 28.502 		2.7754 		24.9362
v 28.4351 		2.7535 		25.187
v 63.352 		-35.445 		25.794
v 104 		-40.342 		47.344
v 104 		-42.334 		47.17
v 28.435 		2.7973 		24.6863
v 28.5019 		2.7754 		24.936
v 104 		-40.8283 		29.96
v 92.783 		-40.342 		47.344
v 27.565 		2.7973 		24.6863
v 27.5649 		2.7972 		24.6866
v 27.497 		2.7754 		24.9362
v 52.641 		-35.7411 		29.1745
v 52.58 		-35.7428 		29.1942
v 27.4971 		2.7754 		24.9364
v 27.497 		2.7754 		24.9363
v 92.4176 		-41.9692 		42.9999
v 65.967 		2.693 		25.877
v 65.967 		0.701 		25.702
v 92.3536 		-41.9679 		42.9858
v 92.3273 		-41.9677 		42.9834
v 92.2886 		-41.9675 		42.9804
v 27.565 		2.7534 		25.1872
v 27.749 		2.7374 		25.3702
v 27.5654 		2.7534 		25.1876
v 92.2623 		-41.9676 		42.982
v 92.2236 		-41.9678 		42.9838
v 68.184 		0.643 		26.361
v 27.879 		2.7344 		25.4049
v 27.774 		2.7368 		25.3769
v 68.184 		2.636 		26.535
v 70.314 		0.57 		27.197
v 70.314 		2.562 		27.371
v 92.7806 		-42.0118 		43.4875
v 50.696 		-35.813 		30.0011
v 92.7766 		-42.0061 		43.4223
v 92.7656 		-42.0005 		43.3583
v 72.334 		2.474 		28.377
v 72.334 		0.482 		28.202
v 92.7456 		-41.9951 		43.2962
v 92.7176 		-41.9899 		43.2371
v 58.8615 		-35.6182 		27.7734
v 92.703 		-41.988 		43.2149
v 58.843 		-35.6183 		27.7742
v 92.6822 		-41.9851 		43.1821
v 56.7423 		-35.6425 		28.0567
v 92.2329 		-42.0543 		43.9736
v 92.2716 		-42.0547 		43.9772
v 92.2979 		-42.0545 		43.9755
v 92.3366 		-42.0544 		43.9737
v 92.3625 		-42.054 		43.9692
v 92.4006 		-42.0533 		43.9621
v 61 		-35.6101 		27.6782
v 92.4636 		-42.0516 		43.9421
v 61 		-35.6101 		27.6782
v 92.5226 		-42.0491 		43.914
v 92.5776 		-42.0461 		43.879
v 92.6276 		-42.0424 		43.837
v 92.6716 		-42.0382 		43.7889
v 63.1385 		-35.6182 		27.7734
v 92.7086 		-42.0335 		43.7349
v 92.7207 		-42.0314 		43.7113
v 92.7386 		-42.0284 		43.6773
v 92.7475 		-42.0263 		43.6526
v 92.7606 		-42.023 		43.6157
v 91.1234 		-39.18 		34.0625
v 28.3467 		3.523 		16.384
v 28.3701 		3.5253 		16.3584
v 28.4201 		3.5289 		16.3164
v 28.4751 		3.532 		16.2813
v 28.5341 		3.5345 		16.2532
v 28.5961 		3.5362 		16.2332
v 65.292 		-35.6429 		28.0613
v 28.6611 		3.5372 		16.2222
v 92.7746 		-42.0175 		43.5525
v 28.672 		3.5372 		16.2215
v 65.2577 		-35.6425 		28.0567
v 92.6652 		-41.9833 		43.1618
v 92.6396 		-41.9808 		43.1326
v 92.6201 		-41.9792 		43.1152
v 92.5916 		-41.9769 		43.0889
v 92.5697 		-41.9756 		43.0735
v 92.5376 		-41.9737 		43.0515
v 31.365 		10.08 		25.202
v 63.157 		-35.6183 		27.7742
v 92.5141 		-41.9726 		43.0398
v 92.4796 		-41.9711 		43.0219
v 63.1569 		-35.6183 		27.7742
v 92.8503 		-41.472 		37.3178
v 92.8223 		-41.4669 		37.2587
v 92.7873 		-41.462 		37.2037
v 56.708 		-35.6429 		28.0613
v 92.7443 		-41.4578 		37.1546
v 31.365 		6.095 		24.853
v 56.7079 		-35.6429 		28.0613
v 92.6963 		-41.4539 		37.1106
v 54.662 		-35.6837 		28.5251
v 92.6423 		-41.4507 		37.0735
v 92.5843 		-41.448 		37.0434
v 92.5223 		-41.4461 		37.0214
v 32.67 		5.981 		26.153
v 92.4583 		-41.4449 		37.0075
v 29.0616 		3.5253 		16.3565
v 29.0771 		3.5241 		16.3705
v 29.0887 		3.5229 		16.384
v 92.3933 		-41.4444 		37.0024
v 92.3283 		-41.4447 		37.0054
v 92.2991 		-41.4451 		37.0103
v 92.2639 		-41.4457 		37.0164
v 28.6947 		3.5373 		16.2202
v 28.7219 		3.5374 		16.2189
v 28.7597 		3.5372 		16.2218
v 28.7911 		3.537 		16.2242
v 28.8551 		3.5357 		16.2383
v 28.9171 		3.5338 		16.2603
v 28.9471 		3.5325 		16.2753
v 28.9721 		3.5313 		16.2882
v 29.003 		3.5295 		16.3095
v 29.0291 		3.5279 		16.3274
v 29.0539 		3.5259 		16.3496
v 92.236 		-41.4464 		37.0254
v 92.7323 		-41.5193 		37.8585
v 92.7763 		-41.5151 		37.8105
v 92.7929 		-41.513 		37.7861
v 92.8133 		-41.5105 		37.757
v 92.8268 		-41.5082 		37.7313
v 92.8433 		-41.5054 		37.6993
v 92.8653 		-41.5 		37.6372
v 92.8793 		-41.4945 		37.5742
v 92.8853 		-41.4888 		37.509
v 92.8835 		-41.4862 		37.4798
v 92.8819 		-41.4831 		37.444
v 92.8769 		-41.4805 		37.4152
v 92.8703 		-41.4775 		37.3798
v 54.613 		-35.6847 		28.5362
v 54.6129 		-35.6847 		28.5362
v 92.2132 		-41.5288 		37.9672
v 92.2473 		-41.5299 		37.9793
v 92.2757 		-41.5305 		37.9855
v 92.3109 		-41.5311 		37.9927
v 92.3406 		-41.5313 		37.9954
v 92.3763 		-41.5316 		37.9987
v 92.4413 		-41.5313 		37.9957
v 28.9751 		3.5312 		16.2898
v 92.4701 		-41.5309 		37.9903
v 92.5059 		-41.5303 		37.9837
v 92.5342 		-41.5295 		37.9746
v 92.5683 		-41.5285 		37.9636
v 92.5949 		-41.5274 		37.9511
v 92.6273 		-41.5261 		37.9362
v 92.6521 		-41.5248 		37.9204
v 92.6823 		-41.523 		37.9006
v 94.4987 		-39.2459 		34.816
v 94.502 		-39.2448 		34.8036
v 94.4978 		-39.2435 		34.788
v 94.435 		-39.223 		34.5535
v 94.251 		-39.207 		34.3705
v 94.2354 		-39.2066 		34.3664
v 94 		-39.2011 		34.3036
v 93.9843 		-39.2015 		34.3078
v 93.7489 		-39.207 		34.3707
v 93.565 		-39.223 		34.5535
v 93.5608 		-39.2243 		34.5691
v 93.4971 		-39.2449 		34.8041
v 93.5004 		-39.2459 		34.816
v 50.628 		-35.8155 		30.0302
v 98.1399 		-40.9608 		31.4739
v 93.749 		-39.207 		34.3705
v 98.1617 		-40.9625 		31.4935
v 98.1883 		-40.9646 		31.518
v 98.2423 		-40.9678 		31.5551
v 28.8763 		3.6264 		15.209
v 28.9999 		3.6235 		15.242
v 29 		3.6235 		15.242
v 98.3003 		-40.9705 		31.5851
v 29.1184 		3.6132 		15.36
v 93.497 		-39.2448 		34.8036
v 29.221 		3.6043 		15.4621
v 98.3274 		-40.9713 		31.5949
v 98.3619 		-40.9724 		31.6071
v 28.7261 		3.5375 		16.2187
v 28.2361 		3.5065 		16.58
v 28.2475 		3.5093 		16.5478
v 28.2465 		3.5106 		16.533
v 94.435 		-39.2667 		35.0536
v 98.3903 		-40.9729 		31.6133
v 98.4253 		-40.9736 		31.6211
v 93.565 		-39.2667 		35.0536
v 28.252 		3.5104 		16.5352
v 28.251 		3.5105 		16.5342
v 98.4547 		-40.9738 		31.6234
v 98.4913 		-40.9741 		31.6261
v 28.2309 		3.5109 		16.5288
v 28.2221 		3.501 		16.643
v 98.5563 		-40.9738 		31.6232
v 28.2171 		3.4953 		16.7082
v 98.5848 		-40.9733 		31.6178
v 28.214 		3.5113 		16.5243
v 98.6203 		-40.9728 		31.6117
v 98.6483 		-40.9721 		31.6033
v 98.6833 		-40.9711 		31.5921
v 28.2201 		3.4896 		16.7733
v 28.2321 		3.4839 		16.8374
v 98.7423 		-40.9686 		31.5641
v 96.8526 		-39.1999 		34.29
v 98.7973 		-40.9656 		31.529
v 98.8473 		-40.9619 		31.4869
v 30.195 		10.132 		24.608
v 96.8756 		-39.18 		34.0625
v 28.2521 		3.4785 		16.8995
v 44.029 		-35.997 		32.106
v 95.732 		-39.186 		43.843
v 28.2801 		3.4734 		16.9586
v 95 		-39.25 		44.572
v 28.3151 		3.4685 		17.0137
v 45.775 		-35.871 		30.662
v 28.3571 		3.4642 		17.0633
v 98.7573 		-40.8931 		30.7009
v 28.3354 		3.4664 		17.0379
v 47.666 		-35.759 		29.381
v 98.6993 		-40.8905 		30.6708
v 98.6373 		-40.8886 		30.6488
v 98.6089 		-40.888 		30.6426
v 98.5733 		-40.8874 		30.6354
v 47.1141 		-36.0014 		32.1518
v 47.042 		-36.0056 		32.2002
v 28.4061 		3.4604 		17.1069
v 28.3808 		3.4624 		17.0841
v 98.5445 		-40.8872 		30.6332
v 98.5083 		-40.8869 		30.6298
v 28.4553 		3.4573 		17.1415
v 28.4555 		3.4574 		17.1408
v 48.8485 		-35.9004 		30.9968
v 98.4433 		-40.8872 		30.6329
v 48.776 		-35.9038 		31.0362
v 98.3783 		-40.8882 		30.6449
v 98.3163 		-40.89 		30.6649
v 28.4529 		3.4566 		17.1505
v 98.2902 		-40.891 		30.6769
v 98.2573 		-40.8924 		30.6925
v 28.4484 		3.4551 		17.1673
v 98.2329 		-40.8938 		30.7085
v 28.441 		3.4527 		17.1949
v 97.996 		-40.8283 		29.96
v 97.9993 		-40.9297 		31.1195
v 98.0023 		-40.9354 		31.1845
v 92.672 		-38.4766 		24.2623
v 92.6537 		-38.4765 		24.2609
v 28.2219 		3.434 		17.408
v 28.251 		3.4347 		17.4002
v 28.435 		3.4507 		17.2172
v 92.6197 		-38.4762 		24.2583
v 98.2023 		-40.8955 		30.728
v 28.214 		3.4338 		17.4101
v 92.6193 		-38.4762 		24.2583
v 92.5887 		-38.4764 		24.2597
v 98.1523 		-40.8992 		30.77
v 98.1083 		-40.9034 		30.8181
v 92.5541 		-38.4765 		24.2613
v 98.0713 		-40.908 		30.8711
v 98.0413 		-40.9131 		30.9292
v 92.554 		-38.4765 		24.2613
v 92.4901 		-38.4776 		24.2733
v 98.0311 		-40.9155 		30.9563
v 98.0189 		-40.9185 		30.9909
v 30.275 		10.28 		22.91
v 92.4601 		-38.4783 		24.2823
v 92.4277 		-38.4793 		24.2928
v 98.0131 		-40.921 		31.0193
v 98.0053 		-40.924 		31.0543
v 83 		-3.8152 		50.5322
v 92.3996 		-38.4804 		24.3062
v 98.9943 		-40.9369 		31.2016
v 28.502 		3.2983 		18.9592
v 28.5019 		3.2983 		18.959
v 28.435 		3.3202 		18.7093
v 28.251 		3.3362 		18.5263
v 28.214 		3.3371 		18.5164
v 92.3681 		-38.4817 		24.3204
v 98.9993 		-40.9312 		31.1364
v 92.3419 		-38.4831 		24.3371
v 92.3131 		-38.4848 		24.356
v 98.9963 		-40.9255 		31.0714
v 30.397 		10.213 		23.68
v 92.3634 		-38.4819 		24.3234
v 98.9853 		-40.9199 		31.0074
v 98.9653 		-40.9145 		30.9452
v 83 		-37.352 		47.598
v 98.9529 		-40.9122 		30.919
v 98.9373 		-40.9094 		30.8868
v 92.2631 		-38.4885 		24.398
v 92.2422 		-38.4905 		24.4214
v 30.275 		10.145 		24.45
v 98.9214 		-40.9073 		30.8627
v 98.9013 		-40.9046 		30.8321
v 92.2191 		-38.4927 		24.4466
v 98.8593 		-40.9002 		30.782
v 92.2175 		-38.4929 		24.4489
v 92.212 		-38.4936 		24.4568
v 98.8113 		-40.8964 		30.738
v 93.0769 		-38.504 		24.576
v 93.0761 		-38.5038 		24.5737
v 30 		3.4702 		16.9949
v 92.268 		-39.186 		43.843
v 93 		-39.25 		44.572
v 93.0481 		-38.4987 		24.5146
v 93.0315 		-38.4964 		24.4884
v 29.9955 		3.4741 		16.9504
v 93.0131 		-38.4939 		24.4601
v 29.9995 		3.4728 		16.9652
v 98.0143 		-40.941 		31.2487
v 29.997 		3.4728 		16.9652
v 92.9931 		-38.4919 		24.4367
v 98.0343 		-40.9465 		31.3108
v 92.9711 		-38.4896 		24.4105
v 29.7314 		3.5598 		15.9705
v 98.0623 		-40.9516 		31.3698
v 29.732 		3.5597 		15.9711
v 92.9692 		-38.4894 		24.4088
v 92.9221 		-38.4857 		24.3665
v 98.0973 		-40.9565 		31.4249
v 98.116 		-40.9584 		31.4467
v 92.8681 		-38.4825 		24.3294
v 92.8101 		-38.4798 		24.2994
v 92.7491 		-38.4779 		24.2774
v 92.6851 		-38.4767 		24.2633
v 28.214 		3.6419 		15.0321
v 98.8669 		-40.96 		31.4651
v 98.8913 		-40.9576 		31.4384
v 93.565 		-39.18 		43.0914
v 98.9078 		-40.9556 		31.4148
v 98.9283 		-40.953 		31.3848
v 93.1111 		-38.5206 		24.765
v 93.1081 		-38.5149 		24.6999
v 93.0961 		-38.5093 		24.6358
v 98.9583 		-40.9479 		31.3267
v 98.9803 		-40.9425 		31.2656
v 30.195 		6.147 		24.259
v 92.2292 		-38.5479 		25.0768
v 92.2388 		-38.5488 		25.088
v 92.212 		-38.5461 		25.0563
v 28.11 		3.5138 		16.4966
v 28.11 		3.4314 		17.4379
v 92.9824 		-38.5488 		25.088
v 93.0021 		-38.5469 		25.0664
v 28.11 		3.3395 		18.4886
v 93.0401 		-38.5423 		25.0133
v 28.11 		3.6358 		15.1014
v 28.1648 		3.643 		15.019
v 30.275 		6.295 		22.562
v 93.054 		-38.5399 		24.9856
v 30.397 		6.228 		23.332
v 93.0697 		-38.5372 		24.9552
v 92.1586 		-41.9687 		42.9948
v 93.0806 		-38.5347 		24.9261
v 93.0921 		-38.5319 		24.8942
v 93.0713 		-38.5368 		24.951
v 93.0983 		-38.5292 		24.8636
v 93.1057 		-38.5263 		24.83
v 93.1085 		-38.5235 		24.799
v 92.1426 		-42.053 		43.9577
v 93.1061 		-38.5258 		24.8253
v 92.1681 		-42.0535 		43.9634
v 92.2062 		-42.0541 		43.9711
v 92.2511 		-38.5501 		25.1025
v 92.2991 		-38.554 		25.1465
v 92.3531 		-38.5572 		25.1836
v 92.4111 		-38.5598 		25.2136
v 92.4731 		-38.5617 		25.2356
v 28 		3.5163 		16.4672
v 27.879 		3.5135 		16.4995
v 92.5371 		-38.563 		25.2496
v 92.6021 		-38.5634 		25.2547
v 28.0002 		3.4289 		17.4672
v 28.0003 		3.4289 		17.4672
v 92.1423 		-41.4499 		37.0645
v 92.6671 		-38.5631 		25.2516
v 27.879 		3.4317 		17.4349
v 28 		3.4288 		17.4673
v 92.7321 		-38.5621 		25.2396
v 28 		3.3421 		18.4593
v 27.879 		3.3392 		18.4916
v 92.7617 		-38.5613 		25.23
v 27.879 		3.6373 		15.0849
v 28 		3.6214 		15.2668
v 92.7941 		-38.5604 		25.2201
v 92.8223 		-38.5593 		25.2072
v 92.8531 		-38.558 		25.1925
v 92.2013 		-41.4474 		37.0364
v 92.798 		-38.5602 		25.2183
v 92.1273 		-41.5254 		37.9277
v 27.8178 		1.3326 		41.4274
v 92.8794 		-38.5565 		25.1753
v 92.1853 		-41.528 		37.9577
v 92.9081 		-38.5549 		25.157
v 27.8045 		1.3293 		41.4644
v 59 		1.025 		44.943
v 92.932 		-38.5531 		25.137
v 83.003 		-3.8154 		50.5343
v 92.9581 		-38.5511 		25.1145
v 83.0029 		-3.8154 		50.5343
v 92.9109 		-38.5547 		25.1547
v 83.0028 		-3.8152 		50.5322
v 27.7794 		1.3103 		41.6819
v 91.5943 		-38.261 		38.8483
v 27.7914 		1.3047 		41.7461
v 27.8114 		1.2993 		41.8081
v 91.0769 		-39.1396 		33.601
v 27.8394 		1.2941 		41.8673
v 27.8283 		1.2961 		41.8439
v 85 		-37.353 		47.6
v 27.8744 		1.2893 		41.9223
v 27.8605 		1.2912 		41.9006
v 95.72 		-36.199 		36.085
v 92.074 		-36.199 		36.085
v 84.9999 		-37.275 		47.6047
v 92.0226 		-42.0484 		43.9061
v 84.9999 		-37.352 		47.598
v 93.897 		-36.224 		36.373
v 27.7954 		1.3272 		41.4886
v 92.0461 		-42.0495 		43.9178
v 92.0806 		-42.051 		43.9356
v 27.7818 		1.3217 		41.5523
v 83.0029 		-37.353 		47.6
v 27.7869 		1.3238 		41.5273
v 30.275 		6.161 		24.102
v 27.7764 		1.316 		41.6168
v 92.0966 		-41.9705 		43.0148
v 27.7787 		1.3183 		41.5911
v 92.0376 		-41.9729 		43.0429
v 83.0028 		-37.352 		47.598
v 92.16 		-38.5011 		24.5425
v 92.1521 		-38.5024 		24.5577
v 92.1456 		-38.504 		24.576
v 92.1821 		-38.4974 		24.4996
v 92.1301 		-38.5078 		24.6188
v 92.1161 		-38.5134 		24.6829
v 92.1111 		-38.5191 		24.7479
v 92.1141 		-38.5248 		24.813
v 92.1194 		-38.5275 		24.8436
v 92.1257 		-38.5304 		24.8771
v 92.1352 		-38.533 		24.9067
v 92.1451 		-38.5358 		24.9392
v 92.1468 		-38.5361 		24.9426
v 92.16 		-38.5386 		24.9705
v 92.1731 		-38.541 		24.9983
v 92.1903 		-38.5432 		25.0241
v 92.2091 		-38.5458 		25.0529
v 28.4348 		3.4938 		16.717
v 92.2108 		-38.5459 		25.0549
v 83.173 		-36.619 		39.215
v 27.774 		3.5111 		16.5275
v 83.173 		-36.6187 		39.215
v 28.435 		3.4938 		16.7172
v 27.774 		3.4341 		17.4069
v 27.7781 		3.434 		17.408
v 83.967 		-36.796 		41.24
v 83.967 		-36.7958 		41.24
v 27.774 		3.3368 		18.5196
v 29.366 		10.389 		21.665
v 27.8352 		3.643 		15.019
v 83.967 		-36.7958 		41.24
v 84.539 		-36.979 		43.326
v 27.774 		3.6416 		15.0353
v 28.2848 		3.5158 		16.467
v 28.2547 		3.5105 		16.5276
v 28.2575 		3.5111 		16.5199
v 28.2736 		3.5139 		16.4887
v 84.539 		-36.9783 		43.3261
v 28.3193 		3.5202 		16.4162
v 28.2881 		3.5163 		16.4606
v 84.884 		-37.165 		45.453
v 28.2523 		3.5099 		16.5345
v 28.252 		3.5098 		16.5352
v 29.92 		10.341 		22.217
v 84.884 		-37.1644 		45.4531
v 28.3261 		3.5211 		16.4065
v 94.435 		-38.6347 		40.6282
v 94.251 		-38.5967 		40.4471
v 28.252 		3.5101 		16.5352
v 94.121 		-38.5895 		40.4127
v 94 		-38.5828 		40.3808
v 93.87 		-38.59 		40.4152
v 27.897 		10.431 		21.19
v 93.749 		-38.5967 		40.4471
v 28.67 		10.42 		21.311
v 93.565 		-38.6347 		40.6282
v 96.2601 		-38.5589 		40.267
v 93.497 		-38.1118 		21.8526
v 93.565 		-38.1336 		22.1026
v 93.6036 		-38.137 		22.1411
v 94.3964 		-38.137 		22.1411
v 94.435 		-38.1336 		22.1026
v 94.502 		-38.1118 		21.8526
v 28.2581 		3.5113 		16.5182
v 26.428 		10.389 		21.665
v 27.124 		10.42 		21.311
v 83.003 		-3.681 		48.998
v 83.003 		-3.7672 		49.9831
v 83.0017 		-3.7648 		49.9564
v 94 		-37.9626 		37.4273
v 94.251 		-37.9487 		37.361
v 83.003 		-4.511 		49.918
v 94.435 		-37.9107 		37.1799
v 83 		-41.5414 		38.1109
v 29.366 		6.404 		21.316
v 82.166 		-41.43 		36.841
v 29.92 		6.356 		21.868
v 82.166 		-39.438 		37.015
v 83 		-41.2286 		38.4809
v 83 		-39.5792 		38.6258
v 83.173 		-39.6085 		38.96
v 83.173 		-39.608 		38.96
v 83 		-41.5708 		38.451
v 93.5432 		-37.8941 		37.1007
v 93.565 		-37.9107 		37.1799
v 83.967 		-41.7776 		40.81
v 83.9668 		-41.7775 		40.8096
v 83.5523 		-41.685 		39.7523
v 83.1732 		-39.6085 		38.9604
v 83.967 		-39.7856 		40.9849
v 83.967 		-39.7856 		40.9849
v 83.967 		-41.778 		40.81
v 93.749 		-37.9487 		37.361
v 83.967 		-39.785 		40.985
v 94.435 		-37.8068 		36.6852
v 84.388 		-41.912 		42.3461
v 83.9672 		-39.7857 		40.9856
v 84.539 		-39.9682 		43.071
v 94.251 		-37.7688 		36.5041
v 94.0726 		-37.7589 		36.4571
v 94 		-37.7549 		36.4379
v 84.539 		-39.968 		43.071
v 93.822 		-37.7648 		36.4849
v 93.749 		-37.7688 		36.5041
v 84.884 		-40.1542 		45.198
v 96.3751 		-38.091 		21.6153
v 96.4281 		-38.137 		22.1411
v 84.884 		-40.154 		45.198
v 84.9998 		-40.342 		47.344
v 84.9999 		-42.332 		47.1702
v 93.565 		-37.8068 		36.6852
v 93.749 		-38.1496 		22.2856
v 94 		-38.1555 		22.3526
v 94.251 		-38.1496 		22.2856
v 84.884 		-40.1543 		45.1982
v 85 		-42.334 		47.172
v 94.4808 		-37.8752 		37.0108
v 94.502 		-37.8588 		36.9326
v 94.3913 		-38.2604 		23.552
v 94.251 		-38.2482 		23.4117
v 94.2353 		-38.2478 		23.4075
v 93.9998 		-38.2423 		23.3447
v 93.9843 		-38.2427 		23.3488
v 93.749 		-38.2482 		23.4117
v 93.7375 		-38.2492 		23.4231
v 93.6086 		-38.2604 		23.552
v 85 		-40.342 		47.347
v 29.0993 		3.5218 		16.3964
v 29.1173 		3.52 		16.4178
v 29.1377 		3.5172 		16.449
v 29.1551 		3.5149 		16.4756
v 29.1696 		3.5123 		16.5057
v 29.1831 		3.5098 		16.5343
v 29.2031 		3.5044 		16.5963
v 29.2141 		3.4988 		16.6605
v 29.2181 		3.4931 		16.7256
v 29.2121 		3.4874 		16.7907
v 29.2049 		3.4845 		16.8238
v 29.1981 		3.4818 		16.8543
v 29.1831 		3.4782 		16.896
v 94 		-38.2423 		23.3447
v 84.9999 		-42.3338 		47.17
v 93.497 		-37.8588 		36.9326
v 83 		-41.702 		39.9459
v 83 		-41.6057 		38.8504
v 93.565 		-38.2643 		23.5956
v 93.497 		-38.2861 		23.8456
v 93.5012 		-38.2875 		23.8612
v 93.565 		-38.308 		24.0955
v 93.5764 		-38.309 		24.107
v 93.5994 		-38.311 		24.1299
v 94.4353 		-38.3079 		24.0943
v 94.4392 		-38.3066 		24.08
v 94.502 		-38.2861 		23.8456
v 94.435 		-38.2643 		23.5956
v 94.4235 		-38.2633 		23.5842
v 94.4005 		-38.311 		24.1299
v 94.435 		-38.308 		24.0955
v 83 		-41.9337 		42.5941
v 83 		-42.334 		47.17
v 83 		-42.3338 		47.17
v 83 		-42.1608 		45.1934
v 83 		-41.9845 		43.1765
v 94.502 		-38.2861 		23.8456
v 29.1196 		3.5197 		16.4206
v 26.428 		6.404 		21.316
v 28.67 		6.435 		20.963
v 27.124 		6.435 		20.963
v 27.897 		6.446 		20.841
v 94 		-38.3766 		39.3987
v 94.251 		-38.3626 		39.3324
v 94.435 		-38.3246 		39.1513
v 94.4743 		-38.2942 		39.0062
v 94.502 		-38.2727 		38.904
v 79.552 		-41.118 		33.269
v 79.552 		-39.125 		33.443
v 94.4619 		-38.2416 		38.7558
v 94.435 		-38.2207 		38.6562
v 80.955 		-39.277 		35.171
v 80.955 		-41.269 		34.996
v 94.251 		-38.1827 		38.4752
v 28.4555 		3.4568 		17.1408
v 28.502 		3.472 		16.9672
v 28.502 		3.4546 		17.1656
v 28.4601 		3.4565 		17.1439
v 94 		-38.1687 		38.4088
v 28.502 		3.472 		16.967
v 93.749 		-38.1827 		38.4752
v 28.672 		3.4505 		17.2122
v 28.6431 		3.4507 		17.2101
v 28.5791 		3.452 		17.196
v 28.5181 		3.4539 		17.174
v 28.4555 		3.4568 		17.1408
v 93.565 		-38.2207 		38.6562
v 93.5244 		-38.2517 		38.8038
v 93.497 		-38.2727 		38.904
v 96.6287 		-38.311 		24.1299
v 28.4555 		3.457 		17.1408
v 93.749 		-38.324 		24.2786
v 94 		-38.3299 		24.3456
v 28.1781 		4.6776 		23.5519
v 94.251 		-38.324 		24.2786
v 28.251 		4.677 		23.5322
v 94.2624 		-38.323 		24.2672
v 93.5367 		-38.303 		39.0485
v 93.565 		-38.3246 		39.1513
v 28.4555 		3.457 		17.1408
v 93.749 		-38.3626 		39.3324
v 28.435 		4.671 		23.3473
v 94.4383 		-38.4396 		25.6
v 94.435 		-38.4385 		25.5876
v 94.251 		-38.4225 		25.4046
v 94 		-38.4167 		25.3376
v 93.749 		-38.4225 		25.4046
v 93.565 		-38.4385 		25.5876
v 93.5616 		-38.4396 		25.6
v 28.502 		4.6629 		23.0946
v 28.435 		4.6547 		22.842
v 28.251 		4.6488 		22.657
v 28 		4.6466 		22.5893
v 94.4392 		-38.4809 		26.0721
v 94.502 		-38.4604 		25.8377
v 93.497 		-38.4604 		25.8377
v 93.5012 		-38.4618 		25.8532
v 93.565 		-38.4823 		26.0877
v 93.5962 		-38.485 		26.1187
v 94.4038 		-38.485 		26.1187
v 94.435 		-38.4823 		26.0877
v 27.648 		3.5017 		16.6347
v 27.565 		3.4945 		16.7172
v 27.749 		4.6488 		22.657
v 27.497 		3.4726 		16.9672
v 27.565 		3.4507 		17.2172
v 27.648 		3.4435 		17.2998
v 27.749 		3.5105 		16.5342
v 27.749 		3.4347 		17.4002
v 27.7493 		3.4347 		17.4003
v 27.565 		4.6547 		22.842
v 27.648 		3.3274 		18.6267
v 27.565 		3.3202 		18.7093
v 27.5649 		3.3202 		18.7096
v 27.497 		3.2983 		18.9592
v 27.497 		3.2983 		18.9592
v 27.497 		4.6629 		23.0946
v 27.749 		3.3362 		18.5263
v 26.0013 		3.4722 		16.9719
v 93.565 		-38.4823 		26.0877
v 27.565 		4.671 		23.3473
v 26.0005 		3.4728 		16.9652
v 26.0029 		3.4736 		16.9563
v 26.1569 		3.5236 		16.384
v 27.749 		4.677 		23.5322
v 26.002 		3.4728 		16.9652
v 26.2678 		3.5597 		15.9718
v 26.268 		3.5597 		15.9711
v 96.7422 		-38.4095 		25.256
v 27.9274 		4.6786 		23.5802
v 26.9996 		3.6235 		15.2424
v 27 		3.6235 		15.242
v 96.8292 		-38.485 		26.1187
v 28 		4.6792 		23.5998
v 93.749 		-38.4983 		26.2707
v 94 		-38.5042 		26.3377
v 94.251 		-38.4983 		26.2707
v 96.9502 		-38.59 		27.319
v 28 		4.7441 		25.6131
v 28.251 		4.7419 		25.5454
v 104 		-37.553 		15.466
v 28.435 		4.736 		25.3604
v 99.797 		-30.278 		14.307
v 28.4877 		4.7296 		25.1618
v 28.502 		4.7278 		25.1076
v 99.797 		-25.994 		14.682
v 99.797 		-23.504 		14.9
v 99.797 		-25.585 		10
v 99.797 		-23.094 		10.218
v 28.4501 		4.7215 		24.912
v 28.435 		4.7197 		24.855
v 28.251 		4.7137 		24.67
v 28 		4.7115 		24.6023
v 93.739 		-25.9237 		13.8774
v 93.788 		-25.9239 		13.8796
v 93.935 		-25.9246 		13.8871
v 93.545 		-25.9207 		13.8424
v 27.749 		4.7137 		24.67
v 93.4048 		-25.9168 		13.7981
v 27.565 		4.7197 		24.855
v 94.4489 		-37.4036 		34.7646
v 94.435 		-37.3928 		34.7135
v 27.5119 		4.726 		25.0523
v 94.131 		-25.9231 		13.8704
v 94.179 		-25.9222 		13.8599
v 27.497 		4.7278 		25.1076
v 93.984 		-25.9242 		13.8831
v 94.251 		-37.3548 		34.5324
v 94.0484 		-37.3436 		34.4789
v 27.5509 		4.7343 		25.308
v 93.4062 		-25.9817 		14.541
v 94 		-37.3409 		34.4661
v 94.323 		-25.9195 		13.8292
v 27.565 		4.736 		25.3604
v 94.459 		-25.6723 		10.9993
v 94.4122 		-25.671 		10.9843
v 93.7979 		-37.3521 		34.5195
v 93.749 		-37.3548 		34.5324
v 94.3754 		-25.67 		10.9727
v 27.749 		4.7419 		25.5454
v 94.637 		-25.6796 		11.0831
v 94.5925 		-25.6778 		11.0623
v 94.802 		-25.6889 		11.1891
v 94.7607 		-25.6866 		11.1626
v 93.565 		-37.3928 		34.7135
v 94.952 		-25.6999 		11.3151
v 95.085 		-25.7125 		11.4601
v 95.0517 		-25.7094 		11.4238
v 59 		-0.967 		44.768
v 29.1495 		3.472 		16.967
v 29.1472 		3.4716 		16.9715
v 29.127 		3.469 		17.001
v 29.1091 		3.4667 		17.0271
v 29.0864 		3.4645 		17.0525
v 29.0651 		3.4625 		17.0757
v 95.197 		-25.7266 		11.6211
v 29.0154 		3.4588 		17.1176
v 28.9867 		3.4572 		17.1359
v 28.9601 		3.4557 		17.1529
v 28.904 		3.4534 		17.1796
v 28.8686 		3.4524 		17.1908
v 28.8381 		3.4516 		17.2005
v 28.805 		3.451 		17.2067
v 28.7741 		3.4506 		17.212
v 28.7091 		3.4503 		17.215
v 95.287 		-25.7418 		11.7951
v 95.2645 		-25.738 		11.7516
v 95.353 		-25.7579 		11.9791
v 94 		-37.5488 		35.4564
v 94.251 		-37.5349 		35.39
v 95.395 		-25.7746 		12.1701
v 95.3845 		-25.7704 		12.1223
v 29.1761 		3.4765 		16.9155
v 94.435 		-37.4969 		35.209
v 95.411 		-25.7916 		12.3651
v 94.502 		-37.4449 		34.9616
v 95.402 		-25.8087 		12.5604
v 95.4043 		-25.8044 		12.5114
v 95.367 		-25.8255 		12.7531
v 95.3758 		-25.8213 		12.7051
v 93.5115 		-37.4338 		34.9087
v 95.307 		-25.8418 		12.9394
v 95.322 		-25.8377 		12.8926
v 93.497 		-37.4449 		34.9616
v 95.223 		-25.8572 		13.1163
v 93.565 		-37.4969 		35.209
v 95.116 		-25.8716 		13.2811
v 95.1428 		-25.868 		13.2401
v 94.989 		-25.8847 		13.4304
v 95.0208 		-25.8814 		13.3929
v 93.749 		-37.5349 		35.39
v 94.844 		-25.8962 		13.5621
v 94.8803 		-25.8933 		13.5293
v 94.683 		-25.9059 		13.6734
v 94.7233 		-25.9034 		13.6453
v 94.508 		-25.9137 		13.7631
v 94.5518 		-25.9118 		13.7409
v 28.9011 		3.4533 		17.181
v 96.7699 		-37.5084 		35.2641
v 74.334 		-38.748 		29.124
v 74.334 		-40.74 		28.95
v 28 		4.5493 		19.5729
v 28.251 		4.5471 		19.5052
v 76.225 		-38.86 		30.405
v 76.225 		-40.852 		30.231
v 77.971 		-38.986 		31.849
v 77.971 		-40.978 		31.675
v 28.435 		4.5412 		19.3202
v 94.367 		-25.585 		10
v 96.9221 		-39.1396 		33.601
v 28.502 		4.533 		19.0676
v 27.497 		4.533 		19.0676
v 27.565 		4.5412 		19.3202
v 29.0151 		3.4588 		17.1178
v 27.749 		4.5471 		19.5052
v 92.416 		-25.7791 		12.2221
v 92.4135 		-25.7834 		12.2711
v 92.451 		-25.7623 		12.0293
v 92.4422 		-25.7665 		12.0774
v 65.682 		-40.454 		25.677
v 92.511 		-25.746 		11.8431
v 92.496 		-25.7501 		11.8899
v 65.682 		-38.461 		25.851
v 92.595 		-25.7305 		11.6661
v 92.574 		-25.7344 		11.7103
v 67.967 		-38.507 		26.374
v 67.967 		-40.499 		26.2
v 94 		-38.7905 		41.3703
v 94.251 		-38.7766 		41.304
v 92.701 		-25.7162 		11.5013
v 92.6745 		-25.7197 		11.5424
v 70.184 		-38.57 		27.099
v 70.184 		-40.563 		26.924
v 94.435 		-38.7386 		41.1229
v 92.828 		-25.7031 		11.3521
v 92.7962 		-25.7064 		11.3896
v 92.973 		-25.6916 		11.2203
v 92.9367 		-25.6945 		11.2531
v 94.502 		-38.6866 		40.8755
v 72.314 		-40.643 		27.844
v 93.135 		-25.6819 		11.1091
v 93.0945 		-25.6843 		11.1371
v 93.31 		-25.674 		11.0194
v 93.2662 		-25.676 		11.0416
v 72.314 		-38.651 		28.018
v 93.497 		-38.6866 		40.8755
v 93.3738 		-25.6721 		10.9966
v 93.565 		-38.7386 		41.1229
v 29.1461 		3.4714 		16.9736
v 92.621 		-25.8612 		13.1613
v 93.749 		-38.7766 		41.304
v 92.531 		-25.846 		12.9874
v 92.464 		-25.8299 		12.8034
v 92.423 		-25.8132 		12.6123
v 92.406 		-25.7962 		12.4173
v 93.358 		-25.9155 		13.7831
v 94.435 		-39.0485 		42.5991
v 93.18 		-25.9082 		13.6993
v 93.2245 		-25.91 		13.7201
v 93.015 		-25.8989 		13.5934
v 92.865 		-25.8879 		13.4671
v 92.9025 		-25.8906 		13.4989
v 94.251 		-39.0105 		42.4181
v 92.733 		-25.8752 		13.3223
v 92.766 		-25.8784 		13.3584
v 93.3647 		-25.585 		10
v 28 		4.6143 		21.5868
v 28.154 		4.6129 		21.5453
v 93.935 		-23.4344 		14.105
v 93.837 		-23.4339 		14.1
v 93.739 		-23.4335 		14.0955
v 28.251 		4.6121 		21.5192
v 93.545 		-23.4305 		14.0605
v 93.4515 		-23.4279 		14.031
v 28.435 		4.6061 		21.3342
v 94.435 		-39.1208 		43.0966
v 94.4347 		-39.1208 		43.097
v 28.475 		4.6012 		21.1829
v 94.131 		-23.4329 		14.0885
v 94.5013 		-39.0992 		42.8492
v 94.4618 		-39.1121 		42.9966
v 94.033 		-23.4337 		14.097
v 95.9994 		-39.0992 		42.8493
v 28.502 		4.5979 		21.081
v 95.997 		-39.0992 		42.8493
v 95.997 		-39.0992 		42.8492
v 28.4628 		4.5932 		20.9333
v 94.2508 		-39.1369 		43.2797
v 94.323 		-23.4293 		14.047
v 94.227 		-23.4311 		14.0675
v 28.435 		4.5898 		20.8284
v 94.3754 		-23.1792 		11.1907
v 94.459 		-23.1815 		11.2175
v 28.251 		4.5838 		20.6435
v 94.251 		-39.1369 		43.2796
v 94.548 		-23.1852 		11.2595
v 94.637 		-23.1888 		11.301
v 94.7195 		-23.1935 		11.354
v 94.802 		-23.1981 		11.407
v 28 		4.5817 		20.5758
v 94.952 		-23.2092 		11.533
v 95.0185 		-23.2155 		11.6055
v 95.085 		-23.2219 		11.678
v 27.749 		4.5838 		20.6435
v 95.197 		-23.236 		11.839
v 95.242 		-23.2436 		11.926
v 95.287 		-23.2512 		12.013
v 27.565 		4.5898 		20.8284
v 95.353 		-23.2673 		12.197
v 27.5251 		4.5946 		20.9766
v 27.497 		4.5979 		21.081
v 95.374 		-23.2757 		12.2925
v 95.395 		-23.284 		12.388
v 95.411 		-23.3011 		12.583
v 95.4065 		-23.3096 		12.6805
v 95.402 		-23.3182 		12.7785
v 27.5377 		4.6028 		21.2329
v 27.565 		4.6061 		21.3342
v 95.3845 		-23.3267 		12.875
v 95.367 		-23.3351 		12.971
v 27.749 		4.6121 		21.5192
v 95.337 		-23.3432 		13.064
v 95.307 		-23.3514 		13.1575
v 95.223 		-23.3669 		13.3345
v 95.1695 		-23.3741 		13.417
v 95.116 		-23.3813 		13.499
v 27.9033 		4.6134 		21.5608
v 95.0525 		-23.3878 		13.5735
v 94.989 		-23.3944 		13.6485
v 94.9165 		-23.4002 		13.7145
v 94.844 		-23.4059 		13.78
v 94.7635 		-23.4108 		13.8355
v 94.683 		-23.4157 		13.8915
v 94.5955 		-23.4196 		13.9365
v 94.508 		-23.4235 		13.981
v 94.367 		-23.094 		10.218
v 94.5013 		-39.101 		42.849
v 94.502 		-39.1005 		42.8465
v 92.451 		-23.2717 		12.2475
v 92.481 		-23.2636 		12.1545
v 92.511 		-23.2554 		12.061
v 92.553 		-23.2476 		11.9725
v 92.595 		-23.2399 		11.884
v 92.648 		-23.2327 		11.8015
v 92.701 		-23.2255 		11.7195
v 95.997 		-39.101 		42.849
v 92.7645 		-23.219 		11.645
v 92.828 		-23.2124 		11.57
v 92.9005 		-23.2066 		11.504
v 92.973 		-23.2009 		11.4385
v 93.054 		-23.196 		11.383
v 93.135 		-23.1911 		11.327
v 93.2225 		-23.1872 		11.282
v 93.31 		-23.1833 		11.2375
v 93.3738 		-23.1813 		11.2147
v 93.373 		-23.1735 		11.126
v 93.749 		-39.1369 		43.2796
v 93.5653 		-39.1208 		43.097
v 92.531 		-23.3556 		13.2055
v 93.7492 		-39.1369 		43.2797
v 92.464 		-23.3395 		13.0215
v 27.8217 		1.3326 		41.4198
v 27.8464 		1.3367 		41.372
v 92.423 		-23.3228 		12.8305
v 92.406 		-23.3057 		12.6355
v 27.8478 		1.337 		41.3693
v 27.8624 		1.3389 		41.3479
v 93.565 		-39.1208 		43.0966
v 27.8217 		1.3326 		41.4198
v 92.411 		-23.2972 		12.538
v 92.416 		-23.2886 		12.44
v 27.8217 		1.3326 		41.4198
v 92.4335 		-23.2801 		12.3435
v 27.8217 		1.333 		41.4198
v 93.358 		-23.4253 		14.001
v 94 		-39.1426 		43.3466
v 93.269 		-23.4216 		13.959
v 93.18 		-23.418 		13.9175
v 93.015 		-23.4087 		13.8115
v 92.94 		-23.4032 		13.7485
v 92.865 		-23.3976 		13.685
v 92.799 		-23.3913 		13.6125
v 92.733 		-23.3849 		13.5405
v 92.621 		-23.3708 		13.3795
v 93.3647 		-23.094 		10.218
v 94.1451 		-39.0047 		42.3901
v 94 		-38.9966 		42.3518
v 93.894 		-39.0025 		42.3798
v 93.749 		-39.0105 		42.4181
v 93.565 		-39.0485 		42.5991
v 94.3754 		-23.7044 		11.1447
v 93.5242 		-39.1077 		42.9467
v 93.4977 		-39.0992 		42.8492
v 29.9992 		4.4683 		17.052
v 29.9992 		4.468 		17.052
v 29.9992 		4.468 		17.0521
v 29.9995 		3.4741 		16.9653
v 29.997 		4.468 		17.0521
v 28.1061 		4.4835 		17.5313
v 28.251 		4.4822 		17.4922
v 61 		-40.342 		47.347
v 28.435 		4.4762 		17.3073
v 27.565 		4.4762 		17.3073
v 93.497 		-39.1005 		42.8465
v 27.749 		4.4822 		17.4922
v 27.855 		4.4831 		17.5207
v 28 		4.4844 		17.5599
v 93.4977 		-39.101 		42.849
v 28.4692 		4.529 		18.9438
v 28.435 		4.5249 		18.815
v 28.251 		4.5189 		18.6301
v 28 		4.5167 		18.5623
v 92.002 		-39.0992 		42.8493
v 92.0006 		-39.0992 		42.8493
v 92.002 		-39.0992 		42.8492
v 27.749 		4.5189 		18.6301
v 27.565 		4.5249 		18.815
v 27.5317 		4.5289 		18.9387
v 92.002 		-39.101 		42.849
v 91.0593 		-39.1244 		33.4268
v 28 		4.5119 		16.5546
v 92.5 		-35.945 		33.1834
v 92.51 		-35.9452 		33.1861
v 28.2511 		4.5059 		16.6217
v 28.435 		4.4901 		16.8046
v 59 		0.776 		24.845
v 59 		2.768 		25.019
v 92.7048 		-35.9496 		33.2381
v 61.352 		0.767 		24.94
v 61.352 		2.76 		25.115
v 93.5265 		-35.9687 		33.4572
v 93.897 		-35.9773 		33.556
v 92.9783 		-35.9558 		33.311
v 28.502 		4.4681 		17.0546
v 63.682 		0.742 		25.227
v 63.682 		2.735 		25.402
v 93.9141 		-35.9777 		33.5606
v 94 		-35.9798 		33.5835
v 94 		-37.1344 		33.4825
v 93.4253 		-37.1025 		33.3305
v 92.5 		-37.0512 		33.0864
v 28.435 		4.4901 		16.8046
v 28.5013 		4.4683 		17.052
v 94.0001 		-35.9798 		33.5835
v 28.5013 		4.468 		17.052
v 93.3738 		-23.6305 		11.1754
v 49.816 		0.643 		26.361
v 28.251 		4.5059 		16.6216
v 49.816 		2.636 		26.535
v 52.033 		2.693 		25.877
v 52.033 		0.701 		25.702
v 92.349 		-35.9318 		33.033
v 92.437 		-35.9395 		33.1207
v 27.497 		4.4681 		17.0546
v 92.1735 		-35.9164 		32.8583
v 54.318 		0.742 		25.227
v 92.0829 		-35.9084 		32.768
v 27.565 		4.4901 		16.8046
v 27.565 		4.4901 		16.8046
v 54.318 		2.735 		25.402
v 27.4977 		4.4683 		17.052
v 56.648 		0.767 		24.94
v 27.749 		4.5059 		16.6216
v 56.648 		2.76 		25.115
v 92.4465 		-35.9404 		33.1302
v 27.7489 		4.5059 		16.6217
v 95.5 		-35.945 		33.1835
v 95.7071 		-35.9268 		32.9771
v 95.7952 		-35.919 		32.8894
v 95.917 		-35.9082 		32.768
v 95.5 		-37.0512 		33.0864
v 95.3589 		-35.9483 		33.2211
v 95.414 		-35.947 		33.2064
v 95.1337 		-35.9534 		33.2812
v 95.1007 		-35.9542 		33.29
v 94.294 		-35.9729 		33.5051
v 27.232 		4.468 		17.052
v 94.8322 		-35.9603 		33.3616
v 94.9302 		-37.0829 		33.2371
v 28.251 		4.096 		16.5856
v 34.2512 		2.4209 		28.9864
v 35.0462 		-0.899 		43.9914
v 27.749 		4.096 		16.5856
v 35.116 		1.1959 		42.99
v 35 		-0.967 		44.768
v 34.251 		2.4209 		28.9863
v 34.1188 		2.424 		28.951
v 34.148 		2.4268 		28.919
v 34.1496 		2.4269 		28.9173
v 34.169 		2.4284 		28.9006
v 35.116 		1.196 		42.99
v 34.201 		2.4308 		28.873
v 34.2207 		2.4319 		28.8603
v 34.2561 		2.4339 		28.8378
v 34.2772 		2.4348 		28.8278
v 35.461 		-0.6268 		40.881
v 35.461 		-0.6269 		40.8812
v 34.304 		2.4359 		28.8154
v 94.2882 		-35.4636 		27.6835
v 35.116 		1.1959 		42.9899
v 35.3385 		1.305 		41.7425
v 35.461 		-0.627 		40.881
v 94.4568 		-35.4675 		27.7284
v 94.8501 		-35.4767 		27.8333
v 34.1188 		2.4241 		28.951
v 35.272 		-0.7196 		41.9409
v 94.9462 		-35.4789 		27.8589
v 95.426 		-35.4899 		27.9869
v 36.033 		-0.461 		38.985
v 36.033 		-0.461 		38.985
v 95.5 		-35.4916 		28.0066
v 95.5 		-35.4916 		28.0066
v 36.033 		-0.461 		38.985
v 36.827 		-0.2999 		37.144
v 95.5 		-36.5992 		27.9097
v 36.827 		-0.3 		37.144
v 37.834 		-0.1452 		35.3761
v 37.8336 		-0.1453 		35.3768
v 37.0996 		1.734 		36.8397
v 37.834 		1.8467 		35.551
v 37.834 		-0.146 		35.376
v 37.834 		1.847 		35.551
v 39 		1.988 		33.9363
v 34.2011 		2.4308 		28.8728
v 39 		-0.0039 		33.7614
v 39.045 		0.001 		33.699
v 39.045 		1.994 		33.874
v 27.4977 		4.468 		17.052
v 95.8095 		-35.5187 		28.315
v 95.6528 		-35.5048 		28.1588
v 95.6226 		-35.5022 		28.1288
v 95.5625 		-35.497 		28.0689
v 95.8965 		-36.5864 		28.3089
v 96.0977 		-35.5441 		28.6021
v 96.0417 		-35.5392 		28.5463
v 96.598 		-35.5879 		29.1005
v 96.5467 		-35.5834 		29.0494
v 96.2721 		-35.5593 		28.7758
v 34.1511 		2.4271 		28.9156
v 96.1679 		-35.5502 		28.672
v 99.797 		-7.664 		16.286
v 96.1448 		-35.5482 		28.649
v 39 		-0.899 		43.9914
v 39 		-0.7666 		42.4782
v 39 		-0.8238 		43.1334
v 96.598 		-36.5637 		29.0152
v 39 		1.025 		44.943
v 39 		1.6724 		37.5429
v 39 		1.2617 		42.2378
v 39 		1.3139 		41.6404
v 39 		1.4656 		39.9062
v 96.7285 		-35.6304 		29.5857
v 96.7268 		-35.6298 		29.579
v 39 		1.6266 		38.0653
v 96.9732 		-35.709 		30.495
v 96.8734 		-35.6767 		30.124
v 97 		-35.7177 		30.5946
v 96.9992 		-36.5152 		30.522
v 39 		-0.967 		44.769
v 39 		-0.9669 		44.768
v 97.365 		-31.309 		26.089
v 61 		-42.334 		47.172
v 26.0008 		4.4683 		17.052
v 96.598 		-35.8487 		32.0896
v 96.598 		-35.8487 		32.0895
v 96.6351 		-35.8366 		31.9517
v 96.6975 		-35.8162 		31.7197
v 96.9201 		-35.7437 		30.8916
v 96.9663 		-35.7287 		30.72
v 35.6135 		2.2856 		30.534
v 96.776 		-35.7906 		31.4277
v 35.4375 		2.3034 		30.3312
v 35.732 		2.296 		30.416
v 35.291 		2.3182 		30.1624
v 26.0008 		4.468 		17.052
v 96.9771 		-35.7252 		30.6798
v 26.0008 		4.468 		17.0521
v 96.9955 		-36.5169 		30.5416
v 35.8002 		2.3182 		30.1624
v 96.8791 		-36.6068 		30.9699
v 96.598 		-36.824 		32.0043
v 26.002 		4.468 		17.0521
v 36 		2.3831 		29.42
v 35.732 		2.4702 		28.424
v 35.2258 		2.5144 		27.9192
v 26.0008 		4.4654 		17.0519
v 34.4351 		2.4049 		29.1698
v 29.732 		4.556 		16.058
v 96.0887 		-35.893 		32.597
v 26.268 		4.556 		16.058
v 34.435 		2.4049 		29.1693
v 28 		4.643 		15.062
v 27 		4.619 		15.329
v 29 		4.619 		15.329
v 96.0985 		-35.8922 		32.5872
v 96.3884 		-35.8671 		32.2984
v 96.5354 		-35.8542 		32.1519
v 96.354 		-35.87 		32.3326
v 34.362 		2.4377 		28.7952
v 34.3743 		2.438 		28.7912
v 34.4003 		2.4384 		28.7863
v 34.4415 		2.4391 		28.7786
v 34.4647 		2.4392 		28.7776
v 34.5068 		2.4394 		28.7757
v 34.5303 		2.4392 		28.7775
v 34.5721 		2.4389 		28.7806
v 96.1386 		-35.8887 		32.5472
v 34.595 		2.4385 		28.7856
v 34.6361 		2.4377 		28.7947
v 34.6981 		2.4357 		28.8167
v 34.7561 		2.4331 		28.8467
v 34.8101 		2.4299 		28.8838
v 34.816 		2.4294 		28.8892
v 96.1059 		-35.8915 		32.5798
v 40.448 		0.139 		32.129
v 96.2138 		-36.9035 		32.3828
v 40.448 		2.131 		32.303
v 42.029 		0.265 		30.68
v 28 		3.647 		14.975
v 34.3151 		2.4363 		28.8103
v 42.029 		2.258 		30.854
v 43.775 		0.38 		29.367
v 43.775 		2.373 		29.541
v 45.666 		2.474 		28.377
v 45.666 		0.482 		28.202
v 98.67 		-35.407 		27.04
v 47.686 		0.57 		27.197
v 97.365 		-35.293 		25.74
v 47.686 		2.562 		27.371
v 91.9014 		-35.8924 		32.5872
v 92 		-35.9011 		32.6854
v 92.1036 		-36.9692 		32.6959
v 91.7618 		-35.88 		32.4481
v 91.7613 		-35.88 		32.4476
v 91.5249 		-35.8595 		32.212
v 91.5292 		-35.8598 		32.2163
v 32.67 		9.966 		26.502
v 91.402 		-35.8487 		32.0896
v 91.5527 		-35.8619 		32.2398
v 91.7464 		-35.8787 		32.4328
v 91.7579 		-35.8797 		32.4442
v 91.7539 		-35.8793 		32.4402
v 91.402 		-36.824 		32.0043
v 34.5071 		2.4394 		28.7757
v 96.275 		-31.243 		25.338
v 33.797 		31.763 		37.812
v 33.797 		13.433 		36.209
v 96.195 		-31.257 		25.495
v 33.797 		9.15 		35.834
v 33.797 		15.924 		36.427
v 33.797 		15.514 		41.109
v 33.797 		13.024 		40.891
v 34.3771 		2.4381 		28.7903
v 91.3582 		-35.8344 		31.9268
v 91.3791 		-35.8412 		32.0044
v 91.3024 		-35.8162 		31.7191
v 91.2915 		-35.8126 		31.6787
v 91.2075 		-35.7852 		31.3664
v 91.0791 		-35.7435 		30.8888
v 91.0337 		-35.7287 		30.72
v 91.0534 		-35.7351 		30.7932
v 91.2733 		-36.7246 		31.5307
v 34.8572 		2.4261 		28.9271
v 34.8581 		2.426 		28.9279
v 34.9001 		2.4217 		28.977
v 34.9361 		2.4169 		29.0321
v 34.9641 		2.4117 		29.0911
v 34.9713 		2.4098 		29.1134
v 34.9841 		2.4063 		29.1533
v 34.9881 		2.4043 		29.1761
v 96.275 		-31.108 		23.798
v 34.9641 		2.4117 		29.0912
v 96.397 		-31.176 		24.568
v 91.0045 		-36.5169 		30.5416
v 91.2568 		-35.6352 		29.6403
v 91.1001 		-35.6853 		30.2225
v 91.402 		-35.5879 		29.1005
v 34.435 		2.3611 		29.6702
v 91.0268 		-35.709 		30.495
v 34.435 		2.3611 		29.6702
v 96.195 		-35.242 		25.146
v 34.502 		2.383 		29.4202
v 34.5019 		2.383 		29.4197
v 91.0008 		-36.5152 		30.522
v 91.402 		-36.5637 		29.0152
v 34.816 		2.3622 		29.6576
v 34.7961 		2.3608 		29.6743
v 96.275 		-35.228 		24.989
v 91.6169 		-35.569 		28.8864
v 91.4649 		-35.5824 		29.0378
v 91.8181 		-35.5515 		28.6859
v 91.6412 		-35.5669 		28.8622
v 91.4304 		-35.5854 		29.0723
v 96.397 		-35.16 		24.219
v 96.275 		-35.093 		23.449
v 22.1943 		2.4483 		28.672
v 22.1982 		2.4486 		28.6687
v 22.2233 		2.45 		28.6523
v 22.2518 		2.4516 		28.6342
v 22.2801 		2.4527 		28.6209
v 22.3127 		2.4541 		28.6057
v 22.341 		2.4549 		28.5965
v 22.3747 		2.4558 		28.5856
v 22.4044 		2.4563 		28.5801
v 22.4355 		2.4568 		28.5747
v 22.4689 		2.4569 		28.5727
v 22.5047 		2.4571 		28.5706
v 22.5344 		2.4569 		28.5733
v 22.5697 		2.4566 		28.5766
v 22.5989 		2.4561 		28.5826
v 22.6337 		2.4554 		28.5902
v 22.6926 		2.4536 		28.6111
v 22.7222 		2.4523 		28.6259
v 22.7537 		2.4509 		28.6417
v 22.6957 		2.4535 		28.6122
v 94.67 		-30.968 		22.199
v 95.366 		-30.999 		22.553
v 22.4392 		2.4568 		28.5741
v 95.92 		-31.048 		23.104
v 93.897 		-30.958 		22.077
v 92.428 		-30.999 		22.553
v 22.2532 		2.4517 		28.6333
v 93.124 		-30.968 		22.199
v 34.8745 		2.3672 		29.6012
v 34.8461 		2.3645 		29.6322
v 22.0949 		2.4395 		28.7725
v 22.435 		2.4049 		29.1693
v 22.251 		2.4208 		28.9862
v 22.1042 		2.4407 		28.759
v 22.1482 		2.4449 		28.7109
v 94.67 		-34.953 		21.85
v 95.366 		-34.984 		22.204
v 95.92 		-35.032 		22.756
v 93.897 		-34.943 		21.729
v 58.648 		-40.426 		25.361
# 5516 vertices

g group_4_2829873

usemtl color_2829873
s 0

f 2975 	2980 	2972
f 2982 	2980 	2975
f 6689 	3001 	4429
f 8453 	8455 	2983
f 2997 	2995 	2996
f 2995 	4429 	3001
f 3001 	6689 	3002
f 3058 	3002 	6689
f 2962 	2993 	2999
f 2966 	2962 	2999
f 2979 	6670 	6658
f 3009 	3010 	4429
f 2980 	3041 	2979
f 3286 	3791 	2975
f 3037 	3036 	3041
f 3041 	3045 	3037
f 3043 	6689 	3046
f 3051 	2972 	3050
f 3058 	6689 	3053
f 3053 	6689 	3044
f 3046 	6689 	3056
f 3056 	6689 	3061
f 3074 	3085 	3036
f 3073 	3074 	3036
f 3061 	6689 	3077
f 3083 	3050 	2972
f 3051 	3055 	2972
f 3085 	3083 	3036
f 2972 	3036 	3083
f 3094 	3095 	3199
f 3037 	3199 	3095
f 3093 	3094 	3199
f 3101 	3037 	3100
f 3099 	3100 	3037
f 3095 	3099 	3037
f 3104 	3037 	3101
f 3105 	3037 	3104
f 3111 	3037 	3105
f 3114 	3037 	3111
f 3115 	3037 	3114
f 3116 	3037 	3115
f 3126 	3037 	3117
f 3133 	3036 	3132
f 3141 	3036 	3138
f 3142 	3036 	3141
f 3070 	3073 	3036
f 3155 	3156 	3036
f 3191 	3155 	3036
f 3181 	3036 	3180
f 3180 	3036 	3179
f 3179 	3036 	3142
f 3184 	3036 	3181
f 3188 	3036 	3187
f 3156 	3070 	3036
f 3191 	3036 	3190
f 3188 	3190 	3036
f 5938 	3277 	3198
f 3037 	3126 	3129
f 3132 	3036 	3129
f 3137 	3036 	3133
f 3138 	3036 	3137
f 3185 	3036 	3184
f 3187 	3036 	3185
f 3037 	3129 	3036
f 3092 	3093 	3199
f 3116 	3117 	3037
f 3213 	3214 	2972
f 3214 	3217 	2972
f 2975 	2972 	3217
f 3226 	2975 	3221
f 3228 	2975 	3227
f 3229 	2975 	3228
f 3233 	2975 	3232
f 3229 	3232 	2975
f 3239 	2975 	3238
f 3240 	2975 	3239
f 3241 	2975 	3240
f 3246 	2975 	3245
f 3241 	3245 	2975
f 3233 	3238 	2975
f 3247 	2975 	3246
f 3248 	2975 	3247
f 3254 	3286 	3248
f 3277 	3268 	3230
f 3230 	8381 	3259
f 3230 	3259 	3277
f 3261 	2972 	3060
f 3262 	2972 	3261
f 3055 	3060 	2972
f 2966 	2999 	3259
f 3269 	2972 	3267
f 3267 	2972 	3266
f 3275 	2972 	3274
f 3268 	3277 	5938
f 3276 	2972 	3275
f 3209 	3213 	2972
f 3263 	2972 	3262
f 3263 	3266 	2972
f 3270 	2972 	3269
f 3274 	2972 	3271
f 3270 	3271 	2972
f 2975 	3248 	3286
f 3236 	3230 	3268
f 3259 	3272 	3277
f 3276 	3209 	2972
f 3220 	3221 	2975
f 3217 	3220 	2975
f 3226 	3227 	2975
f 3255 	3286 	3254
f 3258 	3286 	3255
f 3037 	3706 	3199
f 3051 	3608 	3055
f 3272 	3198 	3277
f 3055 	3610 	3060
f 3073 	3619 	3074
f 3074 	3618 	3085
f 3092 	3199 	3316
f 3199 	3706 	3316
f 3629 	3316 	3630
f 3316 	3629 	3628
f 3316 	3628 	3093
f 3316 	3093 	3092
f 3093 	3628 	3094
f 3104 	3101 	3638
f 3111 	3646 	3114
f 3114 	3655 	3115
f 3116 	3115 	3653
f 3661 	3126 	3117
f 3661 	3664 	3126
f 3133 	3665 	3137
f 3137 	3669 	3138
f 3672 	3179 	3142
f 3155 	3679 	3156
f 3179 	3672 	3180
f 3180 	3686 	3181
f 3184 	3690 	3185
f 3185 	3689 	3187
f 3187 	3694 	3188
f 3188 	3693 	3190
f 3191 	3695 	3155
f 3220 	3731 	3221
f 3217 	3729 	3220
f 3221 	3730 	3226
f 3736 	3227 	3226
f 3228 	3739 	3229
f 3227 	3734 	3228
f 3739 	3228 	3734
f 3229 	3738 	3232
f 3745 	3233 	3232
f 3240 	3754 	3241
f 3239 	3751 	3240
f 3709 	3255 	3710
f 3254 	3710 	3255
f 3255 	3709 	3258
f 3262 	3772 	3263
f 3274 	3721 	3275
f 3275 	3724 	3276
f 3038 	2979 	3041
f 3609 	3621 	2980
f 3616 	3041 	3619
f 3041 	2980 	3621
f 3610 	3608 	2980
f 3618 	3041 	3623
f 3623 	3041 	3621
f 3619 	3041 	3618
f 3628 	3629 	3706
f 3630 	3706 	3629
f 3045 	3631 	3706
f 3632 	3628 	3706
f 3636 	3631 	3045
f 3632 	3706 	3631
f 3638 	3639 	3045
f 3639 	3636 	3045
f 3642 	3643 	3045
f 3643 	3638 	3045
f 3045 	3655 	3646
f 3646 	3642 	3045
f 3653 	3655 	3045
f 3653 	3045 	3658
f 3657 	3045 	3661
f 3665 	3041 	3669
f 3667 	3041 	3665
f 3668 	3041 	3671
f 3671 	3041 	3670
f 3678 	3679 	3041
f 3616 	3678 	3041
f 3685 	3686 	3041
f 3672 	3041 	3686
f 3690 	3685 	3041
f 3697 	3693 	3041
f 3694 	3041 	3693
f 3689 	3041 	3694
f 3695 	3041 	3679
f 3697 	3041 	3695
f 3608 	3609 	2980
f 3689 	3690 	3041
f 3672 	3670 	3041
f 3041 	3668 	3669
f 3041 	3667 	3664
f 3661 	3045 	3664
f 3658 	3045 	3657
f 3041 	3664 	3045
f 3764 	2982 	3707
f 3710 	3791 	3709
f 3713 	3709 	3791
f 2980 	3724 	3721
f 3725 	3723 	2980
f 3723 	3724 	2980
f 3728 	3725 	2980
f 3727 	3728 	2980
f 3730 	3731 	2982
f 3731 	3729 	2982
f 3734 	3736 	2982
f 3736 	3730 	2982
f 3745 	3738 	2982
f 2982 	3738 	3739
f 3744 	3745 	2982
f 3754 	3751 	2982
f 3751 	3752 	2982
f 3744 	2982 	3752
f 3753 	2982 	3760
f 3753 	3754 	2982
f 3759 	3760 	2982
f 3759 	2982 	3764
f 3791 	3707 	2982
f 3707 	3791 	3710
f 3769 	3611 	2980
f 3610 	2980 	3611
f 3772 	3769 	2980
f 3777 	2980 	3776
f 3779 	3776 	2980
f 3785 	3779 	2980
f 3721 	3783 	2980
f 3783 	3785 	2980
f 3777 	3771 	2980
f 3771 	3772 	2980
f 2980 	2982 	3729
f 3739 	3734 	2982
f 3729 	3727 	2980
f 3037 	3045 	3706
f 2982 	2975 	3791
f 3050 	3609 	3051
f 3608 	3051 	3609
f 3083 	3621 	3050
f 3610 	3055 	3608
f 3060 	3610 	3611
f 3060 	3611 	3261
f 3769 	3261 	3611
f 3616 	3070 	3156
f 3618 	3074 	3619
f 3070 	3616 	3073
f 3619 	3073 	3616
f 3085 	3618 	3623
f 3609 	3050 	3621
f 3085 	3623 	3083
f 3621 	3083 	3623
f 3706 	3630 	3316
f 3094 	3632 	3095
f 3631 	3095 	3632
f 3094 	3628 	3632
f 3099 	3095 	3636
f 3631 	3636 	3095
f 3099 	3636 	3100
f 3639 	3100 	3636
f 3638 	3101 	3639
f 3100 	3639 	3101
f 3642 	3105 	3643
f 3104 	3643 	3105
f 3643 	3104 	3638
f 5227 	3849 	8379
f 3642 	3646 	3105
f 3111 	3105 	3646
f 3655 	3114 	3646
f 3655 	3653 	3115
f 3657 	3117 	3658
f 3116 	3658 	3117
f 3853 	2993 	2962
f 3658 	3116 	3653
f 3661 	3117 	3657
f 3129 	3126 	3664
f 3665 	3133 	3667
f 3132 	3667 	3133
f 3129 	3664 	3132
f 3667 	3132 	3664
f 3669 	3137 	3665
f 3669 	3668 	3138
f 3670 	3142 	3671
f 3141 	3671 	3142
f 3861 	8379 	3860
f 3671 	3141 	3668
f 3138 	3668 	3141
f 3142 	3670 	3672
f 3869 	5227 	3871
f 3678 	3156 	3679
f 3873 	8379 	3861
f 3616 	3156 	3678
f 3870 	5227 	3874
f 8379 	3873 	5227
f 3871 	5227 	3870
f 3686 	3180 	3672
f 3686 	3685 	3181
f 3689 	3185 	3690
f 3181 	3685 	3184
f 3690 	3184 	3685
f 3877 	5234 	3876
f 3689 	3694 	3187
f 3880 	5234 	3879
f 3693 	3188 	3694
f 3695 	3191 	3697
f 3190 	3697 	3191
f 3693 	3697 	3190
f 3891 	3887 	5227
f 3888 	5227 	3887
f 3679 	3155 	3695
f 3897 	3890 	5227
f 5227 	3890 	3891
f 3897 	5227 	3896
f 3791 	3286 	3713
f 3896 	5227 	3904
f 3905 	3904 	5227
f 3906 	3905 	5227
f 3258 	3713 	3286
f 3906 	5227 	3915
f 3915 	5227 	3913
f 3248 	3707 	3254
f 3710 	3254 	3707
f 3913 	5227 	3932
f 3932 	5227 	3931
f 3869 	3931 	5227
f 3258 	3709 	3713
f 3937 	3935 	5234
f 3936 	3937 	5234
f 3877 	3936 	5234
f 3276 	3724 	3723
f 3276 	3723 	3209
f 3941 	3938 	3950
f 3950 	3938 	3939
f 3725 	3209 	3723
f 3950 	5234 	3940
f 3940 	3941 	3950
f 3945 	3940 	5234
f 3213 	3728 	3214
f 3727 	3214 	3728
f 3944 	3945 	5234
f 3728 	3213 	3725
f 3209 	3725 	3213
f 3935 	3947 	5234
f 3947 	3946 	5234
f 3946 	3944 	5234
f 3214 	3727 	3217
f 3729 	3217 	3727
f 3221 	3731 	3730
f 3731 	3220 	3729
f 3888 	3883 	5227
f 3884 	3881 	5227
f 5234 	5227 	3881
f 3879 	5234 	3881
f 3880 	3876 	5234
f 3883 	3884 	5227
f 3736 	3226 	3730
f 3734 	3227 	3736
f 3862 	3863 	8379
f 8379 	3962 	3956
f 3229 	3739 	3738
f 3957 	3955 	8379
f 3862 	8379 	3955
f 3745 	3232 	3738
f 3744 	3233 	3745
f 3863 	3860 	8379
f 3874 	5227 	3873
f 3238 	3233 	3744
f 3961 	3962 	8379
f 3752 	3238 	3744
f 3965 	3964 	8379
f 3964 	3961 	8379
f 3238 	3752 	3239
f 3751 	3239 	3752
f 3241 	3754 	3753
f 3972 	3967 	8379
f 3967 	3965 	8379
f 3754 	3240 	3751
f 8384 	3980 	8379
f 8379 	3971 	3972
f 3760 	3245 	3753
f 3241 	3753 	3245
f 3977 	8379 	3976
f 3971 	8379 	3977
f 3759 	3246 	3760
f 3245 	3760 	3246
f 3979 	8379 	3978
f 3976 	8379 	3979
f 3978 	8379 	3981
f 3707 	3248 	3764
f 3764 	3248 	3247
f 3764 	3247 	3759
f 3246 	3759 	3247
f 3991 	8384 	3990
f 3263 	3772 	3771
f 3262 	3261 	3769
f 4001 	4025 	4003
f 3772 	3262 	3769
f 3263 	3771 	3266
f 3777 	3266 	3771
f 3266 	3777 	3267
f 3776 	3267 	3777
f 4004 	4002 	4025
f 3779 	3269 	3776
f 3269 	3267 	3776
f 3270 	3785 	3271
f 3783 	3271 	3785
f 3785 	3270 	3779
f 3269 	3779 	3270
f 3721 	3274 	3783
f 3271 	3783 	3274
f 3724 	3275 	3721
f 4010 	8384 	4014
f 4011 	8384 	4010
f 3990 	8384 	4011
f 4014 	8384 	4013
f 4013 	8384 	4015
f 2972 	4012 	3036
f 4015 	8384 	4017
f 4002 	4003 	4025
f 4022 	8384 	4001
f 4018 	8384 	4022
f 4017 	8384 	4018
f 2971 	4012 	2972
f 4025 	4001 	8384
f 3983 	8384 	3991
f 3981 	8379 	3980
f 3983 	3980 	8384
f 3956 	3957 	8379
f 4035 	4030 	4034
f 4033 	4034 	4030
f 4041 	4030 	4040
f 4032 	4033 	4030
f 4040 	4030 	4039
f 4044 	4030 	4041
f 4030 	4044 	4042
f 4042 	4032 	4030
f 4049 	5235 	4048
f 4053 	5231 	4051
f 4060 	5231 	4058
f 4061 	5231 	4060
f 4067 	5231 	4066
f 4061 	4066 	5231
f 4079 	5231 	4076
f 4081 	5231 	4079
f 4067 	4076 	5231
f 4084 	5231 	4081
f 4085 	5231 	4084
f 4093 	5231 	4092
f 4039 	5231 	4093
f 4085 	4092 	5231
f 4103 	5235 	4102
f 4104 	5235 	4103
f 4108 	5235 	4104
f 4109 	5235 	4108
f 4047 	5235 	4109
f 4121 	4144 	4117
f 5235 	4144 	4123
f 4116 	4117 	4144
f 4128 	5235 	4127
f 4127 	5235 	4123
f 4133 	5235 	4128
f 4135 	5235 	4133
f 4102 	5235 	4135
f 4121 	4123 	4144
f 5235 	4047 	4048
f 4051 	5231 	4049
f 4058 	5231 	4057
f 4057 	5231 	4053
f 4176 	4179 	8382
f 4030 	4161 	8382
f 4157 	4030 	4035
f 4160 	4030 	4157
f 4161 	4030 	4160
f 4176 	8382 	4173
f 4161 	4173 	8382
f 4182 	8382 	4179
f 4186 	8382 	4182
f 4189 	8382 	4186
f 4214 	8382 	4213
f 4192 	8382 	4189
f 4215 	8382 	4214
f 4216 	8382 	4215
f 4192 	4213 	8382
f 4224 	8382 	4216
f 4225 	8382 	4224
f 4244 	4286 	4243
f 4239 	4243 	4286
f 4286 	4244 	4255
f 4271 	8383 	4267
f 4273 	8383 	4271
f 4277 	8383 	4275
f 4278 	4281 	8383
f 4286 	8383 	4239
f 4282 	4239 	8383
f 4281 	4282 	8383
f 4277 	4278 	8383
f 4228 	8383 	4225
f 4232 	8383 	4228
f 4267 	8383 	4232
f 4274 	8383 	4273
f 4275 	8383 	4274
f 8382 	4225 	8383
f 5231 	4039 	4030
f 3950 	4144 	5235
f 5234 	3950 	5235
f 3860 	4033 	3861
f 4032 	3873 	3861
f 4032 	3861 	4033
f 4033 	3860 	4034
f 3863 	4034 	3860
f 3862 	4035 	3863
f 4034 	3863 	4035
f 4035 	3862 	3955
f 3870 	4041 	3871
f 4040 	3871 	4041
f 3871 	4040 	3869
f 4039 	3869 	4040
f 4041 	3870 	4044
f 3874 	4044 	3870
f 4042 	3873 	4032
f 4044 	3874 	4042
f 3873 	4042 	3874
f 4144 	3950 	4116
f 3950 	3939 	4116
f 4047 	3876 	3880
f 4778 	4315 	4324
f 3879 	4048 	3880
f 4778 	4324 	4320
f 4322 	4778 	4320
f 3883 	4053 	3884
f 4325 	4327 	4320
f 4325 	4320 	4324
f 3888 	4057 	3883
f 4053 	3883 	4057
f 3887 	4058 	3888
f 4060 	3887 	3891
f 3896 	4067 	3897
f 4076 	3896 	3904
f 3905 	4079 	3904
f 3913 	4085 	3915
f 3915 	4084 	3906
f 3869 	4039 	3931
f 3936 	4104 	3937
f 4103 	3937 	4104
f 3937 	4103 	3935
f 4102 	3935 	4103
f 3877 	4108 	3936
f 3938 	4117 	3939
f 4116 	3939 	4117
f 3941 	4121 	3938
f 3944 	4128 	3945
f 3946 	4133 	3944
f 3947 	4135 	3946
f 4102 	3947 	3935
f 4047 	3880 	4048
f 4048 	3879 	4049
f 3881 	4049 	3879
f 3884 	4053 	4051
f 4049 	3881 	4051
f 3884 	4051 	3881
f 4322 	4822 	4778
f 4057 	3888 	4058
f 3890 	4061 	3891
f 4060 	3891 	4061
f 4322 	4354 	4822
f 4058 	3887 	4060
f 3897 	4066 	3890
f 4061 	3890 	4066
f 3897 	4067 	4066
f 3896 	4076 	4067
f 4076 	3904 	4079
f 3906 	4081 	3905
f 4079 	3905 	4081
f 4084 	3915 	4085
f 6657 	4336 	4322
f 3906 	4084 	4081
f 4336 	4354 	4322
f 3932 	4092 	3913
f 4085 	3913 	4092
f 3931 	4093 	3932
f 4092 	3932 	4093
f 4093 	3931 	4039
f 3876 	4109 	3877
f 4108 	3877 	4109
f 4336 	4429 	4354
f 4104 	3936 	4108
f 4109 	3876 	4047
f 3940 	4123 	3941
f 4121 	3941 	4123
f 4117 	3938 	4121
f 4123 	3940 	4127
f 3945 	4127 	3940
f 4354 	4429 	4477
f 3945 	4128 	4127
f 4128 	3944 	4133
f 4133 	3946 	4135
f 4135 	3947 	4102
f 8423 	4477 	4429
f 4286 	4255 	4025
f 4004 	4025 	4255
f 4035 	3955 	4157
f 3956 	4161 	3957
f 4157 	3955 	4160
f 3957 	4160 	3955
f 3961 	4176 	3962
f 4516 	6568 	4763
f 3971 	4192 	3972
f 3972 	4189 	3967
f 3979 	3978 	4216
f 3981 	4224 	3978
f 3981 	3980 	4225
f 4271 	3990 	4011
f 4003 	4243 	4001
f 4010 	4273 	4011
f 4572 	4516 	4804
f 4001 	4239 	4022
f 4022 	4282 	4018
f 4160 	3957 	4161
f 3962 	4173 	3956
f 4161 	3956 	4173
f 4173 	3962 	4176
f 3964 	4179 	4176
f 3964 	4176 	3961
f 3965 	4182 	4179
f 3965 	4179 	3964
f 3965 	3967 	4182
f 4186 	4182 	3967
f 4189 	3972 	4192
f 4189 	4186 	3967
f 4192 	3971 	4213
f 3977 	4213 	3971
f 3976 	4214 	3977
f 4213 	3977 	4214
f 4215 	3979 	4216
f 4214 	3976 	4215
f 3979 	4215 	3976
f 4216 	3978 	4224
f 4224 	3981 	4225
f 8393 	4830 	8392
f 3980 	3983 	4225
f 4228 	4225 	3983
f 3990 	4267 	3991
f 4228 	3983 	4232
f 3991 	4232 	3983
f 8425 	8409 	4832
f 4239 	4001 	4243
f 4002 	4244 	4003
f 4243 	4003 	4244
f 4244 	4004 	4255
f 4244 	4002 	4004
f 4232 	3991 	4267
f 8422 	8425 	4477
f 4267 	3990 	4271
f 4271 	4011 	4273
f 4273 	4010 	4274
f 4014 	4274 	4010
f 4835 	4696 	4830
f 8392 	4830 	4696
f 4013 	4275 	4014
f 4274 	4014 	4275
f 8390 	4830 	8391
f 4015 	4277 	4275
f 4015 	4275 	4013
f 4017 	4278 	4277
f 4017 	4277 	4015
f 4281 	4278 	4018
f 4017 	4018 	4278
f 4282 	4022 	4239
f 4281 	4018 	4282
f 4768 	4315 	4766
f 4772 	4768 	4771
f 4766 	4771 	4768
f 4768 	4759 	4315
f 4315 	4778 	4766
f 4763 	4766 	4778
f 4516 	4763 	4790
f 4818 	4790 	4763
f 4516 	4790 	4804
f 4763 	4778 	4818
f 4804 	4790 	4830
f 4835 	4822 	4832
f 4822 	4477 	4832
f 8393 	8391 	4830
f 4818 	4830 	4790
f 4818 	4778 	4830
f 4835 	4830 	4778
f 4822 	4835 	4778
f 4354 	4477 	4822
f 5242 	5227 	2972
f 2971 	2972 	5222
f 2979 	5242 	2980
f 5242 	2972 	2980
f 4897 	4899 	4895
f 4899 	4892 	4895
f 4904 	4893 	4923
f 4893 	6554 	4923
f 4901 	4928 	4926
f 4759 	4768 	4890
f 4902 	4928 	4901
f 4937 	4931 	4904
f 4937 	8346 	4931
f 4904 	4923 	4937
f 2979 	6658 	6656
f 8328 	8329 	4931
f 2979 	4901 	5325
f 2979 	6656 	4902
f 2979 	4902 	4901
f 2979 	5325 	5242
f 4030 	5222 	5231
f 5235 	4049 	5231
f 5034 	6100 	6028
f 3857 	5012 	5029
f 6228 	6235 	5035
f 5012 	5292 	5029
f 3857 	5029 	5035
f 6031 	6032 	2993
f 6030 	2993 	6028
f 5034 	6028 	2993
f 3853 	5034 	2993
f 3853 	5045 	5034
f 6291 	6287 	5292
f 5029 	5292 	6287
f 5045 	6236 	5034
f 3853 	3849 	5045
f 5035 	5045 	3857
f 3849 	3857 	5045
f 6594 	6595 	4926
f 6237 	6226 	5035
f 6228 	5035 	6226
f 6271 	6243 	5035
f 6101 	5034 	6103
f 6324 	6290 	5330
f 6364 	5330 	5091
f 6383 	6381 	5337
f 5292 	5330 	6290
f 5222 	2972 	5231
f 5235 	5231 	5234
f 5227 	5234 	5231
f 5231 	2972 	5227
f 5225 	5227 	5242
f 3849 	5227 	5225
f 5225 	3857 	3849
f 5225 	5012 	3857
f 5225 	5316 	5270
f 5012 	5225 	5270
f 5270 	5292 	5012
f 5270 	5316 	5292
f 5225 	5242 	5316
f 5337 	5242 	5325
f 4926 	5325 	4901
f 4926 	5337 	5325
f 5342 	5091 	5330
f 6378 	6380 	5337
f 5342 	5337 	6380
f 5330 	5316 	5342
f 5342 	5242 	5337
f 5316 	5330 	5292
f 5242 	5342 	5316
f 8284 	5752 	8288
f 4893 	5718 	4892
f 4895 	4892 	7839
f 7839 	8273 	4895
f 4893 	4904 	5744
f 5744 	4904 	4931
f 4893 	5744 	5718
f 5752 	5732 	5765
f 5718 	5765 	5732
f 5765 	5718 	5768
f 5744 	5768 	5718
f 5768 	5744 	4931
f 8299 	8303 	5768
f 8301 	8308 	5768
f 8269 	8358 	5752
f 5765 	8287 	5752
f 8288 	5752 	8287
f 5694 	8289 	5765
f 5939 	3268 	5938
f 5939 	5946 	3268
f 5988 	5989 	3272
f 5992 	3272 	5989
f 3272 	5991 	5988
f 5992 	5993 	3272
f 5991 	3272 	5995
f 3272 	5993 	3198
f 6043 	5995 	2999
f 6013 	6014 	2993
f 6015 	2993 	6032
f 6031 	2993 	6030
f 6013 	2993 	6015
f 6048 	6043 	2999
f 3272 	2999 	5995
f 6053 	2999 	2993
f 6054 	2999 	6053
f 2993 	6014 	6053
f 2999 	6054 	6048
f 6101 	6099 	5034
f 6100 	5034 	6099
f 6117 	6143 	6415
f 6144 	6415 	6143
f 6121 	6460 	6120
f 6122 	6124 	6125
f 6125 	6462 	6126
f 6149 	6460 	6144
f 6149 	6120 	6460
f 6287 	6280 	5029
f 6274 	6271 	5029
f 5045 	5035 	6235
f 5045 	6235 	6236
f 6237 	5035 	6243
f 6262 	5029 	6264
f 6271 	5035 	5029
f 6275 	5029 	6262
f 5029 	6275 	6276
f 5029 	6276 	6274
f 6264 	5029 	6280
f 5330 	6323 	6324
f 5292 	6290 	6291
f 6323 	5330 	6330
f 6342 	6103 	5034
f 5034 	6236 	6342
f 6361 	6330 	5330
f 5330 	6364 	6361
f 6378 	5337 	6381
f 5091 	5342 	6380
f 6406 	6144 	6405
f 6408 	6144 	6406
f 6403 	6405 	6144
f 6461 	6411 	6144
f 6403 	6144 	6411
f 6415 	6144 	6414
f 6115 	6116 	6415
f 6116 	6117 	6415
f 6463 	6464 	6121
f 6462 	6463 	6121
f 6144 	6460 	6461
f 6460 	6121 	6464
f 6466 	6479 	6124
f 6469 	6462 	6468
f 6125 	6468 	6462
f 6121 	6126 	6462
f 6478 	6479 	6466
f 6125 	6124 	6479
f 6125 	6479 	6468
f 4928 	6596 	4926
f 6595 	6600 	4926
f 6544 	6384 	5337
f 6543 	6544 	5337
f 6383 	5337 	6384
f 6598 	6543 	5337
f 6600 	6598 	4926
f 4892 	6545 	4893
f 4766 	6545 	4892
f 4763 	6545 	4766
f 4893 	6545 	6554
f 4923 	6554 	4937
f 6575 	6576 	4928
f 4937 	6554 	7548
f 6594 	4926 	6596
f 4763 	6568 	6545
f 6696 	6572 	4928
f 6573 	4928 	6572
f 6573 	6575 	4928
f 6577 	6572 	6696
f 6568 	4516 	4572
f 4766 	4892 	6580
f 6579 	4892 	6578
f 6577 	6696 	6582
f 6587 	4766 	6580
f 6584 	4766 	6587
f 6585 	6581 	4766
f 6578 	4892 	6589
f 6591 	4928 	6576
f 6588 	6589 	4892
f 4928 	6591 	6592
f 4928 	6592 	6596
f 6667 	6665 	4892
f 6584 	6585 	4766
f 5337 	4926 	6598
f 5222 	4012 	2971
f 6638 	6605 	4902
f 6601 	4766 	6604
f 6607 	6603 	4766
f 6603 	6604 	4766
f 4766 	6606 	6607
f 6618 	4766 	6623
f 4890 	4315 	4759
f 6625 	6622 	4766
f 4336 	6657 	6632
f 6627 	4766 	6626
f 4928 	4902 	6605
f 6689 	6634 	6703
f 6631 	4771 	6633
f 6582 	6696 	6640
f 6632 	6634 	4336
f 6696 	6641 	6643
f 6644 	6663 	6642
f 6646 	6663 	6645
f 6642 	6663 	6646
f 6651 	6648 	4771
f 6648 	6649 	4771
f 6649 	6645 	4771
f 6652 	6653 	6696
f 6653 	6641 	6696
f 6650 	4771 	6655
f 6650 	6651 	4771
f 6655 	4771 	6654
f 6656 	6638 	4902
f 6661 	6654 	4771
f 6660 	6661 	4771
f 4322 	6662 	6657
f 6629 	6630 	4771
f 6660 	4771 	6630
f 6662 	6751 	6657
f 6581 	6626 	4766
f 4322 	6664 	6662
f 6579 	6580 	4892
f 6662 	6748 	6751
f 6624 	6625 	4766
f 6622 	6623 	4766
f 6618 	6606 	4766
f 4766 	6601 	6599
f 4766 	6599 	6639
f 4766 	6639 	6635
f 6636 	4771 	6635
f 6633 	4771 	6636
f 6629 	4771 	6631
f 4771 	6645 	6663
f 4766 	6635 	4771
f 6627 	6624 	4766
f 4892 	6665 	6588
f 6668 	6669 	4892
f 6666 	4892 	6669
f 6751 	6632 	6657
f 6672 	6668 	4892
f 6666 	6667 	4892
f 6671 	4892 	6673
f 6672 	4892 	6671
f 6675 	4892 	6674
f 6673 	4892 	6675
f 4322 	8453 	6664
f 6677 	4892 	6676
f 6678 	4892 	6679
f 6680 	4899 	6683
f 6683 	4899 	6682
f 4324 	8097 	4325
f 8117 	4327 	4325
f 6658 	6686 	6691
f 6690 	4899 	6688
f 6687 	4899 	6690
f 6693 	4899 	6692
f 6688 	4899 	6693
f 6694 	7472 	6700
f 6695 	6704 	7472
f 6692 	4899 	6699
f 6699 	4899 	6697
f 6706 	6708 	7472
f 6706 	7472 	6704
f 6697 	4899 	6702
f 6652 	7472 	6708
f 6701 	4899 	6709
f 6707 	6716 	6711
f 6696 	4928 	6605
f 6710 	6716 	6713
f 3268 	6758 	7235
f 6691 	6656 	6658
f 6710 	6711 	6716
f 6709 	4899 	6707
f 6702 	4899 	6701
f 6716 	6707 	4899
f 6684 	4899 	6687
f 6684 	6682 	4899
f 6679 	4892 	6680
f 6676 	4892 	6678
f 6674 	4892 	6677
f 4899 	6680 	4892
f 4895 	4890 	4768
f 6728 	4768 	6727
f 6732 	7228 	6733
f 6722 	4895 	6721
f 6721 	4895 	6720
f 6696 	7486 	7560
f 6730 	6720 	4768
f 6728 	6730 	4768
f 6696 	7560 	7472
f 6731 	4895 	6723
f 6638 	6729 	6696
f 6634 	4429 	4336
f 6696 	6605 	6638
f 7228 	6745 	6733
f 6689 	4429 	6634
f 6723 	4895 	6722
f 6632 	6703 	6634
f 7228 	7235 	6745
f 6752 	6753 	7235
f 6746 	6745 	7235
f 6750 	4768 	6749
f 6746 	7235 	6753
f 6752 	7235 	6756
f 6754 	6755 	4768
f 6755 	6757 	4768
f 6638 	6656 	6691
f 6747 	6748 	6662
f 6638 	6691 	6729
f 6756 	7235 	6758
f 6664 	6747 	6662
f 6759 	4768 	6757
f 6760 	4768 	6759
f 6763 	3268 	6762
f 6758 	3268 	6763
f 2983 	6747 	6664
f 6765 	4768 	6764
f 6764 	4768 	6760
f 6670 	7630 	6761
f 6769 	4768 	6765
f 6769 	6770 	4768
f 6726 	4768 	6770
f 6703 	6632 	6751
f 6750 	6754 	4768
f 6670 	6761 	6658
f 6727 	4768 	6726
f 6761 	6686 	6658
f 6787 	4772 	6782
f 4768 	6796 	6749
f 6812 	6845 	6805
f 6825 	4772 	6824
f 6817 	4772 	6816
f 6827 	4772 	6825
f 6829 	4772 	6827
f 6824 	4772 	6817
f 6832 	4772 	6829
f 6834 	4772 	6832
f 6837 	4772 	6836
f 6836 	4772 	6834
f 6774 	4772 	6837
f 6813 	6845 	6812
f 6816 	4772 	6813
f 6843 	3268 	5946
f 6762 	3268 	6843
f 6803 	6805 	6845
f 6845 	6813 	4772
f 6774 	6782 	4772
f 4768 	4772 	6788
f 6792 	4768 	6788
f 6796 	4768 	6794
f 6792 	6794 	4768
f 6787 	6788 	4772
f 6849 	4895 	6731
f 6852 	4895 	6851
f 6851 	4895 	6849
f 6854 	4895 	6852
f 6855 	4895 	6854
f 6859 	4895 	6855
f 6860 	4895 	6859
f 4768 	6720 	4895
f 6432 	6115 	6415
f 6408 	6414 	6144
f 6865 	6873 	4895
f 6868 	6869 	6866
f 6869 	6871 	6866
f 6870 	6871 	6869
f 6862 	6905 	6871
f 6872 	6862 	6871
f 6874 	4895 	6873
f 6875 	6876 	4895
f 6877 	4895 	6876
f 6879 	4897 	6878
f 6885 	4897 	6881
f 6887 	6869 	6868
f 6888 	4897 	6885
f 6889 	4897 	6888
f 6892 	4897 	6889
f 6898 	4897 	6897
f 6899 	4897 	6898
f 6900 	4897 	6899
f 6904 	4897 	6903
f 6894 	6897 	4897
f 6862 	6432 	6415
f 6905 	6862 	6415
f 6866 	6871 	6905
f 6903 	4897 	6900
f 6907 	6916 	6906
f 6914 	6916 	6907
f 6874 	6875 	4895
f 6878 	4897 	6877
f 6881 	4897 	6879
f 6894 	4897 	6892
f 4895 	6877 	4897
f 6906 	6916 	6904
f 4897 	6904 	6916
f 6863 	4895 	6860
f 6864 	4895 	6863
f 6865 	4895 	6864
f 6663 	6845 	4772
f 6663 	4772 	4771
f 4899 	4897 	6716
f 6916 	6716 	4897
f 6579 	6721 	6580
f 6585 	6727 	6581
f 6726 	6581 	6727
f 6584 	6728 	6585
f 6730 	6587 	6720
f 6580 	6720 	6587
f 6730 	6584 	6587
f 6723 	6589 	6731
f 6720 	6580 	6721
f 6721 	6579 	6722
f 6578 	6722 	6579
f 6722 	6578 	6723
f 6589 	6723 	6578
f 6727 	6585 	6728
f 6728 	6584 	6730
f 6588 	6731 	6589
f 6644 	6803 	6663
f 6663 	6803 	6845
f 6601 	6796 	6599
f 6604 	6749 	6601
f 6606 	6755 	6607
f 6607 	6754 	6603
f 6618 	6757 	6606
f 6623 	6759 	6618
f 6624 	6765 	6625
f 6626 	6770 	6627
f 6765 	6624 	6769
f 6627 	6769 	6624
f 6633 	6782 	6631
f 6788 	6636 	6635
f 6636 	6787 	6633
f 6639 	6792 	6635
f 6817 	6649 	6648
f 6651 	6824 	6648
f 6817 	6648 	6824
f 6650 	6825 	6651
f 6661 	6832 	6654
f 6832 	6661 	6834
f 6660 	6834 	6661
f 6630 	6836 	6660
f 6630 	6629 	6837
f 6599 	6796 	6794
f 6603 	6750 	6604
f 6749 	6604 	6750
f 6796 	6601 	6749
f 6754 	6607 	6755
f 6603 	6754 	6750
f 6606 	6757 	6755
f 6757 	6618 	6759
f 6759 	6623 	6760
f 6622 	6760 	6623
f 6760 	6622 	6764
f 6764 	6622 	6625
f 6625 	6765 	6764
f 6769 	6627 	6770
f 6770 	6626 	6726
f 6581 	6726 	6626
f 6837 	6629 	6774
f 6631 	6782 	6774
f 6787 	6636 	6788
f 6782 	6633 	6787
f 6788 	6635 	6792
f 6792 	6639 	6794
f 6599 	6794 	6639
f 6644 	6642 	6803
f 6805 	6803 	6642
f 6646 	6812 	6642
f 6805 	6642 	6812
f 6812 	6646 	6813
f 6645 	6813 	6646
f 6816 	6649 	6817
f 6813 	6645 	6816
f 6649 	6816 	6645
f 6824 	6651 	6825
f 6654 	6829 	6655
f 6827 	6655 	6829
f 6655 	6827 	6650
f 6825 	6650 	6827
f 6654 	6832 	6829
f 6834 	6660 	6836
f 6836 	6630 	6837
f 6631 	6774 	6629
f 6916 	6914 	6716
f 6713 	6716 	6914
f 6731 	6588 	6665
f 6668 	6855 	6669
f 6854 	6669 	6855
f 6669 	6854 	6666
f 6672 	6859 	6668
f 6876 	6875 	6679
f 6877 	6876 	6680
f 6679 	6680 	6876
f 6683 	6878 	6680
f 6881 	6879 	6684
f 6709 	6903 	6701
f 6707 	6904 	6709
f 6665 	6849 	6731
f 6849 	6665 	6851
f 6667 	6851 	6665
f 6666 	6852 	6667
f 6851 	6667 	6852
f 6666 	6854 	6852
f 6671 	6860 	6672
f 6859 	6672 	6860
f 6855 	6668 	6859
f 6671 	6673 	6860
f 6863 	6860 	6673
f 6863 	6673 	6864
f 6675 	6864 	6673
f 6674 	6865 	6675
f 6864 	6675 	6865
f 6865 	6674 	6873
f 6677 	6873 	6674
f 6873 	6677 	6874
f 6676 	6874 	6677
f 6875 	6874 	6678
f 6676 	6678 	6874
f 6678 	6679 	6875
f 6877 	6680 	6878
f 6682 	6879 	6683
f 6878 	6683 	6879
f 6682 	6684 	6879
f 6881 	6684 	6687
f 6687 	6885 	6881
f 6688 	6889 	6690
f 6888 	6690 	6889
f 6885 	6687 	6888
f 6690 	6888 	6687
f 6692 	6894 	6693
f 6892 	6693 	6894
f 6889 	6688 	6892
f 6693 	6892 	6688
f 6894 	6692 	6897
f 6699 	6897 	6692
f 6697 	6898 	6699
f 6897 	6699 	6898
f 6701 	6900 	6702
f 6899 	6702 	6900
f 6702 	6899 	6697
f 6898 	6697 	6899
f 3038 	3041 	3230
f 3041 	3036 	3230
f 6900 	6701 	6903
f 6903 	6709 	6904
f 6710 	6907 	6711
f 6906 	6711 	6907
f 6904 	6707 	6906
f 6711 	6906 	6707
f 6713 	6914 	6710
f 6907 	6710 	6914
f 6545 	7549 	7553
f 8378 	8382 	4012
f 4012 	3230 	3036
f 7218 	8369 	7228
f 7235 	7228 	8369
f 3038 	7594 	7620
f 3038 	7609 	7594
f 3038 	7400 	7609
f 8369 	7218 	3038
f 7218 	7342 	7427
f 6732 	6734 	7228
f 3038 	7418 	7400
f 7218 	7418 	3038
f 7218 	7427 	7418
f 7427 	7560 	7418
f 7418 	7560 	7486
f 7472 	7427 	7342
f 3038 	7620 	7618
f 6734 	6700 	7228
f 7732 	7640 	7486
f 7731 	7733 	7486
f 7734 	7732 	7486
f 7400 	7486 	7484
f 7733 	7734 	7486
f 7484 	7609 	7400
f 7418 	7486 	7400
f 6686 	7486 	6691
f 8163 	8164 	7549
f 7472 	7342 	7228
f 7218 	7228 	7342
f 7553 	8176 	7548
f 7560 	7427 	7472
f 7472 	6694 	6695
f 7472 	7228 	6700
f 6554 	7553 	7548
f 6568 	4572 	7549
f 6647 	6640 	6696
f 6545 	7553 	6554
f 6643 	6647 	6696
f 6568 	7549 	6545
f 6696 	7472 	6652
f 7630 	6670 	2979
f 7630 	2979 	7631
f 7631 	2979 	7618
f 7642 	7484 	7486
f 7640 	7642 	7486
f 7640 	7732 	7620
f 7609 	7484 	7642
f 7620 	7594 	7640
f 7609 	7642 	7594
f 7640 	7594 	7642
f 6729 	6691 	7486
f 6761 	7731 	7486
f 6686 	6761 	7486
f 7486 	6696 	6729
f 7734 	7618 	7620
f 7732 	7734 	7620
f 7731 	6761 	7630
f 7733 	7731 	7631
f 7631 	7731 	7630
f 7733 	7631 	7618
f 7733 	7618 	7734
f 3038 	7618 	2979
f 7840 	7841 	7838
f 7839 	7838 	7841
f 7835 	4322 	7838
f 4320 	7838 	4322
f 7848 	7863 	7847
f 7847 	7863 	7846
f 7859 	7863 	7848
f 7863 	7859 	7856
f 7856 	7857 	7863
f 7857 	7865 	7863
f 7929 	7838 	7928
f 7928 	7838 	7865
f 7838 	4320 	7863
f 7941 	7868 	7871
f 7874 	7867 	7941
f 7941 	7867 	7868
f 7941 	7840 	7873
f 7873 	7874 	7941
f 7876 	7873 	7840
f 7875 	7876 	7840
f 7880 	7878 	7840
f 7888 	7879 	7840
f 7879 	7880 	7840
f 7899 	7888 	7840
f 7900 	7898 	7840
f 7898 	7899 	7840
f 7904 	7840 	7903
f 7907 	7838 	7910
f 7909 	7838 	7912
f 7917 	7838 	7920
f 7919 	7920 	7838
f 7921 	7922 	7838
f 7922 	7919 	7838
f 7925 	7921 	7838
f 7924 	7838 	7927
f 7926 	7838 	7929
f 7863 	7865 	7838
f 7926 	7927 	7838
f 7924 	7925 	7838
f 7917 	7914 	7838
f 7911 	7838 	7915
f 7914 	7915 	7838
f 7911 	7912 	7838
f 7909 	7910 	7838
f 7903 	7840 	7907
f 7838 	7907 	7840
f 7904 	7900 	7840
f 7878 	7875 	7840
f 7849 	7846 	7863
f 7987 	4327 	7949
f 7948 	4327 	7951
f 7954 	7950 	4327
f 7957 	7953 	4327
f 7953 	7954 	4327
f 4327 	7956 	7957
f 7968 	7962 	4327
f 7962 	7963 	4327
f 7963 	7956 	4327
f 7970 	7967 	4327
f 7974 	7969 	4327
f 7969 	7970 	4327
f 4327 	7998 	7973
f 7984 	4320 	7985
f 7982 	7996 	4320
f 7985 	4320 	7986
f 7986 	4320 	7987
f 7851 	7863 	7988
f 7849 	7863 	7851
f 7991 	7863 	7990
f 7992 	7990 	4320
f 7863 	4320 	7990
f 7988 	7863 	7991
f 7993 	7994 	4320
f 7994 	7992 	4320
f 7984 	7982 	4320
f 7997 	7993 	4320
f 7996 	7997 	4320
f 7975 	7976 	7998
f 7979 	7975 	7998
f 7976 	7973 	7998
f 7973 	7974 	4327
f 7967 	7968 	4327
f 7950 	7951 	4327
f 7949 	4327 	7948
f 4327 	7987 	4320
f 8003 	4324 	8002
f 7839 	8001 	4324
f 8005 	4324 	8003
f 8014 	8001 	7839
f 8002 	4324 	8001
f 8011 	8014 	7839
f 8022 	8011 	7839
f 8021 	8022 	7839
f 8067 	8021 	7839
f 8029 	8068 	8028
f 8025 	8028 	8068
f 8024 	8025 	8068
f 8030 	7841 	8029
f 8031 	7841 	8030
f 8033 	7841 	8031
f 8034 	7841 	8033
f 8035 	7841 	8034
f 8037 	7841 	8035
f 8038 	7841 	8037
f 8045 	8046 	7841
f 7839 	7841 	8046
f 8044 	7841 	8041
f 8048 	7839 	8047
f 8057 	7839 	8056
f 8061 	7839 	8060
f 8062 	7839 	8061
f 8063 	7839 	8062
f 8064 	7839 	8063
f 8066 	7839 	8065
f 8044 	8045 	7841
f 8046 	8047 	7839
f 8048 	8051 	7839
f 7839 	8051 	8052
f 8055 	7839 	8054
f 8052 	8054 	7839
f 8055 	8056 	7839
f 7839 	8057 	8058
f 8058 	8060 	7839
f 8064 	8065 	7839
f 8067 	7839 	8066
f 8039 	7841 	8038
f 8039 	8041 	7841
f 8068 	8029 	7841
f 8107 	4324 	8006
f 4324 	8005 	8006
f 8075 	4325 	8074
f 8076 	4325 	8075
f 8077 	4325 	8076
f 8073 	4325 	8072
f 8074 	4325 	8073
f 8079 	4325 	8077
f 8117 	4325 	8084
f 8083 	8084 	4325
f 8085 	8117 	8084
f 8117 	8085 	8088
f 8087 	8088 	8086
f 8086 	8088 	8085
f 8097 	4324 	8096
f 8110 	4324 	8109
f 8109 	4324 	8107
f 8111 	4324 	8110
f 8112 	4324 	8111
f 8113 	4324 	8112
f 8115 	4324 	8114
f 8114 	4324 	8113
f 8091 	4324 	8116
f 8093 	4324 	8091
f 4324 	8115 	8116
f 8093 	8096 	4324
f 8102 	4325 	8097
f 8103 	4325 	8102
f 8105 	4325 	8103
f 8071 	4325 	8105
f 8072 	4325 	8071
f 8080 	8081 	4325
f 8081 	8082 	4325
f 8082 	8083 	4325
f 8079 	8080 	4325
f 7841 	7840 	7941
f 7841 	7941 	8068
f 8117 	7998 	4327
f 8001 	7848 	8002
f 7847 	8002 	7848
f 8002 	7847 	8003
f 7846 	8003 	7847
f 7849 	8005 	7846
f 8003 	7846 	8005
f 8006 	7851 	8107
f 8005 	7849 	8006
f 7851 	8006 	7849
f 7856 	8011 	7857
f 8022 	7857 	8011
f 7848 	8001 	7859
f 8014 	7859 	8001
f 7859 	8014 	7856
f 8011 	7856 	8014
f 8021 	7865 	8022
f 7857 	8022 	7865
f 8068 	7941 	8123
f 8024 	8068 	8123
f 7871 	8123 	7941
f 7876 	8030 	7873
f 8033 	8031 	7878
f 7879 	8035 	7880
f 8033 	7878 	8034
f 7880 	8034 	7878
f 8046 	7907 	8047
f 7910 	8047 	7907
f 7909 	8048 	7910
f 7912 	8051 	7909
f 8056 	8055 	7917
f 7920 	8057 	7917
f 7922 	8060 	7919
f 7921 	8061 	7922
f 7924 	8063 	7925
f 8062 	7921 	7925
f 7929 	7928 	8067
f 7865 	8067 	7928
f 8025 	8123 	7867
f 7868 	7867 	8123
f 8123 	8025 	8024
f 7868 	8123 	7871
f 8025 	7867 	8028
f 7874 	8028 	7867
f 7873 	8029 	7874
f 8028 	7874 	8029
f 8029 	7873 	8030
f 7875 	8031 	7876
f 8030 	7876 	8031
f 7875 	7878 	8031
f 8034 	7880 	8035
f 7879 	7888 	8035
f 8037 	8035 	7888
f 8037 	7888 	8038
f 7899 	8038 	7888
f 7898 	8039 	7899
f 8038 	7899 	8039
f 8039 	7900 	8041
f 7900 	8039 	7898
f 8045 	7904 	7903
f 7904 	8044 	7900
f 8044 	7904 	8045
f 8041 	7900 	8044
f 7903 	7907 	8045
f 8046 	8045 	7907
f 8187 	4572 	8189
f 8047 	7910 	8048
f 7911 	8052 	7912
f 8051 	7912 	8052
f 8048 	7909 	8051
f 8155 	7549 	8154
f 8052 	7911 	8054
f 7915 	8054 	7911
f 8184 	8185 	4572
f 8187 	8184 	4572
f 7914 	8055 	7915
f 8054 	7915 	8055
f 7914 	7917 	8055
f 8155 	8160 	7549
f 8160 	8165 	7549
f 7919 	8058 	7920
f 8057 	7920 	8058
f 7553 	7549 	8164
f 8056 	7917 	8057
f 8060 	8058 	7919
f 8060 	7922 	8061
f 8163 	7549 	8165
f 8062 	7925 	8063
f 7553 	8164 	8169
f 7553 	8169 	8170
f 8170 	8176 	7553
f 8061 	7921 	8062
f 7927 	8064 	7924
f 8063 	7924 	8064
f 7926 	8065 	7927
f 8064 	7927 	8065
f 8066 	7929 	8067
f 8065 	7926 	8066
f 7929 	8066 	7926
f 7865 	8021 	8067
f 8208 	7548 	8176
f 7979 	7998 	8178
f 7998 	8117 	8178
f 8088 	8178 	8117
f 8107 	7851 	7988
f 8087 	8178 	8088
f 8189 	4572 	8363
f 7549 	4572 	8197
f 8185 	8197 	4572
f 8197 	8154 	7549
f 8072 	7950 	7954
f 7953 	8073 	7954
f 8082 	7970 	7969
f 8200 	4937 	8199
f 7548 	8204 	8205
f 8082 	7969 	8083
f 7974 	8083 	7969
f 7973 	8084 	7974
f 7548 	8206 	8204
f 7975 	8086 	7976
f 8205 	8199 	7548
f 7976 	8085 	7973
f 4937 	7548 	8199
f 8321 	4937 	8202
f 8202 	4937 	8201
f 8201 	4937 	8200
f 8091 	7982 	7984
f 7985 	8093 	7984
f 8102 	7949 	8103
f 7991 	8109 	7988
f 7990 	7992 	8111
f 7548 	8208 	8210
f 7993 	8113 	7994
f 8210 	8207 	7548
f 8206 	7548 	8207
f 8111 	7992 	8112
f 7994 	8112 	7992
f 8114 	7993 	7997
f 7996 	8115 	7997
f 7951 	7950 	8071
f 8071 	7950 	8072
f 8072 	7954 	8073
f 8074 	7957 	8075
f 7956 	8075 	7957
f 7957 	8074 	7953
f 8073 	7953 	8074
f 7962 	8077 	7963
f 8076 	7963 	8077
f 7963 	8076 	7956
f 8075 	7956 	8076
f 7968 	8079 	7962
f 8077 	7962 	8079
f 8079 	7968 	8080
f 7967 	8080 	7968
f 8081 	7970 	8082
f 8080 	7967 	8081
f 8081 	7967 	7970
f 6689 	8413 	3077
f 8236 	8235 	8413
f 8231 	8413 	8235
f 8239 	8236 	8413
f 8239 	8413 	8240
f 8083 	7974 	8084
f 8085 	7976 	8086
f 7973 	8085 	8084
f 8244 	8413 	8243
f 8086 	7975 	8178
f 7979 	8178 	7975
f 8086 	8178 	8087
f 8091 	7984 	8093
f 8093 	7985 	8096
f 7986 	8096 	7985
f 8096 	7986 	8097
f 7987 	8097 	7986
f 8097 	7987 	8102
f 7949 	8102 	7987
f 7948 	8103 	7949
f 8105 	7951 	8071
f 7951 	8105 	7948
f 8103 	7948 	8105
f 8107 	7988 	8109
f 7990 	8110 	7991
f 8109 	7991 	8110
f 8111 	8110 	7990
f 8112 	7994 	8113
f 8243 	8360 	8264
f 8263 	8264 	8360
f 8262 	8263 	8360
f 8262 	8360 	8261
f 8113 	7993 	8114
f 8114 	7997 	8115
f 8269 	8270 	8358
f 7982 	8116 	7996
f 8115 	7996 	8116
f 8272 	8274 	8358
f 8270 	8272 	8358
f 8360 	8267 	8261
f 8116 	7982 	8091
f 8269 	5752 	8268
f 8285 	8268 	5752
f 4890 	4895 	8273
f 8267 	8358 	8266
f 8274 	8266 	8358
f 5718 	7839 	4892
f 7839 	5718 	7838
f 7835 	7838 	5718
f 4324 	4315 	7839
f 5752 	8284 	8285
f 8287 	5765 	8289
f 8380 	8377 	8293
f 8360 	8380 	8293
f 8330 	4931 	8339
f 8328 	4931 	8330
f 5768 	4931 	8296
f 5768 	8296 	8297
f 5768 	8297 	8298
f 8298 	8299 	5768
f 8300 	8301 	5768
f 5765 	5768 	8308
f 8303 	8300 	5768
f 5694 	5765 	8308
f 4937 	8321 	8327
f 4937 	8327 	8346
f 8339 	4931 	8346
f 8296 	4931 	8329
f 7835 	5732 	4872
f 5732 	7835 	5718
f 4872 	8293 	7835
f 8448 	8452 	7835
f 4872 	8358 	8293
f 4872 	5732 	8358
f 5752 	8358 	5732
f 8368 	8371 	4804
f 8371 	8372 	4804
f 8363 	4572 	8362
f 8360 	8243 	8413
f 3038 	3230 	3236
f 8293 	8358 	8360
f 8366 	8365 	4572
f 8362 	4572 	8365
f 8369 	3038 	3236
f 4804 	8367 	8368
f 8387 	8370 	4830
f 8386 	8387 	4830
f 4804 	8370 	8367
f 8389 	8388 	4830
f 8273 	7839 	4315
f 8372 	8374 	4804
f 7235 	3236 	3268
f 4572 	4804 	8374
f 8374 	8373 	4572
f 8366 	4572 	8373
f 3236 	7235 	8369
f 3230 	4012 	8379
f 8383 	8384 	8382
f 8384 	8379 	8382
f 8381 	3230 	8379
f 8382 	8379 	4012
f 4012 	5222 	8378
f 5222 	4030 	8378
f 8382 	8378 	4030
f 4804 	4830 	8370
f 3853 	2962 	8381
f 8386 	4830 	8388
f 2966 	3259 	8381
f 4830 	8390 	8389
f 7835 	8405 	8403
f 3272 	3259 	2999
f 4286 	4025 	8383
f 8384 	8383 	4025
f 3849 	8381 	8379
f 3853 	8381 	3849
f 8405 	7835 	8293
f 2966 	8381 	2962
f 8405 	8293 	8377
f 8407 	8408 	4832
f 8409 	8407 	4832
f 4835 	4832 	8411
f 8408 	8411 	4832
f 8421 	8422 	4477
f 4835 	8411 	4696
f 4832 	4477 	8425
f 4477 	8423 	8424
f 8424 	8421 	4477
f 8267 	8360 	8358
f 8413 	8420 	8380
f 8405 	8377 	8420
f 3006 	3009 	4429
f 4429 	3010 	8423
f 3006 	4429 	2997
f 2995 	2997 	4429
f 8360 	8413 	8380
f 8377 	8380 	8420
f 8426 	8465 	8427
f 8463 	8464 	8426
f 8466 	8463 	8426
f 8464 	8465 	8426
f 6747 	8426 	6748
f 8405 	8426 	8403
f 8426 	8427 	8403
f 8426 	6703 	6751
f 8405 	8420 	8426
f 8426 	6751 	6748
f 8273 	4315 	4890
f 8448 	7835 	8449
f 7835 	8451 	8449
f 7835 	8403 	8451
f 8403 	8427 	8451
f 8453 	4322 	8455
f 8453 	2983 	6664
f 2981 	2983 	8455
f 2981 	8455 	8452
f 4322 	7835 	8452
f 8455 	4322 	8452
f 8231 	3108 	8413
f 6689 	8420 	8413
f 8240 	8413 	8244
f 3043 	3044 	6689
f 3108 	3077 	8413
f 6703 	8426 	6689
f 8426 	8420 	6689
f 8426 	2981 	8466
f 6747 	2983 	8426
f 2983 	2981 	8426
f 8463 	8448 	8464
f 8451 	8427 	8465
f 8449 	8464 	8448
f 8465 	8464 	8449
f 8449 	8451 	8465
f 8448 	8463 	8466
f 8466 	8452 	8448
f 8466 	2981 	8452
# 1810 faces

g group_4_7720667

usemtl color_7720667
s 0

f 2952 	2953 	2954
f 2952 	2954 	2955
f 4780 	2967 	2968
f 2957 	2956 	2958
f 2952 	2955 	2958
f 2957 	2958 	2955
f 4254 	4253 	2960
f 2973 	4781 	2978
f 2978 	4781 	2968
f 2970 	2976 	2961
f 4801 	2988 	2990
f 4801 	2990 	2989
f 4801 	2989 	3012
f 3012 	2989 	2991
f 2991 	2992 	3012
f 2992 	2994 	3012
f 2994 	2998 	3012
f 3004 	3012 	2998
f 3000 	4260 	2987
f 4263 	4262 	3014
f 3020 	3017 	3019
f 3020 	3018 	3017
f 3019 	3029 	3020
f 3015 	3025 	4263
f 3031 	3029 	3019
f 3035 	3029 	3031
f 3014 	3015 	4263
f 3022 	4802 	3012
f 5074 	6254 	3011
f 5072 	3011 	5069
f 3031 	3040 	3035
f 3016 	5081 	3024
f 4803 	3023 	4805
f 3069 	4806 	3062
f 7138 	4888 	5282
f 3110 	3112 	3113
f 3113 	3118 	3110
f 3110 	3118 	3122
f 3127 	3122 	3118
f 3127 	3128 	3200
f 3128 	3202 	3204
f 3295 	4809 	3097
f 3121 	3140 	4218
f 3153 	4220 	3140
f 3151 	4220 	3153
f 3160 	3157 	3140
f 3153 	3140 	3157
f 4787 	4786 	3196
f 3065 	4221 	3068
f 3200 	3122 	3127
f 3170 	3169 	4787
f 3196 	3170 	4787
f 3200 	3128 	3204
f 3208 	3204 	3202
f 3202 	3216 	3208
f 3216 	3223 	3225
f 3225 	3208 	3216
f 4230 	4227 	3071
f 3082 	4230 	3071
f 3237 	3225 	3223
f 4817 	4829 	3175
f 3250 	3237 	3223
f 3250 	3307 	3237
f 4240 	4238 	3087
f 3086 	8419 	4240
f 4314 	4316 	3285
f 3291 	3292 	3285
f 3285 	3287 	4314
f 4319 	4314 	3287
f 3284 	3285 	3279
f 3250 	3306 	3307
f 3312 	3307 	3317
f 3306 	3317 	3307
f 3327 	3324 	3317
f 3312 	3317 	3324
f 3324 	3327 	3018
f 3017 	3018 	3327
f 4811 	3305 	4812
f 3365 	3366 	3367
f 3369 	3370 	3367
f 3365 	3367 	3370
f 3370 	3384 	3365
f 3365 	3371 	3372
f 3378 	3676 	3377
f 3374 	3377 	3676
f 3379 	3676 	3378
f 3380 	3676 	3379
f 3381 	3676 	3380
f 3371 	3365 	3384
f 3385 	3676 	3381
f 3387 	3676 	3385
f 3388 	3676 	3387
f 3391 	3676 	3388
f 3397 	3676 	3396
f 3396 	3676 	3391
f 3365 	3372 	3399
f 3398 	3399 	3372
f 3398 	3372 	3400
f 3398 	3400 	3401
f 3450 	3676 	3404
f 3397 	3404 	3676
f 3411 	7069 	3409
f 3414 	7069 	3411
f 3415 	3416 	7069
f 3416 	3417 	7069
f 3420 	3421 	7069
f 3421 	3423 	7069
f 3427 	3676 	3423
f 3429 	3676 	3427
f 7067 	7069 	3423
f 3429 	3374 	3676
f 7067 	3423 	3676
f 3417 	3420 	7069
f 3436 	3676 	3435
f 3702 	3443 	7639
f 3433 	3676 	3451
f 3451 	3676 	3450
f 3460 	3462 	7639
f 3456 	3460 	7639
f 3504 	3507 	7639
f 3462 	3504 	7639
f 3507 	3509 	7639
f 3509 	3513 	7639
f 5230 	5232 	7428
f 3409 	7241 	3468
f 3467 	3468 	7241
f 3486 	3011 	3485
f 5455 	7376 	5451
f 3489 	3008 	3486
f 3496 	7523 	3495
f 3465 	7242 	3464
f 3499 	7255 	3496
f 3464 	7243 	3499
f 3495 	7510 	3490
f 3515 	3516 	7639
f 3513 	3515 	7639
f 3516 	3524 	7639
f 3524 	3525 	7639
f 7395 	5527 	7398
f 3530 	3532 	7639
f 3525 	3527 	7639
f 3532 	3537 	7639
f 3537 	6266 	7653
f 7653 	7639 	3537
f 3540 	6261 	3537
f 7653 	6268 	7652
f 3542 	6259 	3540
f 3546 	6263 	3542
f 3548 	6281 	3547
f 3547 	6284 	3546
f 3550 	6258 	3549
f 3549 	6249 	3548
f 3257 	4842 	3252
f 3480 	6257 	3550
f 4841 	3559 	3252
f 3483 	6256 	3480
f 3485 	6254 	3483
f 3490 	3005 	3489
f 3265 	3252 	3559
f 3273 	3265 	3559
f 3278 	3273 	3559
f 7652 	6268 	7651
f 7242 	3465 	7241
f 3467 	7241 	3465
f 3414 	3415 	7069
f 7364 	5194 	7368
f 3559 	4841 	3545
f 3264 	4844 	3256
f 3586 	4845 	3563
f 4845 	4844 	3563
f 3927 	3926 	3302
f 3586 	3585 	4845
f 3948 	3922 	3331
f 4855 	4853 	3579
f 5277 	3388 	3387
f 3363 	3989 	3988
f 3363 	3988 	3364
f 3988 	3987 	3364
f 7341 	7340 	5247
f 3417 	3416 	5881
f 7341 	5247 	5251
f 5881 	5883 	3417
f 3909 	3290 	3910
f 3910 	3290 	3289
f 3908 	3294 	3293
f 5901 	3374 	3429
f 3908 	3293 	3909
f 3290 	3909 	3293
f 5901 	3429 	5896
f 4828 	4827 	3177
f 5907 	3378 	5905
f 5009 	7380 	5008
f 3378 	5910 	3379
f 3379 	5911 	3380
f 3927 	3302 	3301
f 3925 	3942 	3315
f 3420 	3417 	5883
f 3340 	3919 	3343
f 5883 	5887 	3420
f 3343 	3918 	3344
f 3344 	3917 	3345
f 3958 	3916 	3345
f 3427 	5896 	3429
f 4197 	4196 	3356
f 7466 	7465 	5257
f 7470 	7466 	5263
f 5310 	5314 	3415
f 3529 	3530 	7639
f 3433 	3435 	3676
f 3427 	3423 	5896
f 3443 	3453 	7639
f 3455 	3456 	7639
f 3453 	3455 	7639
f 4112 	3390 	3389
f 3406 	4437 	3407
f 3527 	3529 	7639
f 3700 	3702 	7639
f 3442 	3700 	7639
f 4441 	3413 	4438
f 4149 	3299 	4148
f 3298 	4148 	3299
f 3717 	6008 	7645
f 3726 	7645 	6008
f 3385 	5274 	3387
f 3716 	7645 	3719
f 3426 	3299 	4149
f 5955 	3675 	3726
f 3717 	7645 	3716
f 7646 	5628 	7645
f 3741 	3676 	3737
f 4210 	4207 	3461
f 3742 	3676 	3741
f 3746 	3676 	3742
f 3459 	4210 	3461
f 3747 	3676 	3746
f 3748 	3676 	3747
f 4207 	4206 	3463
f 3749 	3676 	3748
f 4206 	4234 	3471
f 3750 	3676 	3749
f 3756 	3676 	3755
f 3465 	5301 	3467
f 3719 	3443 	3702
f 3761 	3676 	3757
f 3468 	3467 	5302
f 5301 	5302 	3467
f 3763 	3676 	3762
f 3409 	3468 	5304
f 5302 	5303 	3468
f 3442 	3717 	3700
f 5304 	5305 	3409
f 3719 	3702 	3716
f 3700 	3716 	3702
f 3353 	3491 	4258
f 3775 	3067 	3774
f 4258 	4198 	3353
f 3356 	3353 	4197
f 3778 	3067 	3775
f 3716 	3700 	3717
f 3782 	3067 	3778
f 3770 	3774 	3067
f 3784 	3067 	3782
f 3786 	3067 	3784
f 3787 	3788 	3067
f 3676 	3067 	3789
f 3788 	3789 	3067
f 3737 	3676 	3789
f 3768 	3770 	3067
f 3767 	3768 	3067
f 6008 	3436 	6009
f 4438 	3407 	4437
f 3798 	3676 	3796
f 6008 	3442 	3436
f 3801 	3676 	3798
f 3802 	3676 	3801
f 3763 	3796 	3676
f 4071 	3297 	3296
f 3806 	3676 	3805
f 3808 	3676 	3806
f 3297 	4140 	3298
f 3810 	3676 	3809
f 3809 	3676 	3808
f 3804 	3805 	3676
f 3811 	7063 	3810
f 3430 	4169 	3383
f 3812 	7063 	3811
f 3817 	7024 	3816
f 4578 	4577 	3444
f 3819 	3067 	3817
f 3820 	3067 	3819
f 3816 	7024 	3814
f 3454 	4598 	3459
f 3463 	3461 	4207
f 3465 	5300 	5301
f 3767 	3067 	3824
f 3823 	3824 	3067
f 4598 	4574 	3459
f 3825 	3067 	3820
f 3826 	3067 	3825
f 3822 	3067 	3826
f 3471 	3463 	4206
f 3830 	7063 	3828
f 4204 	3476 	3474
f 3831 	7063 	3830
f 4203 	4202 	3482
f 3832 	7063 	3831
f 3482 	3476 	4203
f 4204 	4203 	3476
f 3833 	7063 	3832
f 3834 	6983 	3833
f 3837 	6982 	3834
f 3838 	6982 	3837
f 3842 	7025 	3841
f 3841 	7025 	3840
f 3840 	7025 	3838
f 5433 	3495 	3490
f 3844 	7024 	3842
f 3845 	7024 	3844
f 5323 	5299 	3499
f 5323 	3499 	3496
f 3301 	3300 	3933
f 3929 	3933 	3300
f 3814 	7024 	3850
f 3303 	3302 	3926
f 3850 	7024 	3848
f 3848 	7024 	3845
f 5578 	3462 	3460
f 3926 	3925 	3303
f 3315 	3303 	3925
f 3320 	3315 	3942
f 3067 	7024 	3817
f 3823 	3067 	3822
f 3786 	3787 	3067
f 3750 	3755 	3676
f 3756 	3757 	3676
f 3761 	3762 	3676
f 3942 	3924 	3320
f 3948 	3331 	3325
f 3804 	3676 	3802
f 3827 	7063 	3812
f 3676 	3810 	7063
f 3827 	3828 	7063
f 3334 	3920 	3340
f 3918 	3343 	3919
f 3346 	3914 	3282
f 3912 	3282 	3914
f 3346 	3345 	3916
f 3911 	3288 	3912
f 3282 	3912 	3288
f 3288 	3911 	3289
f 3289 	3966 	3910
f 3294 	4072 	3296
f 3456 	5569 	3460
f 3989 	3363 	3361
f 3987 	3986 	3373
f 3373 	3364 	3987
f 3930 	3929 	3375
f 3737 	4497 	3741
f 4500 	3742 	4498
f 3516 	5602 	3524
f 3300 	3375 	3929
f 5608 	3525 	3524
f 3928 	3927 	3301
f 3301 	3933 	3928
f 3924 	3923 	3320
f 3325 	3320 	3923
f 3325 	3923 	3948
f 3920 	3334 	3921
f 3333 	3921 	3334
f 3333 	3922 	3921
f 3333 	3331 	3922
f 3549 	5401 	3550
f 3919 	3340 	3920
f 3344 	3918 	3917
f 4539 	4542 	3782
f 3958 	3345 	3917
f 5401 	5408 	3550
f 5413 	3483 	3480
f 3914 	3346 	3916
f 5413 	5415 	3483
f 4553 	3789 	3788
f 3435 	6009 	3436
f 3289 	3911 	3966
f 3433 	6007 	3435
f 3974 	3975 	7833
f 3975 	3984 	7833
f 3973 	3974 	7833
f 3907 	3294 	3908
f 4037 	3984 	3975
f 3995 	3996 	3994
f 3993 	3994 	3996
f 3993 	3996 	3997
f 3993 	3997 	3998
f 3993 	3998 	3999
f 3993 	3999 	4000
f 3992 	3989 	3361
f 3375 	3373 	3986
f 3986 	3930 	3375
f 4098 	3382 	4101
f 3383 	4101 	3382
f 4098 	3386 	3382
f 3386 	4107 	3389
f 3390 	4427 	3392
f 4247 	3812 	4245
f 4430 	3402 	4428
f 3411 	3409 	5305
f 5305 	5308 	3411
f 3426 	4166 	3430
f 5418 	5425 	3486
f 4101 	3383 	4169
f 5433 	5320 	3495
f 4028 	4348 	4027
f 3287 	4026 	4348
f 4026 	4027 	4348
f 4576 	4575 	3449
f 4036 	4038 	3205
f 4574 	4212 	3459
f 3474 	4205 	4204
f 4234 	4205 	3474
f 3484 	3482 	4202
f 3207 	3205 	4038
f 4202 	4199 	3484
f 3491 	4199 	4258
f 4197 	3353 	4198
f 4196 	4194 	3358
f 4194 	4268 	3360
f 3465 	3464 	5300
f 4036 	2954 	2953
f 4038 	4036 	2953
f 4065 	3205 	4064
f 4068 	3205 	4065
f 3414 	3411 	5308
f 4069 	3205 	4068
f 4070 	3205 	4069
f 3768 	3767 	4167
f 4074 	3205 	4073
f 4073 	3205 	4070
f 3415 	3414 	5310
f 5308 	5310 	3414
f 4077 	3205 	4074
f 4078 	3205 	4077
f 4083 	3205 	4082
f 4082 	3205 	4078
f 4564 	4565 	4086
f 4088 	4564 	4086
f 4089 	4564 	4088
f 4120 	4122 	4550
f 4094 	4562 	4091
f 5323 	3496 	5326
f 4107 	3386 	4098
f 4112 	3389 	4107
f 3205 	4110 	4064
f 4547 	4549 	4122
f 4549 	4550 	4122
f 4546 	4547 	4122
f 4112 	4427 	3390
f 4541 	4546 	4122
f 4753 	4541 	4122
f 3907 	4072 	3294
f 4126 	4130 	4753
f 4071 	3296 	4072
f 4132 	4753 	4131
f 4134 	4753 	4132
f 4130 	4131 	4753
f 4062 	3297 	4063
f 4140 	3297 	4062
f 4071 	4063 	3297
f 5590 	3513 	3509
f 4137 	4753 	4139
f 4139 	4753 	4134
f 4096 	4753 	4137
f 4062 	4095 	4140
f 3802 	4138 	4143
f 4142 	8257 	4141
f 4147 	8257 	4142
f 4150 	8257 	4147
f 4145 	3804 	4143
f 4148 	3298 	4140
f 4153 	3805 	4146
f 4155 	3205 	4154
f 4158 	3806 	4153
f 3426 	4149 	4166
f 4163 	3205 	4162
f 4162 	3205 	4159
f 4110 	3205 	4163
f 4097 	4168 	4753
f 4169 	3430 	4166
f 4171 	3320 	4168
f 4172 	3320 	4171
f 4177 	3303 	4174
f 3774 	3770 	4175
f 3774 	4175 	4181
f 4180 	3301 	4178
f 5615 	3532 	3530
f 4183 	3375 	4180
f 4178 	3301 	4177
f 3811 	4245 	3812
f 4184 	3364 	4183
f 4185 	3364 	4184
f 4195 	3822 	4193
f 4201 	3361 	4200
f 4200 	3361 	4185
f 4211 	3358 	4208
f 4208 	3358 	4201
f 5389 	3542 	3540
f 4257 	3827 	4247
f 4218 	3356 	4211
f 4220 	3356 	4218
f 4222 	3356 	4221
f 4221 	3356 	4220
f 4210 	3459 	4212
f 4226 	8249 	4222
f 4227 	8249 	4226
f 5404 	5400 	3548
f 4230 	8249 	4227
f 4235 	8249 	4231
f 3474 	3471 	4234
f 4240 	8249 	4238
f 4240 	4242 	8249
f 5415 	5418 	3485
f 4250 	8257 	4242
f 5419 	5420 	3489
f 4253 	8257 	4252
f 4252 	8257 	4250
f 3489 	3486 	5419
f 3491 	3484 	4199
f 4254 	8257 	4253
f 4256 	8257 	4254
f 4260 	8257 	4259
f 4259 	8257 	4256
f 4263 	8257 	4262
f 4262 	8257 	4260
f 3358 	3356 	4196
f 4236 	8249 	4235
f 4238 	8249 	4236
f 3360 	3358 	4194
f 3361 	3360 	4268
f 3320 	3325 	4753
f 4191 	3992 	3361
f 4272 	3833 	4270
f 4268 	4191 	3361
f 4270 	3833 	4269
f 3289 	4823 	3288
f 3288 	4823 	3282
f 3290 	4862 	3289
f 4296 	4299 	3816
f 3293 	4856 	3290
f 3294 	4856 	3293
f 3296 	4853 	3294
f 3814 	4296 	3816
f 3298 	3299 	4846
f 3299 	3426 	4846
f 4445 	3505 	3418
f 3426 	3430 	4846
f 3331 	4753 	3325
f 3303 	4177 	3302
f 3334 	4753 	3333
f 3333 	4753 	3331
f 3334 	3340 	4753
f 3345 	4753 	3344
f 3340 	3343 	4753
f 3346 	4824 	3345
f 3282 	4824 	3346
f 3343 	3344 	4753
f 3541 	4519 	3543
f 3361 	4201 	3360
f 3360 	4201 	3358
f 3363 	4185 	3361
f 3364 	4185 	3363
f 3373 	4183 	3364
f 3375 	4183 	3373
f 3300 	4180 	3375
f 3358 	4211 	3356
f 4217 	3820 	4305
f 5384 	5385 	3537
f 3301 	4180 	3300
f 3302 	4177 	3301
f 3320 	4172 	3315
f 3315 	4172 	3303
f 3540 	5386 	5389
f 4468 	4467 	3556
f 5389 	5391 	3542
f 3386 	2955 	3382
f 3390 	2955 	3389
f 5394 	5396 	3547
f 3405 	2955 	3402
f 3406 	3407 	2955
f 3406 	2955 	3405
f 3392 	3402 	2955
f 3413 	2955 	3407
f 3418 	2955 	3413
f 3392 	2955 	3390
f 3548 	5396 	5404
f 3561 	4464 	4472
f 3561 	4472 	3562
f 4472 	4570 	3562
f 3480 	5408 	5413
f 2955 	4846 	3383
f 3383 	3382 	2955
f 3438 	3437 	4579
f 3486 	3485 	5418
f 3437 	8228 	3434
f 3438 	8228 	3437
f 3444 	8228 	3438
f 3444 	3438 	4578
f 3446 	8228 	3444
f 3449 	8228 	3446
f 3459 	8241 	3454
f 3454 	8241 	3449
f 3461 	8241 	3459
f 3463 	8241 	3461
f 3471 	8246 	3463
f 3474 	8246 	3471
f 3476 	8246 	3474
f 3405 	4433 	3406
f 3484 	3491 	8250
f 3491 	3353 	8250
f 3353 	3356 	8250
f 3413 	4441 	3418
f 8249 	8250 	3356
f 3511 	4340 	3505
f 3512 	4334 	3511
f 3505 	2955 	3418
f 3520 	4333 	3519
f 3519 	4333 	3512
f 3528 	4329 	3520
f 4318 	4321 	3554
f 3279 	3280 	3283
f 3279 	3285 	3292
f 3291 	3285 	4317
f 4348 	4319 	3287
f 3556 	3557 	4318
f 3557 	3560 	4318
f 4355 	4318 	3560
f 3520 	4493 	3528
f 3283 	3284 	3279
f 3560 	3561 	4355
f 4353 	4355 	3561
f 3528 	4501 	3533
f 3561 	3562 	4353
f 3562 	3434 	4353
f 4511 	3535 	4505
f 3554 	3556 	4318
f 4351 	4353 	3434
f 4350 	4351 	3434
f 4317 	3285 	4316
f 4019 	4020 	4348
f 4326 	4328 	3541
f 4328 	4329 	3541
f 3533 	3535 	4329
f 3535 	3541 	4329
f 4331 	3520 	4330
f 4330 	3520 	4329
f 4338 	4339 	4337
f 4021 	4337 	4339
f 4345 	4348 	4021
f 4339 	4345 	4021
f 4334 	3512 	4333
f 4333 	3520 	4331
f 4340 	3511 	4334
f 4342 	3505 	4341
f 7402 	6996 	7401
f 7401 	6994 	7397
f 6992 	7397 	6994
f 4344 	3505 	4343
f 4346 	3505 	4344
f 4341 	3505 	4340
f 4347 	3505 	4346
f 4020 	4021 	4348
f 3281 	3283 	3280
f 4019 	4348 	4028
f 4343 	3505 	4342
f 4579 	4578 	3438
f 4321 	4326 	3551
f 3543 	3551 	4326
f 3541 	3543 	4326
f 3392 	4428 	3402
f 4357 	8238 	4356
f 4433 	3405 	4430
f 3402 	4430 	3405
f 4360 	8229 	4359
f 4359 	8229 	4357
f 3407 	4438 	3413
f 4369 	4349 	8228
f 4369 	8228 	4368
f 4365 	8228 	4364
f 4445 	3418 	4441
f 4349 	4350 	8228
f 4366 	8228 	4365
f 4375 	2955 	4374
f 3511 	4482 	3512
f 4379 	2955 	4375
f 4493 	3520 	4492
f 4492 	3519 	4483
f 3512 	4483 	3519
f 4383 	2955 	4382
f 4384 	2955 	4383
f 4382 	2955 	4381
f 4388 	4389 	2955
f 3533 	4501 	4505
f 4389 	4390 	2955
f 7024 	7023 	7458
f 7458 	7459 	7024
f 2957 	2955 	4390
f 3533 	4505 	3535
f 4393 	2957 	4392
f 3535 	4511 	3541
f 4392 	2957 	4391
f 4395 	2957 	4393
f 4527 	3543 	4519
f 4399 	2957 	4397
f 4527 	4532 	3543
f 4404 	2957 	4403
f 4400 	2957 	4399
f 6982 	7382 	6983
f 4407 	2957 	4404
f 4456 	3552 	3551
f 6984 	6983 	7389
f 4456 	4552 	3552
f 4410 	2957 	4409
f 4407 	4409 	2957
f 3557 	3556 	4467
f 4411 	2957 	4410
f 4412 	2957 	4411
f 7393 	6985 	7390
f 4415 	2957 	4414
f 4414 	2957 	4412
f 4416 	2957 	4415
f 4417 	2957 	4416
f 4356 	8238 	4417
f 4464 	3561 	3560
f 4395 	4397 	2957
f 4400 	4403 	2957
f 4467 	4465 	3557
f 4361 	8229 	4360
f 4362 	8229 	4361
f 4364 	8228 	4362
f 3551 	3552 	4321
f 3437 	4580 	4579
f 3434 	8228 	4350
f 4368 	8228 	4366
f 3482 	8246 	3476
f 3356 	4222 	8249
f 8238 	4357 	8229
f 2957 	4417 	8214
f 4580 	3437 	3434
f 4126 	4753 	4122
f 4096 	4097 	4753
f 4174 	3303 	4172
f 4753 	4168 	3320
f 4231 	8249 	4230
f 3449 	3446 	4576
f 4577 	4576 	3446
f 3454 	3449 	4575
f 4428 	3392 	4427
f 4485 	4436 	4439
f 4439 	4440 	4485
f 4446 	2954 	4442
f 4449 	2954 	4446
f 4434 	4485 	4432
f 4485 	4431 	4432
f 4435 	4485 	4434
f 4437 	3406 	4433
f 4436 	4485 	4435
f 4442 	2954 	4440
f 3505 	4445 	4447
f 7023 	7022 	7457
f 4466 	2964 	6097
f 2964 	2965 	6097
f 2965 	6793 	6097
f 3675 	6097 	6793
f 4476 	4478 	4712
f 4711 	4712 	4479
f 4478 	4479 	4712
f 4474 	3205 	4473
f 7025 	7459 	7460
f 4470 	4473 	3205
f 4483 	3512 	4482
f 4461 	3205 	4460
f 3505 	4447 	3511
f 4485 	4708 	4487
f 4482 	3511 	4447
f 4489 	4485 	4488
f 4488 	4485 	4487
f 4490 	4485 	4489
f 4480 	4708 	4479
f 3519 	4492 	3520
f 4494 	4485 	4491
f 4495 	4485 	4494
f 4487 	4708 	4481
f 4497 	3737 	4496
f 4490 	4491 	4485
f 4485 	4495 	4431
f 4501 	3528 	4493
f 4791 	4792 	4510
f 4502 	4796 	4499
f 4517 	4753 	4789
f 3750 	4513 	4518
f 4519 	3541 	4511
f 4520 	4753 	4517
f 4099 	3755 	4522
f 4100 	3755 	4099
f 4524 	4525 	4753
f 4522 	3755 	4518
f 4525 	4526 	4753
f 4788 	4789 	4753
f 4529 	4753 	4528
f 4528 	4753 	4526
f 4181 	4531 	3774
f 4534 	4753 	4533
f 4533 	4753 	4529
f 4530 	3551 	4532
f 3551 	3543 	4532
f 4535 	4532 	4527
f 4541 	4753 	4540
f 4550 	4556 	4118
f 4118 	4120 	4550
f 4534 	4540 	4753
f 4456 	3551 	4457
f 4530 	4457 	3551
f 4556 	4557 	4118
f 3554 	3552 	4552
f 4115 	4118 	4557
f 4557 	4559 	4115
f 3789 	4553 	4558
f 3789 	4561 	4496
f 4468 	3556 	3554
f 4114 	4115 	4559
f 4561 	3789 	4558
f 4469 	4468 	3554
f 4552 	4469 	3554
f 4564 	4089 	4562
f 3560 	4465 	4464
f 4566 	4567 	4083
f 3205 	4083 	4460
f 3560 	3557 	4465
f 4094 	4114 	4559
f 4083 	4086 	4565
f 4565 	4566 	4083
f 4091 	4562 	4089
f 4562 	4094 	4559
f 4567 	4460 	4083
f 3205 	4461 	4462
f 4470 	3205 	4463
f 4462 	4463 	3205
f 4474 	4476 	3205
f 4481 	4708 	4480
f 4570 	4581 	3562
f 3434 	3562 	4581
f 4589 	3675 	4588
f 4581 	4580 	3434
f 4647 	4648 	4036
f 4594 	2954 	4593
f 4593 	2954 	4592
f 3446 	3444 	4577
f 3454 	4575 	4598
f 4600 	4601 	3205
f 4610 	3205 	4609
f 4609 	3205 	4601
f 4611 	3205 	4610
f 4612 	3205 	4611
f 4016 	4630 	4622
f 4619 	4620 	4618
f 4620 	4621 	4618
f 4621 	4622 	4618
f 4622 	4652 	4016
f 4652 	4623 	4016
f 4624 	4625 	4016
f 4625 	3993 	4016
f 4000 	4016 	3993
f 4614 	5553 	8152
f 4627 	4036 	4626
f 4628 	4036 	4627
f 4629 	4036 	4628
f 4618 	4622 	4617
f 4617 	4622 	4630
f 4632 	2954 	4631
f 4590 	2954 	4632
f 4592 	2954 	4590
f 4631 	4036 	4629
f 4595 	2954 	4594
f 4636 	3205 	4635
f 4612 	4635 	3205
f 4640 	3205 	4639
f 4639 	3205 	4636
f 4641 	3205 	4640
f 4642 	4036 	4641
f 4645 	4036 	4642
f 4646 	4036 	4645
f 4647 	4036 	4646
f 4650 	4626 	4036
f 4623 	4624 	4016
f 6097 	4653 	4466
f 4648 	4650 	4036
f 4655 	2954 	4654
f 4659 	4663 	2954
f 5348 	4355 	4353
f 4485 	2954 	4663
f 4587 	4584 	4664
f 5348 	5347 	4355
f 4665 	4485 	4663
f 4666 	4485 	4665
f 4667 	4485 	4666
f 4658 	4659 	2954
f 4695 	4485 	4669
f 4669 	4485 	4667
f 4682 	3675 	4681
f 4686 	3205 	4685
f 4680 	4685 	3205
f 3205 	4476 	4680
f 4688 	3205 	4686
f 4681 	3675 	4602
f 4689 	3205 	4688
f 4691 	3675 	4682
f 4690 	3205 	4689
f 4674 	3205 	4692
f 4675 	3205 	4674
f 4694 	7833 	4693
f 3969 	7833 	3968
f 4691 	4693 	7833
f 7467 	7012 	7061
f 5175 	4334 	4333
f 4694 	3968 	7833
f 4331 	5177 	4333
f 4698 	4485 	4697
f 4697 	4485 	4695
f 4699 	4485 	4698
f 4700 	4485 	4699
f 4701 	4485 	4700
f 5293 	5282 	4888
f 4702 	4485 	4701
f 4703 	4485 	4702
f 4704 	4485 	4703
f 4706 	4485 	4705
f 4705 	4485 	4704
f 7374 	5450 	5451
f 4708 	4485 	4706
f 7015 	7013 	7469
f 5450 	7373 	5205
f 4678 	4679 	4476
f 4679 	4680 	4476
f 4711 	4479 	4708
f 5456 	5459 	7391
f 5350 	5349 	4351
f 4712 	4678 	4476
f 4690 	4692 	3205
f 4676 	3205 	4675
f 4599 	3205 	4676
f 4599 	4600 	3205
f 3205 	4641 	4036
f 4596 	2954 	4595
f 4654 	2954 	4596
f 4657 	4658 	2954
f 4655 	4657 	2954
f 4450 	2954 	4449
f 4451 	2954 	4450
f 4499 	4796 	4451
f 4789 	4791 	4512
f 4510 	4512 	4791
f 4512 	4517 	4789
f 4787 	4788 	4753
f 4520 	4524 	4753
f 7403 	5554 	7404
f 4726 	2955 	4725
f 4727 	2955 	4726
f 4729 	2955 	4728
f 4728 	2955 	4727
f 2955 	3505 	4725
f 4730 	2955 	4729
f 4731 	2955 	4730
f 4731 	4734 	2955
f 4732 	2955 	4734
f 5582 	5581 	4361
f 7357 	7356 	5182
f 5683 	5583 	4360
f 7031 	7501 	7033
f 5477 	5476 	4365
f 4744 	4745 	4746
f 4744 	4746 	4747
f 4748 	4751 	4747
f 4743 	4372 	2955
f 4373 	2955 	4372
f 5476 	5475 	4366
f 5193 	5194 	7364
f 4374 	2955 	4373
f 4742 	4743 	2955
f 4380 	2955 	4379
f 4380 	4381 	2955
f 4384 	4388 	2955
f 4748 	4749 	4751
f 4752 	4744 	4751
f 4744 	4747 	4751
f 4750 	4751 	4749
f 7517 	7520 	7043
f 7522 	7046 	7045
f 3430 	3383 	4846
f 3386 	3389 	2955
f 3533 	4329 	3528
f 3552 	3554 	4321
f 5223 	7423 	7421
f 4750 	4749 	4754
f 7428 	7424 	5230
f 4758 	2954 	4757
f 4756 	4757 	2954
f 5801 	4384 	4383
f 7431 	7429 	5237
f 4760 	2954 	4758
f 4761 	2954 	4760
f 5240 	5159 	7431
f 4764 	2954 	4761
f 4765 	2954 	4764
f 5536 	7380 	5009
f 4770 	2954 	4769
f 4769 	2954 	4765
f 4773 	2954 	4770
f 4774 	2954 	4773
f 4776 	2954 	4774
f 4777 	2954 	4776
f 4780 	2954 	4779
f 4777 	4779 	2954
f 4781 	2954 	4780
f 4782 	2954 	4781
f 4800 	2954 	4782
f 7064 	7567 	7065
f 4506 	4509 	4793
f 7305 	7304 	5551
f 4794 	4795 	4506
f 4787 	4753 	4786
f 4504 	4506 	4795
f 4502 	4504 	4796
f 4795 	4796 	4504
f 4792 	4793 	4509
f 5008 	7379 	5013
f 2954 	4451 	4796
f 7573 	7069 	7572
f 4797 	2954 	4796
f 4798 	2954 	4797
f 4793 	4794 	4506
f 4799 	4756 	2954
f 4799 	2954 	4798
f 4801 	2954 	4800
f 4802 	2954 	4801
f 4805 	2954 	4803
f 4806 	2954 	4805
f 4802 	4803 	2954
f 4808 	2955 	4807
f 4810 	2955 	4809
f 4811 	2955 	4810
f 4812 	2955 	4811
f 4813 	2955 	4812
f 4815 	2955 	4814
f 4814 	2955 	4813
f 4816 	2955 	4815
f 4821 	4753 	4820
f 5783 	4382 	4381
f 7581 	7075 	7580
f 4826 	4827 	3345
f 4753 	3345 	4827
f 5406 	7320 	5399
f 4829 	4753 	4828
f 4828 	4753 	4827
f 5406 	7321 	7320
f 4817 	4753 	4829
f 7571 	7066 	7570
f 4831 	2955 	4816
f 7326 	5412 	5414
f 4834 	2955 	4833
f 4836 	2955 	4834
f 5414 	5421 	7326
f 4389 	5830 	4390
f 4837 	2955 	4836
f 4838 	2955 	4837
f 4840 	2955 	4839
f 4839 	2955 	4838
f 4831 	4833 	2955
f 4841 	2955 	4840
f 4842 	2955 	4841
f 4844 	2955 	4842
f 5312 	7338 	5311
f 4848 	3297 	4846
f 4850 	3297 	4848
f 8152 	5553 	7542
f 4613 	5553 	4614
f 7200 	7646 	6973
f 4852 	3296 	4850
f 4855 	3294 	4853
f 4856 	3294 	4855
f 4853 	3296 	4852
f 4862 	3290 	4856
f 4864 	3289 	4862
f 4823 	3289 	4864
f 4824 	3282 	4823
f 3297 	3298 	4846
f 4845 	4846 	2955
f 4825 	3345 	4824
f 4826 	3345 	4825
f 4819 	4753 	4817
f 4820 	4753 	4819
f 4509 	4510 	4792
f 4821 	4786 	4753
f 3297 	4850 	3296
f 4347 	4725 	3505
f 4732 	4735 	2955
f 2955 	4735 	4736
f 4736 	4737 	2955
f 4741 	2955 	4740
f 4742 	2955 	4741
f 4737 	4740 	2955
f 4391 	2957 	4390
f 4485 	4440 	2954
f 4036 	4631 	2954
f 4807 	2955 	4806
f 4808 	4809 	2955
f 2954 	4806 	2955
f 4845 	2955 	4844
f 5589 	5668 	4416
f 5668 	5587 	4417
f 4990 	4971 	4883
f 4882 	4883 	4881
f 4390 	5840 	4391
f 7339 	4888 	7343
f 7339 	5293 	4888
f 5172 	4341 	5173
f 4343 	5170 	4344
f 5169 	4344 	5170
f 5169 	4346 	4344
f 4353 	4351 	5349
f 5348 	4353 	5349
f 5365 	4328 	4326
f 4328 	5365 	4329
f 4360 	4359 	5683
f 4935 	7942 	4888
f 4361 	4360 	5582
f 4368 	4366 	5475
f 5475 	5488 	4368
f 5474 	5353 	4369
f 5175 	4333 	5177
f 4340 	5173 	4341
f 4341 	5172 	4342
f 4342 	5265 	4343
f 4934 	4935 	4888
f 4951 	4754 	4749
f 5005 	5025 	4749
f 4955 	7523 	4954
f 4934 	4888 	4956
f 5026 	4961 	4749
f 4963 	7261 	4962
f 4318 	4355 	5347
f 5347 	5346 	4318
f 4634 	5553 	4613
f 4971 	6388 	7833
f 4939 	7225 	4938
f 5478 	5477 	4364
f 5004 	5005 	4991
f 5003 	5004 	4991
f 4996 	7276 	4995
f 5725 	4375 	4374
f 4373 	5538 	4374
f 7281 	5006 	5007
f 4991 	4999 	5000
f 4991 	5000 	5002
f 5002 	5019 	4991
f 4738 	4739 	5005
f 4749 	4738 	5005
f 4739 	4986 	5005
f 4986 	4991 	5005
f 7281 	7280 	5006
f 5010 	5006 	7280
f 4380 	5753 	4381
f 7285 	5016 	5017
f 5003 	4991 	5019
f 7285 	7284 	5016
f 5020 	5016 	7284
f 5868 	4395 	4393
f 5868 	5709 	4395
f 5026 	4749 	5025
f 7259 	7258 	5027
f 7261 	7260 	5031
f 7259 	5027 	5033
f 5033 	5030 	7259
f 4951 	4749 	4961
f 5195 	7368 	5194
f 5805 	5807 	5038
f 5039 	5804 	5038
f 5040 	5804 	5039
f 5041 	5804 	5040
f 5042 	5804 	5041
f 7510 	5047 	3005
f 7421 	5221 	5223
f 5591 	5589 	4415
f 4416 	4415 	5589
f 5048 	5049 	5036
f 4417 	4416 	5668
f 4955 	5051 	7523
f 5047 	7510 	5046
f 5046 	7510 	5052
f 5052 	7523 	5051
f 5160 	7431 	5159
f 5058 	7528 	5055
f 5058 	5061 	7528
f 5585 	5584 	4357
f 5584 	5683 	4359
f 4982 	7271 	5061
f 4983 	7271 	4982
f 5068 	3005 	5050
f 3005 	5068 	3008
f 5069 	3008 	5068
f 5535 	4373 	4372
f 3008 	5069 	3011
f 5082 	3024 	5081
f 5263 	5266 	7470
f 5074 	3011 	5072
f 4403 	4400 	5715
f 5715 	5884 	4403
f 5594 	4412 	4411
f 3388 	5278 	3391
f 5594 	5593 	4412
f 4415 	5653 	5591
f 7335 	5311 	7338
f 5585 	4357 	4356
f 7421 	7420 	5221
f 5304 	3468 	5303
f 7463 	7462 	5252
f 5582 	4360 	5583
f 5478 	4364 	4362
f 5252 	5260 	7463
f 5753 	4380 	5751
f 5256 	7463 	5260
f 4375 	5727 	4379
f 5257 	5263 	7466
f 5321 	3495 	5320
f 3496 	3495 	5321
f 5266 	5268 	7471
f 5113 	5114 	5116
f 5113 	5116 	5117
f 5113 	5117 	5118
f 5113 	5118 	5119
f 5119 	5129 	5113
f 5113 	5120 	5121
f 5801 	5803 	4384
f 7420 	7417 	5219
f 5326 	3496 	5321
f 4384 	5803 	4388
f 5120 	5113 	5129
f 5841 	4392 	4391
f 5863 	5868 	4393
f 5139 	5140 	5138
f 5140 	5141 	5138
f 5137 	5138 	5141
f 5141 	5152 	5137
f 5137 	5142 	5143
f 5137 	5143 	5145
f 5137 	5145 	5146
f 5137 	5146 	5147
f 5137 	5147 	5148
f 5137 	5148 	5149
f 3507 	5592 	3509
f 7334 	7333 	5435
f 5142 	5137 	5152
f 5603 	3515 	5598
f 7352 	7434 	5165
f 7352 	5165 	5176
f 7357 	5182 	5183
f 5186 	5188 	5185
f 5184 	5185 	5188
f 5188 	5189 	5184
f 5189 	5190 	5184
f 5149 	5184 	5190
f 7364 	5191 	5193
f 5149 	5190 	5137
f 5200 	7370 	5195
f 5203 	7371 	5200
f 5208 	5209 	5207
f 5204 	5207 	5209
f 5204 	5209 	5210
f 5204 	5210 	5211
f 5211 	5226 	5204
f 5213 	5216 	5212
f 5214 	5215 	5213
f 5216 	5213 	5215
f 5204 	5212 	5216
f 3546 	3542 	5391
f 5391 	5394 	3546
f 5212 	5204 	5226
f 3548 	3547 	5396
f 4334 	5175 	5174
f 4334 	5174 	4340
f 5173 	4340 	5174
f 5208 	5248 	5209
f 5255 	5209 	5259
f 5258 	5259 	5209
f 5254 	5255 	5259
f 5253 	5254 	5259
f 7471 	7470 	5266
f 5248 	5271 	5209
f 5258 	5209 	5271
f 4342 	5172 	5265
f 3385 	5273 	5274
f 3388 	5277 	5278
f 5277 	3387 	5274
f 5281 	3391 	5278
f 5283 	7138 	5282
f 5287 	5288 	5286
f 5285 	5286 	5288
f 5285 	5288 	5289
f 5730 	3404 	3397
f 5412 	7325 	5417
f 5739 	3451 	5733
f 5170 	4343 	5171
f 5296 	5297 	5295
f 5259 	5295 	5297
f 5259 	5297 	5253
f 5299 	5300 	3464
f 5171 	4343 	5265
f 5167 	4346 	5169
f 5135 	7138 	5134
f 5283 	5134 	7138
f 5313 	5317 	7138
f 5135 	5313 	7138
f 5309 	4347 	5167
f 4346 	5167 	4347
f 5332 	5334 	7138
f 5244 	7340 	5243
f 5317 	5328 	7138
f 3416 	3415 	5314
f 3464 	3499 	5299
f 5339 	5343 	7143
f 5897 	5898 	7143
f 5332 	7138 	5328
f 4347 	5309 	4725
f 4725 	5309 	5166
f 5332 	5333 	5334
f 7143 	7138 	5339
f 5334 	5335 	7138
f 5580 	3504 	5577
f 5897 	7143 	5344
f 5343 	5344 	7143
f 5357 	6087 	5356
f 5356 	6087 	5360
f 7329 	5421 	5424
f 5373 	5354 	5372
f 5371 	5372 	5354
f 5355 	6087 	5354
f 3529 	5616 	3530
f 5311 	5436 	5377
f 5357 	5378 	5379
f 5357 	5379 	5380
f 5380 	5407 	5357
f 3532 	5618 	3537
f 3537 	5628 	5384
f 5386 	3540 	5385
f 3537 	5385 	3540
f 3547 	3546 	5394
f 5400 	5401 	3549
f 3549 	3548 	5400
f 5407 	6113 	5357
f 7321 	5406 	5409
f 3480 	3550 	5408
f 5328 	5411 	5332
f 5352 	5410 	4349
f 4350 	4349 	5410
f 3485 	3483 	5415
f 5328 	5416 	5411
f 5417 	7321 	5409
f 3490 	3489 	5420
f 7329 	7326 	5421
f 5419 	3486 	5425
f 5429 	5122 	5428
f 5427 	5428 	5122
f 5351 	5350 	4350
f 5350 	4351 	4350
f 3490 	5420 	5433
f 5410 	5351 	4350
f 5445 	5377 	5436
f 4321 	4318 	5346
f 5346 	5375 	4321
f 5534 	5729 	5452
f 5452 	5729 	5281
f 5366 	4326 	5367
f 4321 	5367 	4326
f 5375 	5367 	4321
f 3404 	5734 	3450
f 4326 	5366 	5365
f 4329 	5365 	5364
f 5460 	7391 	5459
f 5576 	7392 	5575
f 5571 	3455 	5567
f 7392 	5576 	7394
f 4329 	5364 	4330
f 5527 	7395 	5526
f 5363 	4330 	5364
f 4330 	5363 	4331
f 5177 	4331 	5178
f 5178 	4331 	5363
f 7448 	5539 	7451
f 4366 	4365 	5476
f 7301 	5543 	5545
f 4365 	4364 	5477
f 5547 	7303 	5545
f 4369 	4368 	5488
f 3443 	6017 	3453
f 4349 	4369 	5352
f 5353 	5352 	4369
f 5557 	7404 	5554
f 5569 	3456 	5571
f 4369 	5488 	5474
f 5013 	7379 	5561
f 5561 	7379 	5557
f 5578 	3460 	5569
f 5551 	5552 	7305
f 5565 	7309 	5563
f 5598 	3513 	5590
f 7391 	5575 	7392
f 7394 	5576 	5579
f 5526 	7395 	5579
f 5608 	3524 	5602
f 5528 	7398 	5527
f 3527 	5612 	3529
f 5615 	3530 	5616
f 5588 	5574 	5518
f 5574 	5575 	5518
f 5618 	3532 	5615
f 5523 	5384 	5628
f 4743 	7546 	4372
f 7394 	5579 	7395
f 7403 	5529 	5533
f 5538 	4373 	5535
f 7448 	5537 	5539
f 3396 	5731 	3397
f 5730 	3397 	5731
f 5733 	3450 	5734
f 5540 	7451 	5539
f 5558 	7646 	5553
f 5725 	4374 	5538
f 5533 	5554 	7403
f 5559 	7646 	5558
f 5560 	7646 	5559
f 5505 	5504 	4404
f 5563 	7305 	5552
f 5553 	5564 	5558
f 5714 	5505 	4404
f 5884 	5714 	4404
f 5397 	7313 	5405
f 4409 	4407 	5600
f 4407 	5504 	5503
f 5567 	7645 	5571
f 5571 	7645 	5569
f 5569 	7645 	5578
f 5577 	7645 	5580
f 5578 	7645 	5577
f 7391 	5460 	5575
f 5460 	5518 	5575
f 5600 	5597 	4409
f 5590 	7645 	5598
f 4410 	4409 	5597
f 5608 	7645 	5607
f 5602 	7645 	5608
f 5603 	7645 	5602
f 5503 	5600 	4407
f 5615 	7645 	5618
f 5616 	7645 	5615
f 5612 	7645 	5616
f 5595 	5594 	4411
f 5618 	7645 	5628
f 5634 	7646 	5639
f 5632 	7646 	5634
f 5597 	5596 	4410
f 4411 	4410 	5595
f 5628 	7646 	5632
f 5596 	5595 	4410
f 5650 	7646 	5654
f 5639 	7646 	5644
f 5644 	7646 	5648
f 5648 	7646 	5650
f 4414 	4412 	5593
f 4414 	5653 	4415
f 5654 	7646 	5656
f 5656 	7646 	5659
f 5607 	7645 	5612
f 4414 	5593 	5653
f 5659 	7646 	5560
f 3455 	5571 	3456
f 3453 	5567 	3455
f 3462 	5578 	5577
f 5586 	5585 	4356
f 3462 	5577 	3504
f 5592 	3507 	5580
f 3504 	5580 	3507
f 4356 	4417 	5586
f 5590 	3509 	5592
f 5587 	5586 	4417
f 4359 	4357 	5584
f 5602 	3516 	5603
f 3515 	5603 	3516
f 3513 	5598 	3515
f 4362 	4361 	5581
f 5691 	7171 	5688
f 3525 	5608 	5607
f 5612 	3527 	5607
f 3527 	3525 	5607
f 5616 	3529 	5612
f 5478 	4362 	5479
f 5581 	5479 	4362
f 5628 	3537 	5618
f 5632 	5523 	5628
f 7215 	7214 	5722
f 5725 	5727 	4375
f 7215 	5722 	5726
f 5780 	5942 	5730
f 5731 	5780 	5730
f 7221 	7220 	5740
f 5733 	5734 	5942
f 5734 	5730 	5942
f 5733 	5942 	5739
f 4379 	5751 	4380
f 5782 	5729 	5534
f 5740 	5741 	7221
f 3404 	5730 	5734
f 3450 	5733 	3451
f 3391 	5729 	3396
f 5731 	3396 	5729
f 5751 	4379 	5727
f 5783 	4381 	5753
f 5770 	5729 	5769
f 5774 	5777 	5729
f 5770 	5774 	5729
f 5731 	5729 	5777
f 5731 	5777 	5780
f 5769 	5729 	5782
f 3391 	5281 	5729
f 4382 	5783 	5790
f 5037 	5038 	5807
f 5036 	5037 	5807
f 5811 	5808 	5807
f 5809 	5048 	5807
f 5036 	5807 	5048
f 4382 	5790 	4383
f 5801 	4383 	5790
f 5808 	5809 	5807
f 4388 	5803 	5823
f 7191 	7190 	5925
f 7191 	5925 	5819
f 7191 	5819 	5820
f 4389 	5823 	5830
f 4388 	5823 	4389
f 4391 	5840 	5841
f 5840 	4390 	5830
f 5858 	4392 	5841
f 5863 	4393 	5858
f 4392 	5858 	4393
f 5314 	5315 	3416
f 3416 	5315 	5881
f 5712 	4397 	5709
f 4397 	4395 	5709
f 5871 	6034 	5831
f 5709 	5868 	5719
f 3374 	5902 	3377
f 6019 	6034 	5871
f 5720 	5719 	5868
f 3377 	5905 	3378
f 4397 	5711 	4399
f 5712 	5711 	4397
f 5907 	5910 	3378
f 5717 	4399 	5711
f 5717 	5716 	4399
f 4400 	4399 	5716
f 3380 	5918 	3381
f 3381 	5920 	3385
f 4400 	5716 	5715
f 3421 	3420 	5887
f 4404 	4403 	5884
f 3423 	3421 	5891
f 5890 	5891 	3421
f 5887 	5890 	3421
f 3423 	5891 	5896
f 4407 	4404 	5504
f 3374 	5901 	5902
f 5898 	5899 	7143
f 7143 	5899 	5933
f 5933 	5921 	7143
f 5915 	5917 	7143
f 5905 	3377 	5902
f 5940 	5941 	7143
f 5911 	3379 	5910
f 3380 	5911 	5918
f 5908 	7143 	5913
f 5917 	5912 	7143
f 5912 	5913 	7143
f 5920 	3381 	5918
f 5273 	3385 	5920
f 5915 	7143 	5919
f 5919 	7143 	5921
f 5925 	5921 	5933
f 5933 	5930 	5925
f 5929 	5925 	5930
f 6559 	4440 	6560
f 5943 	6007 	5942
f 5941 	5937 	7143
f 5940 	7143 	5909
f 5951 	3675 	5950
f 5950 	3675 	5949
f 5963 	6091 	3675
f 6620 	6619 	4463
f 5965 	7674 	5962
f 5953 	7674 	5965
f 5042 	5969 	5970
f 5042 	5970 	5972
f 5042 	5972 	5974
f 5974 	5990 	5042
f 5042 	5976 	5978
f 5042 	5978 	5804
f 5805 	5038 	5804
f 5976 	5042 	5990
f 6611 	6610 	4481
f 5929 	5819 	5925
f 3451 	5739 	3433
f 6009 	3435 	6007
f 3717 	3442 	6008
f 6569 	4491 	6570
f 5567 	3453 	6017
f 4491 	6569 	4494
f 4495 	4494 	6567
f 5943 	3726 	6007
f 6009 	6007 	3726
f 4495 	6566 	4431
f 6008 	6009 	3726
f 3719 	7645 	6017
f 4431 	6565 	4432
f 6564 	4434 	4432
f 6021 	6034 	6018
f 5598 	7645 	5603
f 5580 	7645 	5592
f 6017 	7645 	5567
f 6019 	6018 	6034
f 5592 	7645 	5590
f 4436 	6561 	4439
f 6021 	6024 	6034
f 5739 	5942 	6007
f 6035 	6034 	6024
f 6024 	6033 	6035
f 6007 	3433 	5739
f 6044 	6035 	6033
f 6050 	6055 	6886
f 6017 	3443 	3719
f 5949 	3675 	5955
f 6620 	4463 	4462
f 6616 	4474 	4473
f 6612 	6611 	4480
f 4487 	4481 	6610
f 6610 	6609 	4487
f 6090 	5371 	6089
f 6089 	5354 	6088
f 5371 	5354 	6089
f 6088 	5354 	6087
f 6091 	6095 	3675
f 5961 	5963 	3675
f 5951 	5961 	3675
f 7645 	3726 	3675
f 4490 	6570 	4491
f 6097 	3675 	6096
f 6095 	6096 	3675
f 6567 	4494 	6569
f 6565 	4431 	6566
f 4432 	6565 	6564
f 6561 	4436 	6562
f 5357 	6104 	6105
f 5357 	6105 	6107
f 5357 	6107 	6087
f 5355 	5360 	6087
f 6112 	5357 	6111
f 6110 	6111 	5357
f 6104 	5357 	6112
f 6109 	6110 	5357
f 4439 	6560 	4440
f 6558 	4442 	6559
f 4440 	6559 	4442
f 6109 	5357 	6113
f 6558 	4446 	4442
f 6133 	5426 	6132
f 6131 	6132 	5426
f 6130 	6131 	5426
f 6619 	6617 	4470
f 6616 	6615 	4474
f 6615 	6614 	4476
f 6614 	6628 	4478
f 6158 	7663 	6157
f 6612 	4480 	4479
f 6157 	6140 	6167
f 6178 	7661 	6175
f 6183 	5426 	6181
f 6180 	7661 	6178
f 6182 	7661 	6180
f 5429 	6192 	5122
f 5121 	6192 	6195
f 5121 	6195 	5113
f 6190 	7661 	6191
f 6191 	7661 	6182
f 6175 	7661 	6169
f 6608 	6571 	4489
f 6637 	6608 	4489
f 6198 	7661 	6154
f 5121 	5122 	6192
f 6130 	5426 	6183
f 5122 	6181 	5426
f 5426 	5427 	5122
f 6204 	7661 	6202
f 6202 	7661 	6198
f 6208 	6214 	7661
f 3359 	7661 	6214
f 6216 	3359 	6214
f 3067 	3676 	7833
f 6220 	3359 	6219
f 6219 	3359 	6216
f 6208 	7661 	6207
f 7833 	3676 	3675
f 6222 	3359 	6220
f 6169 	7651 	6242
f 6268 	6269 	6242
f 3756 	4105 	3757
f 6257 	3480 	6256
f 6256 	3483 	6254
f 6258 	3550 	6257
f 4167 	4170 	3768
f 6249 	3549 	6258
f 6267 	7653 	6266
f 7488 	7562 	7528
f 7525 	7528 	7562
f 7528 	7271 	7488
f 7271 	7272 	7488
f 4544 	4545 	3786
f 3787 	4545 	3788
f 4450 	6712 	4451
f 6261 	3540 	6259
f 6266 	3537 	6261
f 6259 	3542 	6263
f 6284 	3547 	6281
f 6263 	3546 	6284
f 6281 	3548 	6249
f 6715 	4499 	4451
f 3761 	4111 	3762
f 3763 	3762 	4113
f 6268 	7653 	6267
f 6242 	7651 	6268
f 6154 	7661 	6190
f 6206 	7661 	6204
f 6207 	7661 	6206
f 4138 	3802 	3801
f 6363 	6348 	7833
f 6313 	7138 	6307
f 7833 	6307 	7138
f 6771 	4525 	4524
f 3806 	4229 	3808
f 4528 	6786 	4529
f 3808 	4233 	3809
f 7138 	6313 	6314
f 7138 	6314 	6315
f 6867 	6785 	4529
f 3810 	4241 	3811
f 7138 	6315 	6318
f 7138 	6318 	6319
f 7138 	6319 	6320
f 6329 	7138 	6320
f 4888 	7138 	6329
f 4541 	4540 	6780
f 6780 	6779 	4541
f 6779 	6924 	4546
f 6338 	6374 	6337
f 6336 	6337 	6374
f 6335 	6336 	6374
f 6775 	6939 	4556
f 6307 	7833 	6348
f 6242 	6890 	6169
f 6353 	7833 	6352
f 6351 	6352 	7833
f 6351 	7833 	6359
f 6895 	6175 	6891
f 3830 	4264 	3831
f 4265 	3832 	3831
f 6741 	6740 	4565
f 6740 	6739 	4566
f 6363 	7833 	6353
f 6739 	6737 	4567
f 4499 	6717 	4502
f 6368 	6370 	6371
f 6368 	6371 	6372
f 6368 	6372 	6373
f 4280 	4283 	3838
f 4502 	6718 	4504
f 6239 	6886 	6242
f 3845 	3844 	4290
f 6374 	6338 	6368
f 6368 	6373 	6374
f 6386 	6404 	6385
f 4290 	4293 	3845
f 3817 	3816 	4299
f 6389 	7833 	6388
f 6389 	6359 	7833
f 6913 	6208 	6207
f 6386 	6398 	6399
f 6386 	6399 	6400
f 6400 	6416 	6386
f 6386 	6401 	6402
f 6386 	6402 	6404
f 6374 	6385 	6404
f 6401 	6386 	6416
f 6775 	4556 	4550
f 7397 	6992 	7396
f 6928 	6222 	6220
f 6426 	6374 	6425
f 6426 	6345 	6374
f 6404 	6425 	6374
f 6154 	6902 	6198
f 6335 	6374 	6345
f 6743 	4562 	4559
f 6743 	6742 	4562
f 6901 	6202 	6198
f 6741 	4565 	4564
f 6443 	6444 	6442
f 6444 	6445 	6442
f 6440 	6442 	6445
f 6440 	6445 	6446
f 6446 	6467 	6440
f 6440 	6447 	6448
f 6440 	6448 	6449
f 6449 	6481 	6440
f 6440 	6450 	6451
f 7416 	7001 	7415
f 4566 	4565 	6740
f 4567 	4566 	6739
f 7415 	7000 	7419
f 6206 	6910 	6207
f 4520 	6766 	4524
f 6447 	6440 	6467
f 6219 	6929 	6220
f 4526 	6789 	4528
f 6867 	4529 	6786
f 6451 	6474 	6475
f 6451 	6475 	6476
f 6451 	6476 	6477
f 6451 	6477 	6440
f 7017 	7016 	7440
f 7019 	7018 	7443
f 4546 	4541 	6779
f 6482 	6440 	6481
f 6485 	6440 	6484
f 6450 	6440 	6486
f 6485 	6486 	6440
f 6482 	6488 	6440
f 6886 	6239 	6882
f 6238 	6882 	6239
f 7022 	7021 	7454
f 6169 	6891 	6175
f 6895 	6178 	6175
f 7454 	7457 	7022
f 6570 	4490 	6571
f 6484 	6440 	6488
f 6178 	6918 	6180
f 4434 	6564 	6586
f 4434 	6586 	4435
f 6586 	6563 	4435
f 6562 	4435 	6563
f 6901 	6198 	6902
f 6202 	6909 	6204
f 6204 	6908 	6206
f 7534 	7051 	7050
f 4449 	6705 	4450
f 6715 	4451 	6712
f 6208 	6912 	6214
f 7052 	7051 	7479
f 6621 	6620 	4462
f 7479 	7481 	7052
f 4476 	4474 	6615
f 4478 	4476 	6614
f 7057 	7055 	7489
f 4481 	4480 	6611
f 6180 	6920 	6182
f 6182 	6919 	6191
f 4488 	4487 	6609
f 6190 	6923 	6154
f 6609 	6637 	4488
f 4489 	4488 	6637
f 4490 	4489 	6571
f 7503 	7035 	7502
f 7036 	7503 	7506
f 7507 	7037 	7506
f 7043 	7040 	7517
f 6216 	6926 	6219
f 6928 	6220 	6929
f 6919 	6182 	6920
f 4495 	6567 	6566
f 6925 	6190 	6191
f 4435 	6562 	4436
f 6929 	6219 	6926
f 6560 	4439 	6561
f 5953 	7551 	6932
f 6556 	4446 	6557
f 6558 	6557 	4446
f 6574 	6597 	6556
f 4446 	6556 	6597
f 7071 	7575 	7072
f 6705 	4449 	6597
f 7138 	7142 	7833
f 4470 	4463 	6619
f 4473 	4470 	6617
f 6261 	6802 	6266
f 6617 	6616 	4473
f 6818 	6267 	6814
f 4479 	4478 	6628
f 6613 	6612 	4479
f 6628 	6613 	4479
f 6712 	4450 	6705
f 6266 	6814 	6267
f 4504 	6719 	4506
f 6818 	6268 	6267
f 4506 	6724 	4509
f 4510 	6797 	4512
f 4512 	6806 	4517
f 6737 	6736 	4460
f 6258 	6842 	6249
f 6736 	6735 	4461
f 4462 	4461 	6735
f 4462 	6735 	6621
f 6847 	6281 	6844
f 4557 	4556 	6939
f 6939 	6773 	4557
f 6254 	6833 	6256
f 6838 	6257 	6256
f 6257 	6840 	6258
f 6259 	6801 	6261
f 6802 	6261 	6801
f 6801 	6259 	6807
f 6263 	6807 	6259
f 6814 	6266 	6802
f 6850 	6268 	6823
f 6818 	6821 	6268
f 4446 	6597 	4449
f 6853 	6269 	6850
f 6861 	6272 	6856
f 6717 	4499 	6715
f 6718 	4502 	6717
f 6844 	6249 	6842
f 4504 	6718 	6719
f 6724 	4506 	6719
f 6284 	6848 	6263
f 6847 	6284 	6281
f 6724 	6725 	4509
f 6797 	4510 	6725
f 4509 	6725 	4510
f 6268 	6850 	6269
f 6856 	6270 	6853
f 6269 	6853 	6270
f 4461 	4460 	6736
f 6744 	6743 	4559
f 4564 	4562 	6742
f 4564 	6742 	6741
f 4460 	4567 	6737
f 6270 	6856 	6272
f 6857 	6273 	6272
f 4584 	4587 	3675
f 4587 	4588 	3675
f 4589 	4602 	3675
f 6793 	4583 	3675
f 4583 	4584 	3675
f 6273 	6858 	3016
f 5081 	3016 	5080
f 5074 	5075 	6254
f 6838 	6256 	6833
f 6806 	4512 	6797
f 6806 	6820 	4517
f 4883 	4971 	4881
f 4881 	4971 	4880
f 4880 	4971 	7830
f 7833 	7821 	4971
f 6823 	6268 	6821
f 4517 	6820 	4520
f 6833 	6254 	5075
f 6835 	4520 	6820
f 6840 	6257 	6838
f 3741 	4498 	3742
f 3742 	4500 	3746
f 6771 	4524 	6766
f 6842 	6258 	6841
f 6841 	6258 	6840
f 4520 	6835 	6766
f 6791 	6766 	6835
f 6249 	6844 	6281
f 3746 	4503 	3747
f 6807 	6263 	6848
f 4525 	6790 	4526
f 3748 	4508 	3749
f 6848 	6284 	6847
f 4513 	3750 	3749
f 6789 	4526 	6790
f 6858 	6273 	6857
f 6790 	4525 	6768
f 6771 	6768 	4525
f 6786 	4528 	6789
f 6857 	6272 	6861
f 5080 	3016 	6858
f 4106 	3761 	3757
f 6785 	6784 	4533
f 4539 	3782 	3778
f 3787 	3786 	4545
f 4533 	4529 	6785
f 4544 	3786 	3784
f 4553 	3788 	4545
f 6050 	6882 	6047
f 6047 	6035 	6044
f 4533 	6784 	4534
f 6884 	4534 	6784
f 6138 	7670 	6890
f 6035 	6047 	6882
f 6890 	6886 	6138
f 6886 	6882 	6050
f 6140 	7670 	6138
f 6055 	6138 	6886
f 4540 	6781 	6780
f 6891 	7670 	6895
f 6890 	7670 	6891
f 6139 	6140 	6138
f 6783 	6781 	4534
f 3796 	4124 	3798
f 6901 	7670 	6909
f 6884 	6783 	4534
f 6908 	7674 	6910
f 4540 	4534 	6781
f 6913 	7674 	6912
f 6910 	7674 	6913
f 4138 	3801 	4125
f 3798 	4125 	3801
f 3606 	6917 	3607
f 6922 	6917 	3604
f 3605 	3604 	6917
f 3605 	6917 	3606
f 6920 	7670 	6919
f 6919 	7670 	6925
f 6918 	7670 	6920
f 6912 	7674 	6915
f 3603 	3602 	6922
f 3604 	3603 	6922
f 4547 	4546 	6924
f 6915 	7674 	6926
f 3602 	3601 	6927
f 6927 	6921 	3602
f 6921 	6922 	3602
f 6777 	6776 	4549
f 6926 	7674 	6929
f 3809 	4237 	3810
f 6929 	7674 	6928
f 3648 	3647 	6927
f 3601 	3648 	6927
f 4550 	4549 	6776
f 6928 	7674 	6932
f 6934 	6930 	3652
f 6932 	7674 	5953
f 6963 	6934 	3652
f 6974 	6963 	3652
f 5937 	5962 	7143
f 4549 	4547 	6777
f 4299 	4303 	3817
f 6924 	6778 	4547
f 6777 	4547 	6778
f 4195 	4209 	3823
f 4550 	6776 	6775
f 5908 	5909 	7143
f 4209 	4164 	3824
f 6936 	6966 	3654
f 4559 	4557 	6772
f 6773 	6772 	4557
f 6909 	7680 	6908
f 6923 	7670 	6902
f 6925 	7670 	6923
f 6902 	7670 	6901
f 6895 	7670 	6918
f 7143 	5962 	7674
f 3826 	3825 	4223
f 4223 	4190 	3826
f 6882 	6238 	6035
f 4559 	6772 	6744
f 6935 	6936 	3654
f 6242 	6886 	6890
f 6891 	6169 	6890
f 4241 	4251 	3811
f 3812 	4247 	3827
f 6938 	6935 	3654
f 3827 	4257 	3828
f 6902 	6154 	6923
f 6909 	6202 	6901
f 3654 	3660 	6938
f 6908 	6204 	6909
f 6910 	6206 	6908
f 3660 	3663 	6938
f 4269 	3833 	3832
f 6208 	6913 	6912
f 6913 	6207 	6910
f 3680 	3681 	6946
f 6946 	6944 	3680
f 6942 	3680 	6945
f 6915 	6214 	6912
f 3838 	4283 	3840
f 6178 	6895 	6918
f 3841 	3840 	4285
f 3633 	3617 	6946
f 3681 	3633 	6946
f 6920 	6180 	6918
f 6943 	6940 	3662
f 6944 	6945 	3680
f 6925 	6191 	6919
f 3844 	4289 	4290
f 6923 	6190 	6925
f 3662 	3677 	6942
f 6926 	6216 	6915
f 6214 	6915 	6216
f 6931 	6927 	3647
f 6932 	6222 	6928
f 6930 	6931 	3647
f 6157 	7663 	6140
f 6973 	7662 	6158
f 7200 	7542 	7646
f 3647 	3652 	6930
f 6979 	3838 	7025
f 6983 	3834 	6982
f 6951 	6946 	3615
f 3617 	3615 	6946
f 6985 	3833 	6984
f 6982 	3838 	6979
f 6992 	3833 	6985
f 3140 	3121 	3626
f 3121 	3107 	3627
f 3107 	3096 	3627
f 6998 	6999 	3833
f 3746 	4500 	4503
f 3625 	3624 	3140
f 6994 	6996 	3833
f 6996 	6998 	3833
f 6999 	7000 	3833
f 3160 	3140 	3624
f 4513 	3749 	4508
f 7001 	7063 	7000
f 7063 	3833 	7000
f 3625 	3140 	3626
f 7006 	7063 	7005
f 7004 	7063 	7001
f 3615 	3614 	3096
f 3626 	3121 	3627
f 7017 	3067 	7016
f 3770 	3768 	4170
f 7018 	3067 	7017
f 7019 	3067 	7018
f 4170 	4175 	3770
f 3096 	6957 	3615
f 3627 	3096 	3620
f 3620 	3096 	3614
f 7020 	3067 	7019
f 4531 	4536 	3775
f 7025 	3842 	7024
f 6957 	6950 	3615
f 7023 	3067 	7022
f 7021 	3067 	7020
f 7021 	7022 	3067
f 6950 	6951 	3615
f 3067 	7378 	7012
f 3158 	3593 	3592
f 7027 	7241 	7026
f 3594 	3593 	3158
f 7032 	7034 	7029
f 7028 	7031 	7241
f 3143 	3158 	3144
f 3131 	3130 	3158
f 3143 	3594 	3158
f 7029 	7034 	7030
f 4498 	3741 	4497
f 7039 	7034 	7032
f 7038 	7040 	7241
f 7032 	7041 	7039
f 7044 	7378 	7043
f 7043 	7378 	7040
f 3747 	4507 	3748
f 4508 	3748 	4507
f 3124 	8252 	3125
f 7041 	3566 	3565
f 4507 	3747 	4503
f 7378 	7241 	7040
f 7045 	7378 	7044
f 7046 	7378 	7045
f 3566 	7041 	3567
f 3145 	3130 	3146
f 3146 	8252 	3124
f 7048 	7378 	7046
f 7049 	7378 	7048
f 3568 	7041 	3514
f 3567 	7041 	3568
f 7050 	7378 	7049
f 7051 	7378 	7050
f 7052 	7053 	7378
f 3565 	7039 	7041
f 7053 	7054 	7378
f 3750 	4518 	3755
f 7055 	7057 	7378
f 7054 	7055 	7378
f 3635 	3634 	3207
f 3634 	3637 	3207
f 7057 	7058 	7378
f 7058 	7059 	7378
f 7060 	7061 	7378
f 7059 	7060 	7378
f 3775 	3774 	4531
f 3778 	3775 	4536
f 7061 	7012 	7378
f 4536 	4539 	3778
f 6203 	6209 	6201
f 6209 	6212 	6201
f 6193 	6201 	6212
f 6212 	6232 	6193
f 6197 	6193 	6232
f 6193 	6199 	6201
f 3784 	3782 	4542
f 6153 	6173 	6156
f 7012 	7013 	3067
f 7013 	7015 	3067
f 3067 	7015 	7016
f 7023 	7024 	3067
f 6984 	3833 	6983
f 6992 	6994 	3833
f 3784 	4542 	4544
f 7051 	7052 	7378
f 7064 	3676 	7068
f 7063 	7068 	3676
f 5954 	5966 	4169
f 7065 	3676 	7064
f 4101 	4169 	5964
f 5966 	5964 	4169
f 7066 	3676 	7065
f 3676 	7066 	7067
f 3789 	4496 	3737
f 5967 	5994 	4112
f 4107 	4098 	5967
f 7006 	7068 	7063
f 7004 	7005 	7063
f 4140 	4095 	5960
f 4106 	3757 	4105
f 4595 	7317 	4596
f 7070 	7241 	7069
f 5959 	5958 	4140
f 5960 	5959 	4140
f 5958 	5957 	4140
f 7071 	7072 	7241
f 7072 	7073 	7241
f 5957 	5956 	4148
f 4148 	4140 	5957
f 4149 	4148 	5956
f 7074 	7241 	7073
f 4169 	4166 	5956
f 4166 	4149 	5956
f 5956 	5954 	4169
f 4596 	7316 	4654
f 4113 	3762 	4111
f 7026 	7241 	7076
f 7076 	7241 	7075
f 4125 	3798 	4124
f 7074 	7075 	7241
f 7028 	7241 	7027
f 4112 	5996 	4427
f 4124 	3796 	4129
f 7036 	7241 	7035
f 7033 	7241 	7031
f 4430 	5999 	4433
f 4428 	5999 	4430
f 7037 	7241 	7036
f 7078 	7084 	7083
f 4438 	6005 	4441
f 4437 	6005 	4438
f 4433 	6005 	4437
f 7078 	7083 	7077
f 7241 	3409 	7069
f 7070 	7071 	7241
f 7089 	7083 	7084
f 4445 	4441 	6003
f 6005 	6003 	4441
f 7084 	7093 	7089
f 3804 	4146 	3805
f 7460 	7381 	6979
f 5975 	4483 	5977
f 7386 	7389 	6983
f 7030 	7089 	7029
f 4447 	5977 	4482
f 6984 	7390 	6985
f 4233 	4237 	3809
f 4492 	4483 	5975
f 7093 	7029 	7089
f 7393 	7396 	6985
f 4241 	3810 	4237
f 4482 	5977 	4483
f 4493 	4492 	5975
f 5975 	5973 	4493
f 3767 	4165 	4167
f 6994 	7401 	6996
f 5971 	5981 	4493
f 5973 	5971 	4493
f 4511 	4505 	5985
f 7402 	6998 	6996
f 6998 	7406 	6999
f 4519 	5984 	4527
f 4505 	4501 	5985
f 5983 	5982 	4527
f 4535 	4527 	5986
f 7000 	7415 	7001
f 5986 	4527 	5987
f 4195 	3823 	3822
f 6999 	7413 	7000
f 3824 	3823 	4209
f 5987 	4527 	5982
f 7001 	7416 	7004
f 7425 	7004 	7416
f 5983 	4527 	5984
f 4219 	3825 	3820
f 7425 	7005 	7004
f 7005 	7426 	7006
f 3514 	7531 	3568
f 5985 	5984 	4511
f 4519 	4511 	5984
f 7006 	7430 	7068
f 7467 	7468 	7012
f 7013 	7012 	7468
f 5981 	5985 	4493
f 7468 	7469 	7013
f 4501 	4493 	5985
f 7361 	4697 	4695
f 3755 	4100 	3756
f 4105 	3756 	4100
f 7016 	7015 	7436
f 7469 	7435 	7015
f 5980 	4447 	6001
f 7436 	7440 	7016
f 3761 	4106 	4111
f 5977 	4447 	5980
f 7440 	7441 	7017
f 3763 	4113 	4119
f 7019 	7447 	7020
f 5882 	5895 	5877
f 7021 	7020 	7449
f 7447 	7449 	7020
f 5892 	5895 	5886
f 3763 	4119 	3796
f 4129 	3796 	4119
f 7449 	7453 	7021
f 5878 	6532 	6514
f 3568 	7531 	3567
f 6522 	6521 	6532
f 6514 	6532 	6521
f 6518 	6523 	6532
f 7457 	7458 	7023
f 6523 	6522 	6532
f 6534 	6532 	5878
f 7460 	6979 	7025
f 4146 	3804 	4145
f 3802 	4143 	3804
f 6541 	6540 	5878
f 7027 	7499 	7028
f 4229 	3806 	4158
f 7500 	7031 	7028
f 6430 	6431 	5538
f 5538 	5535 	6430
f 4164 	4165 	3824
f 7033 	7502 	7035
f 7503 	7036 	7035
f 7036 	7506 	7037
f 7037 	7507 	7511
f 7037 	7511 	7038
f 6454 	6453 	5751
f 7511 	7514 	7038
f 7040 	7038 	7514
f 6435 	6454 	5538
f 6431 	6435 	5538
f 7514 	7517 	7040
f 4217 	4219 	3820
f 4190 	4193 	3822
f 5727 	5725 	6454
f 5751 	5727 	6454
f 4629 	7204 	4631
f 6452 	6441 	5790
f 3767 	3824 	4165
f 4631 	7203 	4632
f 6453 	6452 	5753
f 5753 	5751 	6453
f 7522 	7527 	7046
f 3825 	4219 	4223
f 5790 	5783 	6452
f 5783 	5753 	6452
f 3822 	3826 	4190
f 6420 	6419 	5790
f 6421 	6420 	5790
f 6441 	6421 	5790
f 5823 	5803 	6419
f 5803 	5801 	6419
f 7534 	7478 	7051
f 6418 	6417 	5830
f 6419 	6418 	5830
f 7485 	7054 	7053
f 7054 	7485 	7487
f 7054 	7487 	7055
f 5720 	5868 	6427
f 5840 	5830 	6424
f 6417 	6424 	5830
f 7698 	7697 	4599
f 7489 	7490 	7057
f 7696 	7695 	4601
f 7491 	7489 	7055
f 7487 	7491 	7055
f 4264 	3830 	4261
f 7695 	7730 	4609
f 5868 	5863 	6424
f 5863 	5858 	6424
f 6427 	5868 	6428
f 5830 	5823 	6419
f 5801 	5790 	6419
f 7493 	7060 	7059
f 5841 	5840 	6424
f 6424 	6423 	5868
f 6428 	5868 	6423
f 5858 	5841 	6424
f 7493 	7496 	7060
f 4636 	4635 	7253
f 6339 	6382 	2958
f 6382 	6377 	2958
f 3837 	4279 	3838
f 7065 	7570 	7066
f 7253 	7252 	4636
f 7066 	7571 	7067
f 7572 	7067 	7571
f 6376 	6375 	2958
f 4284 	4285 	3840
f 7250 	7249 	4641
f 4285 	4288 	3841
f 7067 	7572 	7069
f 6340 	6339 	2958
f 7069 	7573 	7070
f 2958 	6341 	6340
f 4289 	3844 	3842
f 7576 	7073 	7072
f 5888 	5892 	5886
f 5882 	5886 	5895
f 5878 	5877 	5895
f 5885 	5889 	5886
f 5889 	5888 	5886
f 7126 	7118 	7128
f 7123 	7128 	7118
f 7073 	7577 	7074
f 7128 	7131 	7133
f 4647 	7246 	4648
f 7074 	7580 	7075
f 7128 	7133 	7126
f 6283 	6282 	6286
f 6285 	6288 	6286
f 6288 	6292 	6286
f 6283 	6286 	6292
f 6296 	6316 	6292
f 6316 	6306 	6292
f 7581 	7076 	7075
f 4294 	4295 	3850
f 7078 	7077 	7131
f 6283 	6292 	6308
f 6305 	6308 	6292
f 6306 	6305 	6292
f 7315 	7245 	4648
f 4295 	4302 	3814
f 7131 	7077 	7133
f 6277 	6145 	8251
f 8233 	8251 	6145
f 8232 	8233 	6321
f 7142 	7138 	7139
f 3067 	7833 	7142
f 7138 	7143 	7139
f 4628 	7205 	4629
f 3805 	4153 	3806
f 7674 	3359 	7143
f 7139 	7143 	3359
f 7203 	4631 	7204
f 6145 	6321 	8233
f 7035 	7241 	7033
f 4233 	3808 	4229
f 6322 	6327 	8232
f 6321 	6322 	8232
f 3024 	7525 	7564
f 6326 	6328 	8216
f 2956 	8216 	6328
f 6332 	2956 	6328
f 6327 	6326 	8216
f 8216 	8232 	6327
f 4592 	7605 	4593
f 7564 	6238 	3024
f 6238 	6239 	3024
f 6343 	6327 	6322
f 6273 	3016 	6239
f 6333 	6334 	2956
f 6334 	2958 	2956
f 6341 	2958 	6334
f 4245 	3811 	4251
f 6332 	6333 	2956
f 7162 	7153 	7152
f 6277 	8251 	6278
f 7152 	7165 	7162
f 3828 	4257 	4261
f 6153 	6151 	6159
f 6153 	6159 	6166
f 6153 	6166 	6174
f 3828 	4261 	3830
f 3016 	3024 	6239
f 4265 	3831 	4264
f 7165 	7167 	7166
f 3139 	3152 	3773
f 6278 	8251 	6279
f 3773 	6279 	3136
f 4269 	3832 	4265
f 7171 	7139 	7170
f 4276 	3834 	4272
f 7162 	7165 	7166
f 3144 	3158 	3130
f 3145 	3144 	3130
f 3130 	6279 	8251
f 3136 	6279 	3130
f 3139 	3773 	3136
f 7167 	7172 	7173
f 4639 	4636 	7252
f 7179 	7139 	7177
f 3833 	4272 	3834
f 3149 	3183 	3152
f 7252 	7278 	4639
f 4280 	3838 	4279
f 3183 	3773 	3152
f 4642 	4641 	7249
f 3834 	4276 	3837
f 4279 	3837 	4276
f 7167 	7173 	7166
f 7250 	4641 	4640
f 7118 	7173 	7172
f 4284 	3840 	4283
f 6940 	6941 	3662
f 6941 	6938 	3662
f 3663 	3662 	6938
f 3656 	3654 	6966
f 6966 	6974 	3652
f 3656 	6966 	3652
f 7249 	7248 	4642
f 3842 	3841 	4288
f 3680 	6942 	3677
f 6942 	6943 	3662
f 7184 	3359 	7183
f 7118 	7172 	7123
f 4288 	4291 	3842
f 4289 	3842 	4291
f 7315 	4648 	7246
f 7191 	7139 	7190
f 7192 	7139 	7191
f 3848 	3845 	4293
f 7193 	7139 	7192
f 7190 	7139 	7188
f 3705 	3704 	3708
f 3705 	3708 	3712
f 3705 	3712 	3711
f 3711 	3758 	3705
f 3705 	3684 	3683
f 3705 	3683 	3688
f 3705 	3688 	3691
f 3691 	3692 	3705
f 3698 	3701 	3696
f 3699 	3701 	3698
f 3703 	3696 	3701
f 3705 	3696 	3703
f 7195 	7139 	7193
f 3696 	3705 	3692
f 4293 	4294 	3848
f 3850 	3848 	4294
f 7197 	7139 	7196
f 7196 	7139 	7195
f 3814 	3850 	4295
f 5553 	7646 	7542
f 3765 	3705 	3758
f 3735 	3705 	3740
f 3765 	3766 	3705
f 3733 	3705 	3735
f 3743 	3705 	3733
f 3684 	3705 	3743
f 3740 	3705 	3766
f 7168 	7139 	7209
f 4650 	7244 	4626
f 4296 	3814 	4302
f 5924 	5923 	5922
f 5932 	5923 	5924
f 7188 	3359 	7186
f 7198 	7139 	7197
f 7199 	7139 	7198
f 7186 	3359 	7185
f 3819 	3817 	4303
f 5923 	5932 	5935
f 3820 	3819 	4304
f 4303 	4304 	3819
f 6349 	5923 	6170
f 7151 	7154 	7277
f 7277 	7279 	7151
f 4626 	7208 	4627
f 7206 	4627 	7208
f 4304 	4305 	3820
f 6176 	6171 	5935
f 6160 	6176 	5935
f 7154 	7155 	7277
f 7276 	7277 	7155
f 7279 	7280 	7151
f 5923 	5935 	6170
f 7155 	7156 	7276
f 7205 	4628 	7206
f 7275 	7276 	7156
f 6171 	6170 	5935
f 7390 	6984 	7389
f 4627 	7206 	4628
f 6472 	6471 	6501
f 5923 	6501 	6471
f 6480 	6483 	6471
f 7221 	7151 	7280
f 5923 	6471 	6483
f 7204 	4629 	7205
f 6520 	5923 	6516
f 6524 	5923 	6519
f 6527 	5923 	6524
f 6992 	6985 	7396
f 7209 	7139 	7199
f 3359 	7188 	7139
f 7168 	7170 	7139
f 7171 	7174 	7139
f 7175 	7139 	7174
f 7175 	7177 	7139
f 7082 	6597 	6574
f 7081 	6597 	7082
f 7413 	6999 	7406
f 4632 	7203 	7202
f 6597 	7081 	7080
f 7445 	7448 	7234
f 7234 	7236 	7445
f 6991 	6990 	6989
f 6995 	6989 	6990
f 6997 	6989 	6995
f 7236 	7240 	7380
f 6991 	6989 	6988
f 7202 	4590 	4632
f 7413 	7419 	7000
f 7380 	7240 	7379
f 7404 	7379 	7241
f 7403 	7404 	7241
f 7080 	6705 	6597
f 7430 	7006 	7426
f 7398 	7399 	7241
f 6705 	7079 	6712
f 6712 	7087 	6715
f 6715 	7087 	6717
f 7392 	7394 	7378
f 7087 	7106 	6717
f 6719 	7109 	6724
f 7257 	7139 	7256
f 6725 	6724 	7108
f 7258 	7139 	7257
f 7239 	7238 	4611
f 4612 	4611 	7238
f 7260 	7139 	7259
f 7261 	7139 	7260
f 7259 	7139 	7258
f 7262 	7139 	7261
f 7456 	7301 	7230
f 6725 	7108 	6797
f 4635 	7254 	7253
f 7455 	7456 	7230
f 7230 	7232 	7455
f 7108 	7107 	6797
f 6806 	6797 	7091
f 7448 	7451 	7233
f 7232 	7233 	7451
f 4635 	4612 	7254
f 6820 	6806 	7097
f 6820 	7096 	6835
f 6791 	6835 	7098
f 7233 	7234 	7448
f 7254 	4612 	7237
f 7238 	7237 	4612
f 7098 	6835 	7099
f 7283 	7284 	7221
f 7094 	6835 	7095
f 7099 	6835 	7094
f 7217 	7220 	7284
f 7220 	7221 	7284
f 7095 	6835 	7096
f 7096 	6820 	7097
f 7215 	7216 	7284
f 7091 	7090 	6806
f 7584 	7026 	7582
f 7212 	7213 	7284
f 7121 	7130 	7116
f 7117 	7116 	7130
f 7500 	7028 	7499
f 4640 	4639 	7278
f 7139 	7179 	7284
f 7179 	7212 	7284
f 7501 	7031 	7500
f 7286 	7139 	7285
f 7134 	7136 	7129
f 7136 	7135 	7129
f 7130 	7129 	7135
f 7130 	7135 	7141
f 7130 	7141 	7140
f 7130 	7140 	7117
f 7285 	7139 	7284
f 7293 	7294 	7289
f 7290 	7291 	7289
f 7291 	7292 	7289
f 7292 	7293 	7289
f 7288 	7289 	7294
f 7287 	7288 	7294
f 7294 	7302 	7287
f 7287 	7295 	7296
f 7287 	7296 	7297
f 7297 	7311 	7287
f 7287 	7298 	7299
f 7437 	6513 	3207
f 7250 	4640 	7251
f 7286 	7256 	7139
f 7451 	7455 	7232
f 7380 	7445 	7236
f 7399 	7403 	7241
f 7278 	7251 	4640
f 7303 	7304 	7227
f 3803 	3797 	3103
f 3797 	3799 	3103
f 3120 	3103 	3799
f 3800 	3103 	6513
f 7295 	7287 	7302
f 4645 	4642 	7248
f 3635 	3207 	3103
f 3800 	3803 	3103
f 7247 	4646 	4645
f 7267 	7268 	7321
f 7320 	7321 	7268
f 7248 	7247 	4645
f 7266 	7267 	7321
f 4646 	7247 	4647
f 7246 	4647 	7247
f 7298 	7287 	7311
f 7265 	7266 	7321
f 7321 	7139 	7264
f 7264 	7265 	7321
f 7262 	7263 	7139
f 7263 	7264 	7139
f 7287 	7299 	7319
f 5289 	7319 	7299
f 5289 	7299 	7322
f 5289 	7322 	5285
f 7318 	7327 	7317
f 7323 	7324 	7317
f 7318 	7317 	7324
f 7494 	7467 	7061
f 7325 	7139 	7321
f 7326 	7139 	7325
f 7327 	7332 	7316
f 7327 	7316 	7317
f 7244 	7210 	4626
f 7329 	7139 	7326
f 7496 	7494 	7060
f 7208 	4626 	7210
f 7328 	7316 	7476
f 7332 	7476 	7316
f 7331 	7139 	7329
f 7330 	7328 	7476
f 4650 	4648 	7245
f 7244 	4650 	7245
f 7335 	7338 	7139
f 7338 	7340 	7139
f 7334 	7139 	7333
f 7341 	7462 	7139
f 7337 	7586 	7344
f 7602 	4594 	4593
f 7347 	7344 	7477
f 7333 	7139 	7331
f 7355 	7356 	3067
f 7349 	7347 	7477
f 7045 	7521 	7522
f 7524 	7521 	7044
f 7358 	7363 	3067
f 7353 	7349 	7388
f 7378 	3067 	7364
f 7363 	7364 	3067
f 7368 	7378 	7364
f 7370 	7378 	7368
f 7371 	7378 	7370
f 7356 	7357 	3067
f 7527 	7529 	7048
f 7365 	7361 	7372
f 7366 	7361 	7365
f 7534 	7050 	7532
f 7373 	7378 	7371
f 7374 	7378 	7373
f 7357 	7358 	3067
f 7372 	7361 	7375
f 7376 	7378 	7374
f 6982 	7381 	7382
f 7701 	7700 	4674
f 7385 	7361 	7384
f 7362 	7351 	7384
f 7375 	7361 	7377
f 7386 	6983 	7382
f 7376 	7387 	7378
f 7700 	7699 	4675
f 7351 	7353 	7384
f 6815 	7412 	6808
f 6810 	6808 	7412
f 7412 	6815 	6819
f 7378 	7391 	7392
f 7391 	7378 	7387
f 7394 	7395 	7378
f 7241 	7378 	7395
f 6964 	7007 	6965
f 6968 	7007 	6964
f 6965 	7007 	6962
f 7398 	7241 	7395
f 7241 	7379 	7240
f 6960 	6959 	6986
f 6961 	6986 	6959
f 7885 	7884 	4680
f 7301 	7303 	7227
f 7227 	7230 	7301
f 7304 	7305 	7225
f 7224 	7225 	7305
f 7406 	6998 	7402
f 6819 	7408 	7409
f 7410 	7411 	7409
f 7411 	7412 	7409
f 6819 	7409 	7412
f 7417 	7142 	7414
f 7421 	7142 	7420
f 4692 	4690 	7702
f 7424 	7142 	7423
f 7421 	7423 	7142
f 7426 	7005 	7425
f 4674 	4692 	7701
f 7702 	7701 	4692
f 7310 	7312 	3207
f 7432 	7068 	7430
f 7434 	3067 	7431
f 7312 	7450 	3207
f 7355 	3067 	7352
f 7436 	7015 	7435
f 3207 	7444 	7437
f 7018 	7441 	7443
f 7446 	7437 	7444
f 7444 	3207 	7442
f 7018 	7017 	7441
f 7452 	3207 	7450
f 7019 	7443 	7447
f 7309 	7313 	7223
f 7454 	7021 	7453
f 7313 	7314 	7223
f 7442 	3207 	7452
f 7307 	7308 	4038
f 6513 	3103 	3207
f 7268 	7223 	7314
f 7223 	7224 	7309
f 7025 	7024 	7459
f 4038 	7308 	3207
f 7310 	3207 	7308
f 7463 	7465 	7139
f 7462 	7463 	7139
f 6982 	6979 	7381
f 6809 	6808 	6810
f 7465 	7466 	7139
f 6967 	7007 	6968
f 7142 	7139 	7466
f 7470 	7142 	7466
f 7340 	7341 	7139
f 6997 	6960 	6989
f 7471 	7142 	7470
f 4601 	4600 	7696
f 7483 	7461 	4038
f 7306 	7307 	4038
f 7499 	7027 	7474
f 7474 	7027 	7473
f 7026 	7473 	7027
f 7407 	7142 	7471
f 4609 	4601 	7695
f 7473 	7026 	7475
f 4610 	4609 	7730
f 7377 	7361 	7385
f 7362 	7384 	7361
f 7477 	7388 	7349
f 7504 	7505 	7330
f 7336 	7330 	7505
f 7476 	7504 	7330
f 7388 	7383 	7353
f 7383 	7384 	7353
f 7334 	7335 	7139
f 7407 	7414 	7142
f 7420 	7142 	7417
f 7428 	7142 	7424
f 7429 	7142 	7428
f 7431 	7142 	7429
f 7352 	3067 	7434
f 7479 	7051 	7478
f 7142 	7431 	3067
f 7480 	6810 	7412
f 7053 	7052 	7481
f 7461 	7306 	4038
f 7053 	7481 	7485
f 7305 	7309 	7224
f 7314 	7320 	7268
f 7225 	7227 	7304
f 7037 	7038 	7241
f 7704 	7703 	4689
f 6826 	6831 	7806
f 6811 	7806 	6831
f 7058 	7057 	7490
f 6958 	7007 	6955
f 6956 	7007 	6967
f 6955 	7007 	6956
f 6971 	7007 	6958
f 6272 	6273 	6239
f 7059 	7058 	7492
f 7490 	7492 	7058
f 6987 	6961 	7007
f 6986 	6961 	6987
f 6989 	6960 	6986
f 6961 	6962 	7007
f 7059 	7492 	7493
f 6705 	7080 	7079
f 7087 	6712 	7079
f 7061 	7060 	7494
f 7497 	7498 	3359
f 7495 	7497 	3359
f 7181 	3359 	7498
f 7091 	6797 	7092
f 7097 	6806 	7090
f 7108 	6724 	7109
f 6718 	7106 	6719
f 6717 	7106 	6718
f 7092 	6797 	7107
f 7182 	3359 	7181
f 7120 	7163 	7121
f 7125 	7163 	7120
f 7163 	7132 	7121
f 7185 	3359 	7184
f 7130 	7121 	7132
f 7502 	7033 	7501
f 7183 	3359 	7182
f 4038 	7595 	7483
f 6239 	6242 	6272
f 7505 	7586 	7336
f 7337 	7336 	7586
f 7255 	3499 	7243
f 7586 	7508 	7509
f 7586 	7509 	7477
f 7508 	7586 	7513
f 7895 	4703 	4702
f 6810 	7480 	7515
f 6810 	7515 	7516
f 6811 	6810 	7593
f 7519 	7482 	7518
f 7595 	7518 	7483
f 7044 	7043 	7520
f 5878 	5893 	5900
f 7510 	3495 	7523
f 7523 	3496 	7255
f 5900 	5904 	5878
f 6534 	5878 	6540
f 7044 	7520 	7524
f 7045 	7044 	7521
f 6394 	7526 	6395
f 7048 	7046 	7527
f 7049 	7048 	7529
f 7156 	7160 	7275
f 6393 	7530 	7526
f 6393 	7526 	6394
f 7280 	7281 	7221
f 7281 	7282 	7221
f 7530 	6393 	6392
f 4680 	4679 	7885
f 7886 	7885 	4679
f 3514 	7041 	7531
f 7282 	7283 	7221
f 7050 	7049 	7532
f 7049 	7529 	7536
f 7536 	7532 	7049
f 7216 	7217 	7284
f 6409 	6407 	7538
f 7214 	7215 	7284
f 7531 	8259 	8254
f 7213 	7214 	7284
f 7568 	7065 	7567
f 7540 	7538 	6407
f 7068 	7569 	7064
f 4665 	7349 	4666
f 7540 	6407 	7541
f 7351 	4669 	4667
f 7531 	8168 	8162
f 5535 	7546 	6430
f 7546 	7547 	6430
f 7543 	6430 	7547
f 7551 	3359 	6222
f 7070 	7574 	7071
f 7530 	6392 	7554
f 7531 	7123 	7172
f 7551 	7555 	3359
f 7556 	3359 	7555
f 7576 	7072 	7575
f 7495 	3359 	7556
f 6392 	6391 	7554
f 7531 	7084 	7078
f 7580 	7074 	7579
f 7093 	7084 	7531
f 7531 	7128 	7123
f 7559 	7554 	6396
f 6396 	6397 	7559
f 6391 	6396 	7554
f 7557 	7559 	6397
f 6270 	6272 	6242
f 7531 	7131 	7128
f 7895 	7894 	4703
f 7531 	7167 	7165
f 6269 	6270 	6242
f 7076 	7581 	7582
f 7531 	7152 	8168
f 7531 	8196 	8192
f 6377 	6376 	2958
f 7893 	4705 	4704
f 7076 	7582 	7026
f 7531 	8182 	8181
f 7893 	7930 	4705
f 6375 	6369 	2958
f 7570 	7065 	7568
f 3005 	3490 	7510
f 5895 	5894 	5878
f 5894 	5893 	5878
f 7531 	8349 	8259
f 7433 	7569 	7068
f 7433 	7068 	7432
f 7531 	8283 	8282
f 3011 	3486 	3008
f 6254 	3485 	3011
f 4098 	4101 	5964
f 7567 	7064 	7566
f 7566 	7064 	7569
f 4447 	4445 	6003
f 4428 	4427 	5999
f 7890 	7946 	4711
f 3008 	3489 	3005
f 6003 	6001 	4447
f 8192 	8182 	7531
f 6174 	6173 	6153
f 6172 	6156 	6173
f 6179 	6186 	6156
f 7575 	7071 	7574
f 6232 	6212 	6233
f 7272 	7273 	7488
f 7070 	7573 	7574
f 6316 	6296 	6295
f 6294 	6316 	6295
f 7274 	7275 	7161
f 7886 	4679 	4678
f 7562 	7564 	7525
f 7577 	7073 	7576
f 7165 	7152 	7531
f 6826 	7806 	6828
f 6980 	7002 	6970
f 7578 	7074 	7577
f 7273 	7274 	7161
f 7579 	7074 	7578
f 6971 	6970 	7007
f 7008 	7007 	6970
f 7131 	7531 	7078
f 7085 	7088 	7105
f 7161 	7488 	7273
f 7086 	7085 	7105
f 7475 	7026 	7584
f 7163 	7125 	7124
f 7158 	7164 	7124
f 7477 	7344 	7586
f 7586 	7800 	7590
f 7589 	7590 	7794
f 7590 	7512 	7586
f 7513 	7586 	7512
f 7160 	7161 	7275
f 7516 	7593 	6810
f 7593 	7810 	6811
f 7243 	3464 	7242
f 8162 	8159 	7531
f 7482 	7483 	7518
f 7531 	8159 	8196
f 5335 	5339 	7138
f 7531 	8361 	8356
f 6349 	6517 	5923
f 7093 	7531 	7029
f 5923 	6422 	6501
f 7041 	7032 	7531
f 6526 	5923 	6527
f 7531 	7032 	7029
f 6517 	6516 	5923
f 6520 	6519 	5923
f 5687 	3012 	3004
f 7531 	7172 	7167
f 7202 	7201 	4590
f 5685 	5684 	3022
f 5685 	3022 	3012
f 5685 	3012 	5687
f 7531 	8356 	8355
f 7611 	4590 	7201
f 3062 	3023 	5692
f 3023 	3022 	5692
f 5693 	5692 	3022
f 5693 	3022 	5684
f 3069 	5692 	3091
f 3062 	5692 	3069
f 3091 	5695 	3097
f 4590 	7611 	4592
f 7604 	4592 	7611
f 7605 	4592 	7604
f 7599 	4593 	7605
f 7624 	7626 	7623
f 7625 	7626 	7624
f 3401 	7623 	7626
f 3401 	7626 	7627
f 3401 	7627 	7628
f 3401 	7628 	3398
f 7602 	4593 	7599
f 5699 	5698 	3295
f 3305 	3304 	5698
f 3304 	3295 	5698
f 4594 	7602 	7629
f 3305 	5698 	3347
f 3347 	5706 	3348
f 7316 	4596 	7317
f 5710 	5707 	3348
f 3368 	3348 	5707
f 5707 	5761 	3393
f 3424 	3408 	5767
f 3408 	3393 	5767
f 7601 	7600 	4595
f 3452 	3424 	5745
f 5747 	5745 	3424
f 3473 	3452 	5750
f 7600 	7607 	4595
f 3278 	3559 	5674
f 7317 	4595 	7608
f 7608 	7614 	7317
f 7607 	7608 	4595
f 5750 	5670 	3498
f 3498 	3497 	5750
f 3559 	3545 	5669
f 5674 	3559 	5675
f 5704 	5705 	7212
f 7614 	7323 	7317
f 3545 	3538 	5669
f 5675 	3559 	5669
f 5640 	5633 	5629
f 7601 	4595 	7629
f 4594 	7629 	4595
f 5640 	5629 	5631
f 5670 	5669 	3538
f 3497 	3473 	5750
f 5743 	5750 	3452
f 5745 	5743 	3452
f 7645 	3675 	7644
f 3538 	3498 	5670
f 5447 	5446 	2952
f 4654 	7316 	7328
f 7151 	7221 	5742
f 5742 	5746 	7151
f 5649 	2952 	5446
f 4654 	7328 	4655
f 7709 	7639 	7653
f 7656 	6973 	7646
f 5630 	5629 	5649
f 7645 	7647 	7646
f 7643 	7647 	7645
f 7643 	7645 	7644
f 7330 	4655 	7328
f 7160 	5754 	7161
f 5876 	5875 	2952
f 5447 	2952 	5443
f 7644 	7639 	7648
f 3676 	3436 	7639
f 5078 	5437 	5839
f 7644 	7648 	7641
f 7644 	7641 	7643
f 4655 	7330 	4657
f 3436 	3442 	7639
f 5153 	5156 	5155
f 5199 	5155 	5156
f 5156 	5158 	5199
f 5158 	5161 	5199
f 5168 	5467 	5164
f 5181 	5465 	5168
f 5467 	5473 	5164
f 7646 	7654 	7655
f 7646 	7655 	7656
f 7662 	6973 	7656
f 7336 	4657 	7330
f 7657 	7653 	7652
f 7654 	7646 	7647
f 5198 	5202 	5199
f 5202 	5155 	5199
f 5691 	5696 	7174
f 7652 	7651 	7657
f 5078 	5434 	5437
f 7337 	4658 	7336
f 4657 	7336 	4658
f 7659 	7656 	7655
f 5443 	5839 	5437
f 7655 	7654 	7659
f 7647 	7659 	7654
f 5161 	5164 	5199
f 7663 	6158 	7662
f 7661 	7657 	7651
f 7662 	7656 	7659
f 5201 	5199 	5164
f 7337 	4659 	4658
f 5181 	5458 	5461
f 5181 	5461 	5463
f 5181 	5463 	5462
f 5468 	5168 	5465
f 5467 	5168 	5468
f 5462 	5465 	5181
f 7663 	7662 	7667
f 7659 	7667 	7662
f 7175 	7174 	5697
f 5473 	5480 	5164
f 5480 	5454 	5164
f 5454 	5220 	5164
f 3359 	7725 	7661
f 5220 	5201 	5164
f 5697 	5700 	7175
f 7670 	6140 	7663
f 7670 	7663 	7673
f 5700 	5702 	7177
f 7667 	7673 	7663
f 5839 	5443 	5875
f 2952 	5875 	5443
f 3359 	7674 	7675
f 7724 	7661 	7725
f 7678 	7679 	7677
f 7625 	7677 	7679
f 7625 	7679 	7626
f 5702 	5708 	7179
f 5906 	5878 	5903
f 6531 	5878 	5906
f 7674 	6908 	7680
f 7212 	7179 	5704
f 5964 	5967 	4098
f 4112 	4107 	5967
f 7681 	7675 	7692
f 7674 	7692 	7675
f 5996 	4112 	5994
f 5999 	4427 	5996
f 5998 	4433 	5999
f 6000 	4433 	5998
f 6005 	4433 	6000
f 7684 	7685 	7686
f 7687 	7688 	7686
f 7684 	7686 	7688
f 7684 	7688 	7689
f 7684 	7689 	7690
f 7684 	7690 	7691
f 7673 	7692 	7674
f 6172 	6179 	6156
f 6186 	6185 	6156
f 6212 	6156 	6185
f 6185 	6221 	6212
f 7674 	7680 	7673
f 7686 	7706 	7687
f 6221 	6225 	6212
f 6225 	6230 	6212
f 6234 	6212 	6230
f 6233 	6212 	6234
f 7675 	7707 	3359
f 7725 	3359 	7707
f 6316 	6294 	6297
f 6316 	6297 	6298
f 6299 	6301 	6298
f 6303 	6317 	6298
f 6301 	6303 	6298
f 7680 	6909 	7670
f 4675 	4674 	7700
f 7675 	7681 	7707
f 6311 	6317 	6303
f 6312 	6317 	6311
f 6316 	6298 	6317
f 6369 	6367 	2952
f 2952 	6367 	6366
f 6379 	2952 	6366
f 2952 	2958 	6369
f 4676 	4675 	7699
f 7680 	7670 	7673
f 7698 	4599 	4676
f 7639 	7709 	7710
f 7639 	7710 	7648
f 7712 	7713 	7711
f 7691 	7711 	7713
f 7691 	7713 	7714
f 7691 	7714 	7715
f 7691 	7715 	7716
f 7716 	7764 	7691
f 7691 	7723 	7717
f 7691 	7717 	7718
f 7718 	7729 	7691
f 7691 	7719 	7720
f 7691 	7720 	7721
f 7699 	7698 	4676
f 7544 	6412 	7543
f 7541 	6412 	7544
f 7561 	6397 	7538
f 7563 	7557 	6397
f 7561 	7563 	6397
f 6409 	7538 	6397
f 6412 	7541 	6407
f 6430 	7543 	6412
f 7709 	7657 	8294
f 7653 	7657 	7709
f 7697 	7696 	4600
f 7724 	7725 	7726
f 7724 	7726 	7727
f 7724 	7727 	7728
f 5725 	5538 	6454
f 7725 	7707 	7726
f 5755 	5756 	7161
f 7651 	6169 	7661
f 2952 	6379 	6495
f 2952 	6495 	6498
f 4600 	4599 	7697
f 6498 	6508 	2952
f 8294 	7727 	7726
f 7719 	7691 	7729
f 6507 	2952 	6508
f 5876 	2952 	6507
f 7707 	7681 	7726
f 8294 	7726 	7681
f 6507 	6510 	5876
f 5904 	5903 	5878
f 6538 	5878 	6537
f 6531 	6537 	5878
f 6539 	5878 	6538
f 6541 	5878 	6542
f 6546 	5878 	6539
f 6542 	5878 	6546
f 7691 	7721 	7684
f 7728 	8294 	7724
f 8294 	7657 	7724
f 7661 	7724 	7657
f 7239 	4611 	7693
f 6354 	5923 	6355
f 6346 	6350 	5923
f 6356 	5923 	6350
f 7730 	7694 	4610
f 7531 	8181 	8361
f 4611 	4610 	7693
f 6356 	6355 	5923
f 6530 	6347 	5923
f 6489 	6502 	6429
f 6429 	6502 	6422
f 6502 	6501 	6422
f 6354 	6422 	5923
f 7694 	7693 	4610
f 6489 	6503 	6502
f 6493 	6503 	6489
f 7905 	7705 	4688
f 6529 	5923 	6525
f 6528 	5923 	6529
f 5775 	5776 	7198
f 6347 	6346 	5923
f 4690 	7703 	7702
f 6526 	6525 	5923
f 6530 	5923 	6528
f 4690 	4689 	7703
f 7741 	7744 	7745
f 5788 	5792 	7209
f 7741 	7745 	7740
f 7641 	7745 	7744
f 5872 	5814 	5870
f 5071 	5870 	5814
f 7744 	7643 	7641
f 5814 	2953 	5815
f 5817 	5816 	2953
f 5815 	2953 	5816
f 5872 	6512 	5814
f 5766 	7196 	7195
f 7814 	7815 	2953
f 7820 	7823 	2953
f 7767 	7691 	7765
f 7764 	7765 	7691
f 7769 	7691 	7767
f 7769 	7722 	7691
f 6795 	2953 	6512
f 6795 	7811 	2953
f 5779 	5775 	7197
f 6804 	6822 	7806
f 6800 	6799 	7806
f 7723 	7691 	7722
f 6830 	7806 	6822
f 6828 	7806 	6830
f 6799 	6804 	7806
f 5788 	7209 	7199
f 8279 	8292 	7531
f 6976 	6975 	6981
f 6976 	6981 	6980
f 6970 	6969 	6980
f 6976 	6980 	6969
f 6976 	6969 	6972
f 7009 	6970 	7003
f 7008 	6970 	7009
f 7002 	7003 	6970
f 7775 	7776 	7777
f 7778 	7786 	7777
f 7779 	7786 	7778
f 7780 	7786 	7779
f 7781 	7786 	7780
f 7103 	7104 	7101
f 7088 	7101 	7104
f 7105 	7106 	7086
f 7087 	7086 	7106
f 7109 	6719 	7106
f 7104 	7105 	7088
f 7127 	7159 	7122
f 7344 	4659 	7337
f 7127 	7144 	7145
f 7150 	7149 	7145
f 7149 	7157 	7145
f 7157 	7159 	7145
f 7158 	7124 	7159
f 7163 	7124 	7164
f 7124 	7122 	7159
f 7145 	7146 	7150
f 7127 	7145 	7159
f 7786 	7787 	7775
f 7775 	7777 	7786
f 7786 	7781 	7788
f 7786 	7788 	7789
f 7789 	7812 	7786
f 7786 	7790 	7791
f 7792 	7793 	7791
f 7786 	7791 	7793
f 7824 	7598 	4038
f 5912 	5917 	7184
f 7797 	7798 	7795
f 7794 	7795 	7798
f 7794 	7798 	7799
f 4659 	7344 	4663
f 7347 	4663 	7344
f 7794 	7590 	7800
f 7799 	7801 	7794
f 7794 	7801 	7802
f 7589 	7794 	7802
f 7806 	6811 	7805
f 7806 	7807 	6800
f 4663 	7347 	4665
f 7807 	7806 	7808
f 7349 	4665 	7347
f 6811 	7810 	7804
f 7804 	7805 	6811
f 5691 	7174 	7171
f 7790 	7786 	7812
f 7814 	2953 	7811
f 7816 	2953 	7815
f 7816 	7819 	2953
f 7811 	7818 	7814
f 7177 	7175 	5700
f 7179 	7177 	5702
f 7823 	7824 	2953
f 7819 	7820 	2953
f 7825 	4971 	7821
f 7762 	7821 	7833
f 7830 	4971 	7825
f 4038 	2953 	7824
f 7595 	4038 	7598
f 6512 	2953 	5814
f 7828 	7829 	7827
f 7791 	7827 	7829
f 7791 	7829 	7792
f 5647 	5793 	2952
f 5787 	5789 	2952
f 5789 	5791 	2953
f 2952 	5789 	2953
f 2952 	5649 	5636
f 5647 	2952 	5646
f 4666 	7353 	4667
f 5636 	5629 	5633
f 5636 	5649 	5629
f 7351 	4667 	7353
f 7531 	7881 	3567
f 5643 	5642 	5787
f 5636 	5646 	2952
f 5778 	5772 	3424
f 5767 	5778 	3424
f 5710 	3348 	5706
f 5706 	3347 	5698
f 5761 	5767 	3393
f 3393 	3376 	5707
f 3376 	3368 	5707
f 3097 	5695 	3295
f 5699 	3295 	5695
f 5695 	3091 	5692
f 7353 	4666 	7349
f 7154 	7151 	5746
f 5748 	7156 	7155
f 5772 	5747 	3424
f 7154 	5746 	7155
f 5643 	5787 	5793
f 5787 	2952 	5793
f 5817 	2953 	5818
f 7362 	4669 	7351
f 5825 	2953 	5791
f 5825 	5828 	2953
f 5756 	5757 	7161
f 5818 	2953 	5828
f 4669 	7362 	4695
f 7361 	4695 	7362
f 5697 	7174 	5696
f 7747 	4697 	7361
f 7750 	4697 	7747
f 7213 	7212 	5705
f 5704 	7179 	5708
f 7758 	7361 	7763
f 7772 	7763 	7361
f 7214 	7213 	5721
f 5705 	5721 	7213
f 7366 	7772 	7361
f 7361 	7758 	7747
f 5721 	5722 	7214
f 4697 	7750 	4698
f 7217 	7216 	5724
f 5723 	5724 	7216
f 7749 	4698 	7750
f 5726 	5723 	7215
f 7757 	4698 	7749
f 4698 	7757 	4699
f 7756 	4699 	7757
f 7216 	7215 	5723
f 7220 	7217 	5738
f 5724 	5738 	7217
f 5738 	5740 	7220
f 7756 	7755 	4700
f 7756 	4700 	4699
f 7221 	5741 	5742
f 7755 	7754 	4700
f 5749 	7156 	5748
f 7155 	5746 	5748
f 7156 	5749 	7160
f 5754 	7160 	5749
f 7161 	5754 	5755
f 7488 	7161 	5757
f 7897 	4701 	7754
f 4700 	7754 	4701
f 7881 	7077 	7083
f 4702 	4701 	7896
f 7897 	7896 	4701
f 5759 	5762 	7193
f 5766 	5771 	7196
f 4704 	4703 	7894
f 8350 	8354 	7881
f 4702 	7896 	7895
f 7198 	7197 	5775
f 8253 	8258 	7881
f 7168 	7209 	5792
f 4704 	7894 	7893
f 8359 	8179 	7881
f 7170 	7168 	5794
f 7639 	7644 	3675
f 3676 	7639 	3675
f 5794 	5795 	7170
f 8158 	8161 	7881
f 7153 	7162 	7881
f 4706 	4705 	7930
f 5820 	7192 	7191
f 7118 	7126 	7881
f 7937 	7933 	7936
f 7932 	7936 	7933
f 5820 	5758 	7192
f 7193 	7192 	5759
f 7937 	7936 	7939
f 7173 	7118 	7881
f 4708 	4706 	7891
f 7938 	7939 	7936
f 7195 	7193 	5762
f 7126 	7133 	7881
f 5762 	5766 	7195
f 7166 	7173 	7881
f 7197 	7196 	5771
f 7892 	7891 	4706
f 7930 	7892 	4706
f 7939 	7938 	7740
f 7133 	7077 	7881
f 7199 	7198 	5776
f 4711 	4708 	7890
f 7197 	5771 	5779
f 7030 	7034 	7881
f 7740 	7938 	7741
f 4708 	7891 	7890
f 4110 	8343 	4064
f 7089 	7030 	7881
f 7199 	5776 	5788
f 7034 	7039 	7881
f 4712 	4711 	7946
f 5792 	5794 	7168
f 7083 	7089 	7881
f 7171 	7170 	5795
f 7162 	7166 	7881
f 8225 	4094 	4091
f 5795 	5688 	7171
f 7881 	8161 	8167
f 7498 	5940 	7181
f 7887 	4678 	4712
f 7952 	2970 	2963
f 7889 	7887 	4712
f 5908 	7182 	5909
f 7181 	5909 	7182
f 4712 	7946 	7889
f 7952 	2963 	7955
f 8167 	7153 	7881
f 5913 	7183 	5908
f 7955 	7958 	7959
f 7182 	5908 	7183
f 7959 	7952 	7955
f 5912 	7184 	5913
f 7183 	5913 	7184
f 7958 	7964 	7965
f 7185 	5917 	5915
f 7185 	5915 	7186
f 8357 	8359 	7881
f 7185 	7184 	5917
f 4678 	7887 	7886
f 7958 	7965 	7959
f 7188 	7186 	5919
f 5915 	5919 	7186
f 7972 	7965 	7964
f 7881 	8354 	8357
f 7190 	7188 	5921
f 5919 	5921 	7188
f 7964 	7977 	7972
f 5921 	5925 	7190
f 4685 	4680 	7884
f 5759 	7192 	5758
f 8217 	8275 	7881
f 7977 	7932 	7972
f 7981 	4686 	4685
f 7933 	7972 	7932
f 7884 	7981 	4685
f 3565 	7881 	7039
f 4688 	4686 	7905
f 7981 	7883 	4686
f 3566 	3567 	7881
f 3565 	3566 	7881
f 7881 	7531 	8292
f 7905 	4686 	7882
f 7883 	7882 	4686
f 4689 	4688 	7704
f 7704 	4688 	7705
f 4950 	7242 	7241
f 4730 	7559 	4731
f 7557 	4734 	4731
f 4732 	7561 	4735
f 4736 	7540 	4737
f 7544 	4740 	7541
f 4737 	7541 	4740
f 7544 	4741 	4740
f 5535 	4372 	7546
f 7273 	4987 	7274
f 4992 	7275 	4988
f 7274 	4988 	7275
f 4992 	7276 	7275
f 7541 	4737 	7540
f 4742 	7547 	4743
f 7538 	4735 	7561
f 7256 	7286 	5021
f 4734 	7563 	4732
f 5021 	5023 	7256
f 4735 	7538 	4736
f 7540 	4736 	7538
f 4979 	4980 	7224
f 7230 	7227 	4940
f 4940 	4943 	7230
f 4944 	7233 	7232
f 7710 	8294 	7648
f 7240 	4949 	7241
f 7243 	4953 	7255
f 4954 	7523 	7255
f 7225 	7224 	4980
f 4980 	4938 	7225
f 7225 	4939 	7227
f 4725 	8099 	4726
f 7227 	4939 	4940
f 8098 	4726 	8099
f 7232 	7230 	4943
f 5166 	5179 	4725
f 7232 	4943 	4944
f 7234 	7233 	4946
f 4944 	4946 	7233
f 5179 	8099 	4725
f 7234 	4946 	4947
f 7234 	4947 	7236
f 8095 	4727 	8098
f 7240 	7236 	4949
f 4947 	4949 	7236
f 4726 	8098 	4727
f 4950 	7241 	4949
f 8094 	4727 	8095
f 4089 	8226 	4091
f 8104 	7526 	8101
f 7242 	4952 	7243
f 4953 	7243 	4952
f 8094 	8101 	7526
f 4727 	8094 	7526
f 8106 	7526 	8104
f 4952 	7242 	4950
f 4094 	8256 	4114
f 8106 	6395 	7526
f 4954 	7255 	4953
f 7530 	4728 	7526
f 4727 	7526 	4728
f 7554 	4729 	7530
f 4728 	7530 	4729
f 4729 	7554 	4730
f 7265 	4970 	7266
f 4972 	4973 	7267
f 8343 	8342 	4064
f 4972 	7267 	7266
f 7543 	4741 	7544
f 4970 	4974 	7266
f 7546 	4743 	7547
f 4973 	4976 	7268
f 7547 	4742 	7543
f 4741 	7543 	4742
f 4979 	7224 	7223
f 5030 	5031 	7260
f 7557 	4731 	7559
f 5031 	4962 	7261
f 7261 	4963 	7262
f 7559 	4730 	7554
f 7563 	4734 	7557
f 7263 	7262 	4966
f 4963 	4966 	7262
f 7264 	7263 	4967
f 4966 	4967 	7263
f 7561 	4732 	7563
f 7265 	7264 	4968
f 4967 	4968 	7264
f 4968 	4970 	7265
f 7268 	7267 	4973
f 4972 	7266 	4974
f 7223 	7268 	4976
f 7223 	4976 	4979
f 4159 	8397 	4162
f 8397 	8396 	4162
f 4985 	7272 	4983
f 4114 	8222 	4115
f 4997 	7279 	7277
f 4997 	4998 	7279
f 7280 	7279 	4998
f 4130 	6931 	4131
f 4998 	5010 	7280
f 7283 	5015 	7284
f 5015 	5020 	7284
f 7286 	5017 	5021
f 8133 	3019 	3017
f 8340 	8338 	4069
f 7271 	4983 	7272
f 4988 	7274 	4987
f 4760 	8436 	4761
f 8133 	7964 	7958
f 7273 	7272 	4989
f 4074 	8336 	4077
f 4987 	7273 	4989
f 4985 	4989 	7272
f 8133 	7741 	7938
f 4082 	8333 	4083
f 4993 	7276 	4992
f 8435 	4764 	4761
f 8133 	7643 	7744
f 8385 	8332 	4083
f 7276 	4996 	7277
f 4765 	8433 	4769
f 8133 	7659 	7647
f 4993 	4995 	7276
f 8432 	4770 	4769
f 8248 	7881 	8245
f 7277 	4996 	4997
f 4773 	8430 	4774
f 8401 	4152 	4151
f 8133 	7647 	7643
f 5007 	7282 	7281
f 8401 	8400 	4152
f 8429 	8428 	4774
f 8399 	8398 	4155
f 7881 	8234 	8245
f 7283 	7282 	5014
f 5007 	5014 	7282
f 8397 	4159 	8398
f 7531 	8223 	8279
f 7283 	5014 	5015
f 8133 	7977 	7964
f 8133 	7958 	7955
f 5017 	7286 	7285
f 8133 	3007 	3040
f 8133 	3317 	3306
f 8133 	3306 	3250
f 3171 	3196 	4786
f 7257 	7256 	5023
f 8133 	3216 	3202
f 3169 	3168 	4788
f 7258 	7257 	5024
f 5023 	5024 	7257
f 8133 	3202 	3128
f 5024 	5027 	7258
f 5030 	7260 	7259
f 7673 	8133 	7692
f 7531 	8286 	8283
f 3113 	8133 	3118
f 8133 	3128 	3127
f 8133 	3250 	3223
f 7881 	8248 	8253
f 8133 	2961 	3007
f 7955 	2963 	8133
f 8443 	4796 	4795
f 6950 	4200 	4185
f 7673 	7667 	8133
f 8133 	7667 	7659
f 4756 	8439 	4757
f 8438 	4758 	4757
f 8133 	7744 	7741
f 4221 	3065 	4222
f 8347 	8350 	7881
f 8133 	7932 	7977
f 7881 	8258 	8347
f 8133 	2963 	2961
f 4226 	3075 	4227
f 4764 	8434 	4765
f 8133 	3327 	3317
f 3076 	4226 	4222
f 8432 	4769 	8433
f 8133 	3127 	3118
f 4231 	3080 	4235
f 3090 	3249 	4235
f 8133 	8294 	7692
f 8159 	8162 	8161
f 8161 	8158 	8159
f 8167 	8162 	8168
f 7357 	5183 	7358
f 8162 	8167 	8161
f 5180 	5182 	7356
f 5191 	7363 	5183
f 7358 	5183 	7363
f 8168 	7152 	7153
f 5191 	7364 	7363
f 7153 	8167 	8168
f 8446 	4793 	4792
f 8446 	8445 	4793
f 7368 	5195 	7370
f 7881 	8194 	8158
f 8439 	4756 	8440
f 4798 	8441 	4799
f 8438 	4757 	8439
f 8181 	8182 	8183
f 8429 	4774 	8430
f 4770 	8454 	4773
f 8179 	8181 	8183
f 8188 	8183 	8182
f 3167 	3166 	4791
f 4792 	4791 	3166
f 3166 	3165 	4792
f 8182 	8192 	8188
f 8445 	8447 	4794
f 8192 	8196 	8188
f 8194 	8188 	8196
f 8158 	8194 	8196
f 3072 	3071 	4227
f 3327 	8133 	3017
f 7428 	5232 	7429
f 8158 	8196 	8159
f 4782 	2974 	4800
f 3088 	3087 	4238
f 2988 	4801 	4800
f 8194 	7881 	8188
f 8457 	8456 	4250
f 8183 	7881 	8179
f 8183 	8188 	7881
f 5450 	7374 	7373
f 5203 	5205 	7373
f 4256 	2985 	2984
f 4256 	2984 	4259
f 7374 	5451 	7376
f 4260 	4259 	2986
f 2984 	2986 	4259
f 7942 	7343 	4888
f 3000 	4262 	4260
f 5456 	7387 	5455
f 7376 	5455 	7387
f 2986 	2987 	4260
f 3000 	3014 	4262
f 7387 	5456 	7391
f 4141 	3025 	3026
f 4141 	3026 	4142
f 4263 	3025 	4141
f 4147 	4142 	3039
f 3026 	3039 	4142
f 3039 	3049 	4147
f 7398 	5528 	7399
f 5529 	7399 	5528
f 3121 	4218 	4211
f 4218 	3140 	4220
f 3064 	4222 	3065
f 3076 	4222 	3064
f 4220 	3068 	4221
f 3151 	3068 	4220
f 7399 	5529 	7403
f 3072 	4227 	3075
f 3075 	4226 	3076
f 4230 	3082 	4231
f 3081 	4231 	3082
f 7404 	5557 	7379
f 8133 	3223 	3216
f 3090 	4235 	3080
f 3081 	3080 	4231
f 4236 	4235 	3249
f 3249 	3089 	4236
f 3088 	4236 	3089
f 4238 	4236 	3088
f 3113 	8294 	8133
f 5160 	5165 	7434
f 4781 	2973 	4782
f 5176 	7355 	7352
f 5176 	5180 	7355
f 7356 	7355 	5180
f 2988 	4800 	2974
f 7370 	5200 	7371
f 4266 	2957 	8214
f 5203 	7373 	7371
f 8214 	8217 	4266
f 7417 	7414 	5276
f 5272 	5276 	7414
f 5218 	5219 	7417
f 5276 	5218 	7417
f 2956 	8223 	8216
f 5219 	5221 	7420
f 8229 	4362 	8228
f 8250 	8246 	3484
f 7424 	7423 	5224
f 5223 	5224 	7423
f 8228 	8234 	8229
f 8223 	8233 	8232
f 8214 	4417 	8238
f 5224 	5230 	7424
f 8229 	8234 	8238
f 8232 	8216 	8223
f 5236 	5237 	7429
f 8242 	3449 	8241
f 8228 	3449 	8242
f 8251 	8252 	3146
f 5232 	5236 	7429
f 4088 	8227 	4089
f 8228 	8242 	8234
f 8245 	8234 	8242
f 5237 	5240 	7431
f 7434 	7431 	5160
f 8242 	8241 	8245
f 8241 	3463 	8246
f 4089 	8227 	8226
f 8245 	8241 	8248
f 8246 	8248 	8241
f 7936 	8133 	7938
f 8227 	4088 	8230
f 7936 	7932 	8133
f 8249 	8253 	8250
f 8251 	8254 	8252
f 8225 	4091 	8226
f 3482 	3484 	8246
f 4821 	3172 	3171
f 3171 	4786 	4821
f 8246 	8250 	8248
f 8253 	8248 	8250
f 4094 	8225 	8256
f 8249 	8257 	8253
f 8258 	8253 	8257
f 8254 	8259 	8255
f 8257 	8255 	8258
f 8254 	8255 	8252
f 8222 	4114 	8224
f 8259 	8258 	8255
f 8256 	8224 	4114
f 3675 	4691 	7833
f 4115 	8222 	8271
f 8275 	8276 	8277
f 8238 	8276 	8214
f 8275 	8214 	8276
f 7881 	8277 	8276
f 8276 	8238 	8234
f 7881 	8276 	8234
f 7338 	5243 	7340
f 8219 	4118 	8220
f 4118 	8219 	6917
f 8237 	6917 	8219
f 4118 	4115 	8220
f 8237 	3607 	6917
f 8271 	8221 	4115
f 8221 	8220 	4115
f 8277 	7881 	8275
f 5256 	5257 	7465
f 7463 	5256 	7465
f 8214 	8275 	8217
f 2956 	8279 	8223
f 5268 	7407 	7471
f 8282 	8283 	8281
f 8280 	8281 	8283
f 8280 	8283 	8286
f 6921 	4122 	6922
f 8281 	8280 	8233
f 8251 	8233 	8280
f 7379 	5008 	7380
f 8280 	7531 	8254
f 7380 	5536 	7445
f 5537 	7445 	5536
f 8251 	8280 	8254
f 4120 	6922 	4122
f 5537 	7448 	7445
f 6922 	4120 	6917
f 7451 	5540 	7455
f 5541 	7455 	5540
f 8286 	7531 	8280
f 4118 	6917 	4120
f 5543 	7301 	7456
f 5543 	7456 	5541
f 7455 	5541 	7456
f 7531 	8282 	8281
f 7301 	5545 	7303
f 8233 	8223 	8281
f 7531 	8281 	8223
f 8291 	8292 	8279
f 7303 	5547 	7304
f 5550 	7304 	5547
f 5550 	5551 	7304
f 6927 	4126 	6921
f 2957 	8291 	2956
f 8279 	2956 	8291
f 4122 	6921 	4126
f 7305 	5563 	7309
f 5565 	5405 	7313
f 4266 	8292 	8291
f 2957 	4266 	8291
f 5399 	7314 	5397
f 7313 	5397 	7314
f 4126 	6927 	4130
f 7309 	5565 	7313
f 8217 	7881 	8292
f 5399 	7320 	7314
f 3257 	3256 	4842
f 8217 	8292 	4266
f 6931 	4130 	6927
f 5412 	7326 	7325
f 3205 	3207 	8257
f 8255 	8257 	3207
f 7321 	5417 	7325
f 6930 	4131 	6931
f 4132 	6934 	4134
f 5424 	7331 	7329
f 3582 	3588 	4852
f 8249 	4242 	8257
f 4263 	4141 	8257
f 8257 	4150 	4151
f 4154 	3205 	4152
f 4151 	4152 	8257
f 4159 	3205 	4155
f 8257 	4152 	3205
f 7333 	7331 	5431
f 5424 	5431 	7331
f 7335 	7334 	5436
f 5435 	5436 	7334
f 3588 	3581 	4853
f 5441 	5435 	7333
f 5431 	5441 	7333
f 5436 	5311 	7335
f 3575 	3600 	4864
f 3204 	3208 	8294
f 3574 	3573 	4823
f 5312 	5243 	7338
f 3600 	3574 	4823
f 8294 	3018 	3020
f 5244 	5247 	7340
f 4131 	6930 	4132
f 6934 	4132 	6930
f 7341 	5251 	7462
f 2974 	4782 	2973
f 5251 	5252 	7462
f 3312 	3324 	8294
f 4780 	2968 	4781
f 3146 	3130 	8251
f 8467 	2976 	8294
f 8255 	3125 	8252
f 2970 	7952 	8294
f 8304 	8302 	8311
f 7972 	7933 	8294
f 3125 	8255 	8302
f 7414 	7407 	5272
f 5268 	5272 	7407
f 8294 	7939 	7740
f 8302 	8255 	8311
f 8316 	8315 	3207
f 8306 	8304 	8311
f 8315 	8311 	8255
f 7728 	7727 	8294
f 8317 	8316 	3207
f 4806 	3069 	4807
f 8255 	3207 	8315
f 7740 	7745 	8294
f 3637 	8317 	3207
f 8259 	8347 	8258
f 7933 	7937 	8294
f 8347 	8259 	8349
f 8350 	8347 	8349
f 7488 	5827 	7562
f 8349 	8353 	8350
f 8294 	7745 	7641
f 8350 	8353 	8354
f 3175 	3174 	4817
f 7937 	7939 	8294
f 8355 	8354 	8353
f 3174 	3173 	4819
f 7965 	7972 	8294
f 8357 	8355 	8356
f 2976 	2970 	8294
f 7959 	7965 	8294
f 8357 	8354 	8355
f 8294 	7952 	7959
f 8356 	8359 	8357
f 4110 	8344 	8343
f 3169 	4788 	4787
f 3035 	8467 	8294
f 8294 	3020 	3029
f 3324 	3018 	8294
f 8356 	8361 	8359
f 3200 	3204 	8294
f 3110 	8294 	3112
f 8361 	8179 	8359
f 3573 	3572 	4824
f 3571 	3570 	4826
f 4065 	4064 	8342
f 3571 	4826 	4825
f 7681 	7692 	8294
f 3570 	3178 	4827
f 8179 	8361 	8181
f 3122 	3200 	8294
f 3177 	3234 	4828
f 5831 	7562 	5827
f 8294 	3110 	3122
f 8342 	8341 	4065
f 3176 	3175 	4829
f 3234 	3176 	4829
f 5757 	5826 	7488
f 4068 	4065 	8341
f 8461 	4777 	8462
f 6034 	7562 	5831
f 5827 	7488 	5826
f 4777 	8461 	4779
f 8461 	8458 	4779
f 4070 	4069 	8338
f 3985 	7671 	7833
f 7672 	7762 	7833
f 2967 	4780 	4779
f 7531 	8353 	8349
f 8353 	7531 	8355
f 7497 	5941 	7498
f 5940 	7498 	5941
f 7495 	5937 	7497
f 5941 	7497 	5937
f 4069 	4068 	8340
f 5909 	7181 	5940
f 8341 	8340 	4068
f 3023 	4803 	3022
f 4802 	3022 	4803
f 4070 	8338 	4073
f 8337 	4073 	8338
f 4801 	3012 	4802
f 3062 	4805 	3023
f 4073 	8337 	4074
f 4805 	3062 	4806
f 4074 	8337 	8376
f 8334 	4078 	8335
f 4077 	8335 	4078
f 5055 	7528 	7525
f 3091 	4807 	3069
f 3097 	4808 	3091
f 4807 	3091 	4808
f 7523 	5052 	7510
f 4808 	3097 	4809
f 5050 	3005 	5047
f 8335 	4077 	8336
f 8376 	8336 	4074
f 4810 	4809 	3295
f 8333 	4082 	8334
f 4078 	8334 	4082
f 4819 	4817 	3174
f 4820 	4819 	3173
f 8385 	4083 	8333
f 4820 	3173 	3172
f 4820 	3172 	4821
f 5054 	7525 	5082
f 3024 	5082 	7525
f 4789 	4788 	3168
f 8332 	8331 	4083
f 8352 	4086 	8331
f 4086 	4083 	8331
f 5055 	7525 	5054
f 8352 	8230 	4088
f 8352 	4088 	4086
f 4791 	4789 	3167
f 3168 	3167 	4789
f 7528 	5061 	7271
f 4827 	4826 	3570
f 4150 	4147 	3049
f 3178 	3177 	4827
f 4829 	4828 	3234
f 8402 	8401 	4151
f 3049 	3059 	4150
f 3059 	8402 	4150
f 6035 	7564 	6034
f 4812 	3347 	4813
f 4151 	4150 	8402
f 4154 	4152 	8400
f 7641 	7648 	8294
f 4813 	3348 	4814
f 7562 	6034 	7564
f 8400 	8404 	4154
f 4814 	3368 	4815
f 4155 	4154 	8404
f 6035 	6238 	7564
f 4815 	3376 	4816
f 7551 	5953 	7555
f 4159 	4155 	8398
f 4155 	8404 	8399
f 6222 	6932 	7551
f 4163 	4162 	8396
f 4163 	8345 	4110
f 5962 	7556 	5965
f 8395 	8345 	4163
f 8396 	8395 	4163
f 8344 	4110 	8345
f 7555 	5953 	5965
f 4839 	3538 	4840
f 7555 	5965 	7556
f 7556 	5962 	7495
f 3545 	4841 	4840
f 5937 	7495 	5962
f 3035 	8294 	3029
f 3584 	3583 	4848
f 3584 	4848 	4846
f 3582 	4852 	4850
f 4853 	4852 	3588
f 3579 	3577 	4855
f 4862 	4856 	3576
f 4824 	4823 	3573
f 6935 	4097 	6936
f 4096 	6936 	4097
f 3305 	4811 	3304
f 4810 	3304 	4811
f 3304 	4810 	3295
f 8294 	3208 	3225
f 4137 	6966 	4096
f 3348 	4813 	3347
f 3225 	3237 	8294
f 3347 	4812 	3305
f 4814 	3348 	3368
f 3376 	4815 	3368
f 6936 	4096 	6966
f 3393 	4816 	3376
f 3408 	4831 	3393
f 4816 	3393 	4831
f 3424 	4833 	3408
f 4831 	3408 	4833
f 3112 	8294 	3113
f 3452 	4834 	3424
f 4833 	3424 	4834
f 4097 	6935 	4168
f 3473 	4836 	3452
f 4834 	3452 	4836
f 6938 	4168 	6935
f 4837 	3497 	4838
f 3498 	4838 	3497
f 4168 	6938 	4171
f 4836 	3473 	4837
f 3497 	4837 	3473
f 4838 	3498 	4839
f 3538 	4839 	3498
f 3545 	4840 	3538
f 4841 	3252 	4842
f 4844 	4842 	3256
f 3264 	3563 	4844
f 6941 	4171 	6938
f 4171 	6941 	4172
f 6940 	4172 	6941
f 3585 	4846 	4845
f 4850 	4848 	3583
f 4846 	3585 	3584
f 4850 	3583 	3582
f 4856 	4855 	3577
f 3581 	3579 	4853
f 4174 	6940 	6943
f 4174 	4172 	6940
f 3577 	3576 	4856
f 4864 	4862 	3575
f 3576 	3575 	4862
f 6942 	4177 	6943
f 4174 	6943 	4177
f 7710 	7709 	8294
f 4823 	4864 	3600
f 4825 	4824 	3572
f 4825 	3572 	3571
f 4177 	6942 	4178
f 6945 	4178 	6942
f 4178 	6945 	4180
f 6944 	4180 	6945
f 8446 	4792 	3165
f 6946 	4183 	6944
f 4180 	6944 	4183
f 4794 	4793 	8445
f 4184 	6951 	4185
f 6950 	4185 	6951
f 4795 	4794 	8447
f 4183 	6946 	4184
f 3969 	3970 	7833
f 3970 	3973 	7833
f 3985 	7833 	3984
f 7672 	7833 	7671
f 8447 	8444 	4795
f 8443 	4795 	8444
f 6951 	4184 	6946
f 8442 	8441 	4797
f 4798 	4797 	8441
f 8443 	8442 	4796
f 4797 	4796 	8442
f 4200 	6950 	6957
f 4799 	8440 	4756
f 3096 	4201 	6957
f 4200 	6957 	4201
f 8440 	4799 	8441
f 3107 	4208 	3096
f 3096 	4208 	4201
f 3121 	4211 	3107
f 4208 	3107 	4211
f 3087 	3086 	4240
f 4758 	8438 	8450
f 4242 	4240 	8419
f 8435 	4761 	8436
f 8419 	8418 	4242
f 8418 	8457 	4242
f 4760 	8437 	8436
f 8437 	4760 	4758
f 6963 	4134 	6934
f 4758 	8450 	8437
f 8433 	4765 	8434
f 8435 	8434 	4764
f 6963 	4139 	4134
f 4139 	6963 	6974
f 8454 	4770 	8432
f 6966 	4137 	6974
f 4139 	6974 	4137
f 8430 	4773 	8431
f 8457 	4250 	4242
f 8431 	4773 	8454
f 8462 	4776 	8428
f 4252 	4250 	8456
f 8456 	2977 	4252
f 4253 	4252 	2977
f 2985 	4256 	4254
f 4254 	2960 	2985
f 2977 	2959 	4253
f 2959 	2960 	4253
f 4776 	4774 	8428
f 4776 	8462 	4777
f 2967 	4779 	8458
f 3031 	3019 	8133
f 3031 	8133 	3040
f 8294 	3307 	3312
f 8294 	3237 	3307
f 8467 	3040 	3007
f 8467 	3035 	3040
f 2976 	8467 	3007
f 2976 	3007 	2961
f 2961 	2963 	2970
# 4385 faces

g group_4_15277357

usemtl color_15277357
s 0

f 3163 	3164 	3193
f 3193 	3192 	3163
f 3148 	3163 	3162
f 3148 	3162 	3150
f 3161 	3218 	3162
f 3192 	3195 	3161
f 3212 	3150 	3162
f 3222 	3164 	3163
f 3161 	3162 	3192
f 3162 	3163 	3192
f 3218 	3161 	3195
f 3164 	3222 	3193
f 3150 	3212 	3148
f 3210 	3148 	3212
f 3162 	3218 	3219
f 3219 	3212 	3162
f 3222 	3163 	3224
f 3244 	3193 	3222
f 3148 	3210 	3163
f 3224 	3163 	3210
f 3311 	4755 	3192
f 3244 	6152 	3193
f 3192 	3193 	3310
f 3314 	4755 	3311
f 3319 	3310 	3318
f 3311 	3192 	3310
f 3318 	3322 	3323
f 3318 	3323 	3319
f 3338 	3326 	3328
f 3338 	3328 	3339
f 3310 	3338 	3339
f 3310 	3339 	3311
f 3339 	3328 	3311
f 3314 	3311 	3328
f 3329 	3326 	3323
f 3319 	3323 	3326
f 3319 	3326 	3310
f 3338 	3310 	3326
f 3318 	5680 	3362
f 3318 	3362 	3322
f 5681 	5686 	3362
f 3362 	3329 	3323
f 3362 	3323 	3322
f 3318 	3310 	3193
f 5677 	3318 	5676
f 3568 	3567 	3523
f 3514 	3568 	3523
f 3479 	3514 	3441
f 3564 	3425 	3194
f 3428 	3194 	3425
f 3523 	3441 	3514
f 3564 	3568 	3487
f 3514 	3487 	3568
f 3565 	3566 	3564
f 3566 	3567 	3564
f 3567 	3568 	3564
f 3479 	3487 	3514
f 3425 	3564 	3487
f 3565 	3523 	3566
f 3567 	3566 	3523
f 3595 	3590 	3591
f 4459 	3595 	3591
f 3590 	3595 	3599
f 3598 	3599 	3595
f 3596 	3599 	3598
f 3210 	3212 	3219
f 3244 	3222 	3224
f 3596 	3598 	3622
f 3210 	3219 	3224
f 3598 	3613 	3622
f 3612 	3622 	3613
f 3650 	3641 	3613
f 3218 	3644 	3219
f 3224 	3219 	3244
f 3612 	3613 	3641
f 3640 	3641 	3650
f 3649 	3651 	3645
f 3645 	3651 	3244
f 3244 	3219 	3645
f 3645 	3219 	3644
f 3659 	3640 	3666
f 3650 	3666 	3640
f 3673 	3195 	4310
f 3687 	3682 	3674
f 3659 	3666 	3687
f 3682 	3687 	3666
f 4755 	7603 	4310
f 3720 	3715 	3718
f 3714 	3718 	3715
f 3674 	3682 	3722
f 3720 	3722 	3682
f 3718 	3722 	3720
f 3425 	3732 	3428
f 3715 	3428 	3732
f 3715 	3732 	3714
f 5880 	5934 	3792
f 3793 	3792 	5934
f 3813 	3818 	3793
f 3792 	3793 	3818
f 5676 	5673 	3795
f 3821 	3835 	5053
f 3829 	5066 	3835
f 3847 	4898 	3846
f 3807 	3479 	3441
f 3854 	3807 	5672
f 3855 	4898 	3847
f 3479 	3807 	3854
f 3795 	3807 	3441
f 4898 	3855 	3875
f 3864 	4903 	3875
f 3872 	3479 	3878
f 3854 	3878 	3479
f 3854 	5672 	3878
f 3903 	4903 	3934
f 3943 	4849 	3949
f 3951 	3952 	3953
f 3959 	4858 	3952
f 5666 	3901 	3900
f 7637 	3952 	3951
f 3959 	3952 	7637
f 3479 	3872 	3487
f 3898 	3487 	3872
f 3982 	3732 	3901
f 3900 	3901 	3732
f 4009 	3959 	7637
f 3732 	3425 	3900
f 7637 	3963 	4009
f 4007 	4865 	4006
f 4006 	4861 	3959
f 4006 	3959 	4009
f 4006 	4009 	4007
f 4024 	4029 	4023
f 5666 	5665 	3901
f 4023 	4029 	4007
f 4031 	4762 	4029
f 4851 	4865 	4762
f 3487 	3898 	3425
f 4136 	4024 	4023
f 4029 	4292 	4031
f 4023 	4007 	4156
f 4009 	4156 	4007
f 4080 	4762 	4087
f 4087 	4762 	4031
f 3718 	3982 	4005
f 4370 	4080 	4087
f 3718 	3714 	3982
f 5664 	5663 	4090
f 4292 	4029 	4136
f 4029 	4024 	4136
f 4023 	4156 	4136
f 4090 	4005 	5664
f 3898 	3900 	3425
f 4187 	3674 	4045
f 3722 	4045 	3674
f 4045 	3722 	4090
f 4045 	4090 	5663
f 4249 	4921 	4248
f 3641 	3640 	4287
f 3718 	4005 	3722
f 4005 	4090 	3722
f 3732 	3982 	3714
f 4187 	5663 	4188
f 3674 	4187 	3687
f 4188 	3687 	4187
f 4080 	4370 	4246
f 4292 	4136 	3523
f 4287 	3640 	4188
f 3659 	4188 	3640
f 4188 	3659 	3687
f 4323 	4031 	4292
f 4287 	4297 	3641
f 4298 	3641 	4297
f 4300 	4924 	4306
f 4370 	3943 	4248
f 4248 	4246 	4370
f 5663 	5662 	4188
f 4087 	4031 	4323
f 4087 	4323 	4370
f 5661 	4298 	5662
f 4297 	5662 	4298
f 4287 	4188 	5662
f 4308 	4936 	4307
f 4301 	4307 	4936
f 3195 	3192 	4310
f 4313 	4919 	4312
f 3612 	4298 	4311
f 4312 	4919 	4308
f 3934 	3864 	4307
f 4307 	4301 	3934
f 4306 	3903 	4300
f 4301 	4300 	3934
f 4249 	4248 	3949
f 3641 	4298 	3612
f 5661 	5658 	4298
f 4335 	4783 	4332
f 5657 	4352 	5658
f 4311 	4298 	5658
f 4352 	4358 	3596
f 3596 	3622 	4352
f 4309 	4352 	3622
f 4309 	3622 	4311
f 4311 	3622 	3612
f 3949 	4248 	3943
f 5657 	5655 	4352
f 4377 	4378 	4783
f 5111 	4783 	4378
f 4309 	5658 	4352
f 3949 	3895 	4306
f 4358 	4352 	5655
f 3596 	4358 	3599
f 4332 	3829 	4335
f 3590 	3599 	4401
f 4358 	4401 	3599
f 4401 	4413 	3590
f 3591 	3590 	4413
f 3903 	4306 	3895
f 4306 	4249 	3949
f 4421 	5104 	4378
f 5655 	5651 	4401
f 4425 	5105 	4421
f 3835 	3821 	4377
f 3875 	4308 	3864
f 3934 	4300 	3903
f 4312 	3855 	4313
f 4308 	4307 	3864
f 3847 	3846 	4313
f 4444 	4443 	4452
f 4453 	4452 	4443
f 4378 	4377 	3821
f 3591 	4454 	4459
f 3847 	4313 	3855
f 4377 	4335 	3835
f 3846 	3829 	4332
f 4444 	4452 	4471
f 4454 	4471 	4459
f 4312 	4308 	3875
f 4452 	4459 	4471
f 4484 	4443 	4444
f 4484 	4444 	4471
f 4484 	4471 	4486
f 4486 	4454 	4413
f 3591 	4413 	4454
f 3855 	4312 	3875
f 4454 	4486 	4471
f 4332 	4313 	3846
f 3835 	4335 	3829
f 4443 	4484 	4453
f 4486 	5651 	4453
f 4514 	4523 	4521
f 4523 	6509 	4521
f 4521 	4548 	4514
f 4515 	4710 	4537
f 4710 	4709 	4537
f 4543 	4514 	4548
f 4912 	4922 	4543
f 4548 	4563 	4555
f 4554 	4555 	4563
f 4555 	4543 	4548
f 4568 	4560 	5032
f 5032 	5022 	4571
f 5032 	4571 	4568
f 4563 	4573 	4582
f 4554 	4563 	4582
f 4569 	4582 	4573
f 4608 	4616 	4607
f 4616 	4604 	4607
f 4591 	4607 	4604
f 4603 	5043 	4615
f 4573 	4616 	4569
f 4608 	4569 	4616
f 5053 	5044 	4637
f 4637 	3821 	5053
f 4591 	4604 	4649
f 4651 	5099 	4448
f 5099 	5098 	4448
f 4448 	5098 	4425
f 4643 	4649 	4604
f 4651 	4448 	4615
f 4633 	4649 	4643
f 4661 	5100 	4660
f 4660 	5100 	4651
f 4687 	5077 	4677
f 5077 	4687 	4683
f 4633 	4643 	4684
f 4661 	4560 	4662
f 4662 	4568 	4677
f 4684 	4670 	4668
f 3821 	4637 	4378
f 4615 	4597 	4660
f 4660 	4651 	4615
f 4670 	4684 	4643
f 4425 	4421 	4606
f 4637 	4606 	4421
f 4668 	4670 	4707
f 4670 	5084 	4707
f 5073 	4707 	5084
f 4707 	5073 	4718
f 4683 	4709 	5077
f 4723 	4684 	4722
f 4684 	4668 	4722
f 6289 	4710 	4515
f 4718 	4722 	4668
f 4718 	4668 	4707
f 4551 	4538 	4683
f 4571 	4551 	4687
f 4683 	4687 	4551
f 4709 	4683 	4538
f 4538 	4537 	4709
f 4687 	4677 	4571
f 4585 	4560 	4661
f 4568 	4662 	4560
f 4571 	4677 	4568
f 4421 	4378 	4637
f 4661 	4660 	4586
f 4586 	4660 	4597
f 4585 	4661 	4586
f 4605 	4603 	4448
f 4615 	4448 	4603
f 4606 	4605 	4425
f 4448 	4425 	4605
f 4898 	5066 	3846
f 3895 	4843 	3903
f 3895 	3949 	4843
f 4849 	4843 	3949
f 4310 	3192 	4755
f 4858 	4877 	3952
f 5637 	4723 	4722
f 4080 	4929 	4762
f 4921 	4920 	4248
f 4246 	4930 	4080
f 4301 	4933 	4300
f 4306 	4924 	4249
f 4921 	4249 	4924
f 4723 	4775 	4684
f 4919 	4918 	4308
f 4313 	4332 	4783
f 4784 	4633 	4775
f 4335 	4377 	4783
f 5111 	4378 	5104
f 4785 	4649 	4784
f 4649 	4633 	4784
f 4775 	4633 	4684
f 4538 	5022 	4537
f 4551 	4571 	5022
f 4560 	4585 	5032
f 4586 	5032 	4585
f 4606 	5044 	4605
f 5105 	5104 	4421
f 4775 	5635 	4784
f 5626 	4785 	4784
f 4662 	5085 	4661
f 4709 	5079 	5077
f 4591 	4649 	4767
f 4767 	4649 	4785
f 4851 	7597 	4865
f 4868 	4607 	4867
f 4007 	4029 	4865
f 4607 	4591 	4867
f 4785 	5625 	4767
f 4569 	4608 	4876
f 7591 	4875 	7585
f 3953 	3952 	4877
f 4867 	5624 	4868
f 4858 	3959 	4861
f 4873 	4851 	4762
f 4029 	4762 	4865
f 4873 	4762 	4875
f 4865 	4861 	4006
f 4876 	4868 	5624
f 4762 	4929 	4875
f 4898 	3875 	4903
f 4843 	4903 	3903
f 3864 	3934 	4903
f 4919 	4898 	4918
f 4913 	4898 	4919
f 4903 	4918 	4898
f 4917 	4554 	4927
f 4921 	4843 	4920
f 4843 	4921 	4924
f 4843 	4924 	4925
f 4920 	4843 	7585
f 4847 	4927 	4582
f 4920 	7585 	4930
f 4911 	4917 	5620
f 4929 	4930 	7585
f 4847 	5621 	4927
f 4767 	4867 	4591
f 4876 	4582 	4569
f 4607 	4868 	4608
f 4868 	4876 	4608
f 4933 	4903 	4925
f 4876 	4847 	4582
f 4843 	4925 	4903
f 4903 	4933 	4936
f 4903 	4936 	4918
f 4927 	4554 	4582
f 4313 	4783 	4919
f 4945 	5066 	4913
f 5066 	4945 	4948
f 4911 	5619 	4912
f 4927 	5620 	4917
f 4246 	4248 	4920
f 4930 	4246 	4920
f 4924 	4300 	4925
f 4913 	4919 	4783
f 4911 	4912 	4543
f 4543 	4555 	4911
f 4514 	4543 	4922
f 4523 	4514 	4922
f 4917 	4555 	4554
f 4958 	6509 	4978
f 4936 	4308 	4918
f 4523 	4922 	4977
f 4945 	4783 	4948
f 4929 	4080 	4930
f 4922 	4912 	5617
f 4925 	4300 	4933
f 4301 	4936 	4933
f 4978 	5611 	4958
f 4945 	4913 	4783
f 4964 	5610 	4965
f 4515 	4537 	5018
f 5018 	4537 	5022
f 4538 	4551 	5022
f 4964 	4965 	6494
f 6500 	6494 	4965
f 4917 	4911 	4555
f 4977 	4978 	6509
f 4965 	5011 	6500
f 4586 	5043 	5032
f 6459 	6490 	5028
f 5043 	4586 	4597
f 4603 	4605 	5044
f 4597 	4615 	5043
f 5044 	5043 	4603
f 4606 	4637 	5044
f 5028 	6490 	5011
f 5053 	3835 	5066
f 3829 	3846 	5066
f 5077 	5022 	5076
f 5032 	5076 	5022
f 5022 	5077 	5079
f 5079 	5083 	5022
f 5084 	5089 	5088
f 5073 	5084 	5088
f 5032 	5085 	5086
f 5032 	5086 	5076
f 5087 	5088 	5089
f 5100 	5032 	5043
f 5087 	5089 	5090
f 5092 	5090 	5089
f 5093 	4718 	5073
f 5073 	5088 	5093
f 7207 	5018 	5083
f 5083 	5018 	5022
f 5044 	5098 	5043
f 5100 	5043 	5099
f 5093 	5088 	5102
f 5088 	5087 	5102
f 5090 	5102 	5087
f 5099 	5043 	5098
f 5092 	5093 	5102
f 5090 	5092 	5102
f 5098 	5044 	5105
f 5105 	5044 	5104
f 5053 	5104 	5044
f 4898 	4913 	5066
f 5104 	5053 	5111
f 5111 	5053 	4948
f 5066 	4948 	5053
f 5085 	5032 	5100
f 4604 	3218 	4643
f 5077 	5076 	4677
f 4948 	4783 	5111
f 5105 	4425 	5098
f 5099 	4651 	5100
f 5100 	4661 	5085
f 5085 	4662 	5086
f 4677 	5086 	4662
f 5086 	4677 	5076
f 5079 	6300 	5083
f 4616 	4573 	3218
f 4643 	3218 	4670
f 4563 	3218 	4573
f 4616 	3218 	4604
f 5089 	5084 	3218
f 5241 	6893 	5239
f 5239 	6893 	6883
f 5092 	5089 	3218
f 4452 	3194 	4459
f 6896 	6893 	5249
f 4453 	3194 	4452
f 5269 	6911 	5279
f 5279 	6911 	5291
f 5307 	6933 	5306
f 5324 	6937 	5329
f 6937 	6933 	5329
f 5359 	7345 	5374
f 5324 	5374 	6937
f 3650 	3613 	3194
f 3598 	3194 	3613
f 3666 	3194 	3682
f 5387 	7350 	5395
f 3715 	3720 	3194
f 3650 	3194 	3666
f 3682 	3194 	3720
f 3715 	3194 	3428
f 5638 	5093 	5092
f 5093 	5638 	4718
f 7369 	7367 	5444
f 4718 	5638 	4722
f 5453 	5444 	7367
f 4723 	5635 	4775
f 5620 	4927 	5621
f 5444 	5472 	7369
f 5624 	5621 	4876
f 5614 	4978 	4977
f 5614 	4977 	5617
f 6026 	6006 	5444
f 5453 	6026 	5444
f 4965 	5610 	5011
f 5605 	5028 	5609
f 5011 	5609 	5028
f 7062 	7056 	5498
f 4484 	4486 	4453
f 5664 	4005 	5665
f 4005 	3982 	5665
f 7011 	7010 	5515
f 4187 	4045 	5663
f 4297 	4287 	5662
f 4413 	4401 	5651
f 4401 	4358 	5655
f 5671 	5667 	3872
f 5544 	5546 	6952
f 3982 	3901 	5665
f 5544 	5306 	5546
f 5542 	5329 	5544
f 5555 	5542 	7011
f 7014 	7011 	5542
f 3898 	3872 	5667
f 5672 	5671 	3878
f 3872 	3878 	5671
f 6012 	5387 	5471
f 3807 	3795 	5673
f 3807 	5673 	5672
f 5472 	5444 	6006
f 5471 	5472 	6012
f 5605 	3651 	5604
f 5619 	3244 	5617
f 5621 	3244 	5620
f 5625 	5626 	3244
f 5638 	3244 	5637
f 5637 	3244 	5635
f 5657 	3193 	5655
f 5658 	3193 	5657
f 5651 	5655 	3193
f 5658 	5661 	3193
f 5546 	5306 	5613
f 5306 	5298 	5613
f 5663 	3193 	5662
f 5664 	3193 	5663
f 5665 	3193 	5664
f 5324 	5515 	5374
f 5666 	5667 	3193
f 6012 	5472 	6006
f 5672 	5673 	3193
f 5671 	5672 	3193
f 5667 	5671 	3193
f 5673 	5676 	3193
f 5493 	5471 	5387
f 5555 	5329 	5542
f 3318 	3193 	5676
f 5678 	3318 	5677
f 3318 	5678 	5680
f 5681 	3362 	5680
f 5690 	6698 	5689
f 5679 	5689 	6698
f 5638 	5092 	6187
f 5340 	5498 	5395
f 5623 	5279 	5679
f 5622 	5279 	5623
f 5279 	5689 	5679
f 5511 	5498 	5340
f 5493 	5395 	5498
f 5395 	5493 	5387
f 5613 	5298 	5622
f 5340 	5359 	5511
f 5555 	5515 	5324
f 4922 	5617 	4977
f 5617 	4912 	5619
f 5690 	5728 	6698
f 4847 	4876 	5621
f 5689 	5291 	5690
f 4867 	4767 	5625
f 5374 	5511 	5359
f 5511 	5374 	5515
f 5637 	4722 	5638
f 5329 	5307 	5544
f 6036 	6187 	5092
f 5682 	5601 	5599
f 5764 	5760 	5773
f 5785 	5773 	5760
f 5609 	5011 	5610
f 5785 	6948 	5773
f 6948 	6947 	5773
f 5619 	4911 	5620
f 5625 	4785 	5626
f 5624 	4867 	5625
f 5764 	5850 	5760
f 5298 	5269 	5622
f 5329 	5555 	5324
f 5306 	5544 	5307
f 5737 	5241 	5773
f 4486 	4413 	5651
f 7100 	6949 	5835
f 4309 	4311 	5658
f 5834 	5835 	6949
f 5785 	5834 	6948
f 5239 	5850 	5773
f 5764 	5773 	5850
f 5855 	5760 	5850
f 5279 	5622 	5269
f 5728 	5262 	5737
f 5834 	5785 	5968
f 5855 	5968 	5785
f 5760 	5855 	5785
f 5834 	5968 	5835
f 5880 	3792 	5879
f 3792 	3818 	5879
f 5835 	5879 	7100
f 7100 	5879 	3818
f 5250 	5690 	5291
f 5689 	5279 	5291
f 4978 	5614 	5611
f 5239 	5773 	5241
f 5610 	4964 	5611
f 4958 	5611 	4964
f 5934 	5927 	5928
f 5879 	5948 	5934
f 5879 	5934 	5880
f 5835 	5948 	5879
f 5626 	4784 	5635
f 4723 	5637 	5635
f 5948 	5835 	5968
f 5968 	5927 	5948
f 5934 	5948 	5927
f 5666 	3900 	5667
f 3900 	3898 	5667
f 5928 	6439 	5934
f 5728 	5690 	5249
f 5249 	5690 	5250
f 5262 	5728 	5249
f 5241 	5737 	5262
f 5686 	5680 	5678
f 7350 	7345 	5395
f 5680 	5686 	5681
f 6148 	6150 	3244
f 6218 	6223 	3193
f 6036 	5092 	3218
f 7350 	6012 	7354
f 6006 	7354 	6012
f 5387 	6012 	7350
f 6006 	6026 	7354
f 6041 	3218 	6022
f 7354 	6026 	6029
f 3218 	5084 	4670
f 6036 	3218 	6042
f 6041 	6042 	3218
f 6070 	6016 	3218
f 6052 	7111 	6051
f 6057 	3195 	6056
f 6056 	3194 	4453
f 3598 	3595 	3194
f 6065 	3195 	6062
f 6066 	3195 	6057
f 6067 	3195 	6066
f 7113 	7112 	6068
f 7113 	6068 	6069
f 4459 	3194 	3595
f 6068 	6593 	6069
f 6549 	6506 	6060
f 6073 	6070 	3218
f 6016 	6020 	3218
f 6020 	6022 	3218
f 6076 	6072 	3218
f 6072 	6073 	3218
f 6075 	3218 	6081
f 6082 	6083 	3195
f 6076 	3218 	6075
f 3218 	3195 	6080
f 6081 	3218 	6080
f 6083 	6080 	3195
f 6062 	3195 	6067
f 6082 	3195 	6065
f 3194 	6056 	3195
f 6108 	7114 	6106
f 6223 	6218 	6057
f 7119 	6146 	6127
f 6148 	3244 	6147
f 6147 	3244 	6142
f 6150 	6152 	3244
f 6161 	3193 	6152
f 6162 	3193 	6161
f 6164 	3193 	6162
f 6165 	3193 	6164
f 3244 	5638 	6187
f 7119 	7115 	6146
f 6188 	3244 	6187
f 6189 	3244 	6188
f 6177 	6146 	7115
f 3244 	6189 	6194
f 6196 	3244 	6194
f 6200 	3244 	6196
f 6142 	3244 	6200
f 6213 	3193 	6165
f 6217 	3193 	6215
f 6215 	3193 	6213
f 6218 	3193 	6217
f 6224 	3193 	6223
f 3193 	6224 	5651
f 6241 	7137 	6205
f 5661 	5662 	3193
f 5665 	5666 	3193
f 7137 	6241 	6227
f 6042 	6188 	6036
f 4515 	5018 	6260
f 6142 	6016 	6070
f 6142 	6070 	6147
f 6148 	6073 	6072
f 6076 	6150 	6072
f 6165 	6083 	6082
f 6213 	6165 	6065
f 6227 	6265 	7137
f 6041 	6189 	6042
f 6265 	5018 	7137
f 6194 	6022 	6196
f 6016 	6200 	6020
f 6289 	6300 	4710
f 6300 	4709 	4710
f 6147 	6073 	6148
f 6075 	6152 	6076
f 5079 	4709 	6300
f 6081 	6161 	6075
f 6152 	6075 	6161
f 6080 	6162 	6081
f 6289 	6304 	6300
f 6304 	6310 	6300
f 6188 	6042 	6189
f 6187 	6036 	6188
f 6022 	6194 	6041
f 6062 	6215 	6065
f 6331 	7222 	6325
f 7219 	6310 	7222
f 6056 	6224 	6057
f 5651 	6224 	4453
f 6213 	6065 	6215
f 6082 	6065 	6165
f 6344 	7189 	6331
f 6223 	6057 	6224
f 6304 	6227 	6310
f 6839 	6358 	6360
f 6839 	6357 	6358
f 6073 	6147 	6070
f 6150 	6076 	6152
f 6148 	6072 	6150
f 6161 	6081 	6162
f 6164 	6083 	6165
f 6162 	6080 	6164
f 6083 	6164 	6080
f 6344 	6146 	6357
f 6020 	6196 	6022
f 6189 	6041 	6194
f 6196 	6020 	6200
f 6200 	6016 	6142
f 6325 	6205 	6331
f 6360 	6410 	6839
f 6062 	6067 	6215
f 6217 	6215 	6067
f 6410 	6413 	6839
f 6217 	6067 	6218
f 6066 	6218 	6067
f 6066 	6057 	6218
f 6304 	6289 	6260
f 4515 	6260 	6289
f 6056 	4453 	6224
f 3649 	6433 	6434
f 3649 	6434 	3651
f 6437 	6438 	6436
f 6358 	6177 	6360
f 3644 	6437 	3645
f 3644 	6438 	6437
f 6457 	6491 	6459
f 6458 	6465 	6473
f 6470 	6473 	6465
f 6500 	5011 	6490
f 6456 	6455 	3644
f 3644 	6455 	6438
f 6456 	3644 	6457
f 6457 	3644 	3218
f 6437 	6436 	3645
f 6436 	6433 	3649
f 3645 	6436 	3649
f 6439 	6433 	6436
f 6357 	6146 	6358
f 6127 	6146 	6344
f 6487 	5599 	5601
f 3244 	3651 	5605
f 5610 	3244 	5609
f 5614 	3244 	5611
f 5605 	5609 	3244
f 5601 	5604 	3651
f 6487 	5601 	3651
f 6434 	6487 	3651
f 5599 	6487 	5682
f 6487 	6434 	6433
f 6433 	6439 	6487
f 6260 	6265 	6304
f 6265 	6227 	6304
f 6227 	6241 	6310
f 6344 	6331 	6205
f 6177 	6114 	6360
f 6490 	6459 	6491
f 6496 	6497 	6494
f 6492 	6494 	6497
f 6106 	6085 	6413
f 6410 	6106 	6413
f 6490 	6491 	6500
f 6491 	6496 	6500
f 6494 	6500 	6496
f 6497 	4521 	6509
f 6505 	6593 	6506
f 6492 	6497 	6509
f 6505 	6473 	6511
f 4958 	4964 	6492
f 4523 	4977 	6509
f 6492 	4964 	6494
f 6509 	4958 	6492
f 6470 	6511 	6473
f 4521 	3218 	4548
f 4548 	3218 	4563
f 6457 	3218 	6491
f 4521 	6497 	3218
f 6496 	3218 	6497
f 6496 	6491 	3218
f 6511 	6470 	6593
f 6177 	6358 	6146
f 5610 	5611 	3244
f 5614 	5617 	3244
f 5619 	5620 	3244
f 5621 	5624 	3244
f 6325 	6310 	6241
f 6127 	6344 	6205
f 6241 	6205 	6325
f 6360 	6108 	6410
f 5624 	5625 	3244
f 5635 	3244 	5626
f 6511 	6593 	6505
f 6551 	7169 	6550
f 6550 	7169 	6549
f 6106 	6410 	6108
f 6458 	6413 	6092
f 6029 	6551 	6051
f 6465 	6098 	6470
f 6114 	6108 	6360
f 6092 	6413 	6085
f 6465 	6458 	6092
f 6593 	6060 	6506
f 5471 	7359 	5472
f 6551 	6029 	5453
f 6550 	6051 	6551
f 6077 	6470 	6098
f 6098 	6465 	6092
f 6026 	5453 	6029
f 6064 	6063 	6549
f 6550 	6549 	6063
f 6063 	6052 	6550
f 6051 	6550 	6052
f 6593 	6470 	6077
f 6077 	6069 	6593
f 6068 	6060 	6593
f 6064 	6549 	6060
f 6896 	5249 	5250
f 6583 	3523 	4136
f 5262 	5249 	6893
f 5241 	5262 	6893
f 6583 	4136 	4156
f 5250 	5291 	6896
f 5269 	5298 	6911
f 6456 	6457 	6880
f 5511 	5515 	7010
f 6953 	6952 	5546
f 5515 	5555 	7011
f 5623 	6993 	5622
f 6439 	6436 	3793
f 3793 	5934 	6439
f 5737 	7110 	6698
f 5728 	5737 	6698
f 5340 	7345 	5359
f 5340 	5395 	7345
f 6029 	7111 	7354
f 6060 	7112 	6064
f 7113 	6069 	6077
f 6092 	7114 	6098
f 6085 	6106 	7114
f 6487 	6439 	5928
f 6127 	6205 	7119
f 6265 	6260 	5018
f 6310 	7219 	6300
f 6357 	6839 	7187
f 7187 	6344 	6357
f 5850 	5028 	5855
f 6413 	7226 	6839
f 5927 	5682 	5928
f 5601 	5682 	5968
f 6436 	6438 	3813
f 5686 	4009 	3963
f 7360 	7359 	5471
f 6583 	4156 	3795
f 4156 	4009 	5676
f 3963 	7632 	5686
f 5605 	5604 	5855
f 6896 	5291 	6911
f 5927 	5968 	5682
f 6933 	6911 	5298
f 5855 	5604 	5968
f 6880 	3813 	6455
f 3813 	3793 	6436
f 5298 	5306 	6933
f 5678 	4009 	5686
f 5678 	5677 	4009
f 5307 	5329 	6933
f 5677 	5676 	4009
f 3441 	6583 	3795
f 6937 	5374 	7345
f 5676 	3795 	4156
f 6947 	6948 	6883
f 6880 	6883 	6949
f 6948 	6949 	6883
f 3523 	6583 	3441
f 6952 	6953 	6933
f 6953 	6954 	6933
f 6438 	6455 	3813
f 6880 	6455 	6456
f 6883 	6880 	6457
f 6883 	6457 	5239
f 6459 	5239 	6457
f 5028 	5850 	6459
f 5239 	6459 	5850
f 5855 	5028 	5605
f 6977 	6978 	6896
f 6954 	6993 	6933
f 6911 	6933 	6993
f 7010 	7011 	6937
f 7011 	7014 	6937
f 6933 	6937 	6952
f 7014 	6952 	6937
f 6487 	5928 	5682
f 5601 	5968 	5604
f 6954 	5613 	6993
f 6993 	7042 	6911
f 7042 	7047 	6911
f 6911 	7047 	6977
f 6977 	6896 	6911
f 6937 	7345 	7010
f 7062 	7010 	7345
f 5498 	5511 	7062
f 5542 	5544 	6952
f 7042 	6993 	5623
f 7110 	5773 	6947
f 3813 	6880 	3818
f 6949 	7100 	6880
f 7100 	3818 	6880
f 6893 	6896 	7102
f 6978 	7102 	6896
f 5613 	6954 	5546
f 5613 	5622 	6993
f 7102 	7110 	6893
f 6883 	6893 	6947
f 7110 	6947 	6893
f 7056 	7360 	5493
f 7062 	5511 	7010
f 7014 	5542 	6952
f 6953 	5546 	6954
f 5679 	7047 	5623
f 5623 	7047 	7042
f 6978 	6977 	6698
f 5679 	6698 	7047
f 7047 	6698 	6977
f 7102 	6698 	7110
f 6978 	6698 	7102
f 5737 	5773 	7110
f 6948 	5834 	6949
f 6029 	6051 	7111
f 6063 	6064 	7112
f 7112 	7111 	6063
f 6052 	6063 	7111
f 6060 	6068 	7112
f 6092 	6085 	7114
f 6077 	6098 	7113
f 7113 	6098 	7114
f 7115 	7114 	6108
f 6108 	6114 	7115
f 6114 	6177 	7115
f 7137 	7119 	6205
f 7147 	7148 	7112
f 7148 	7169 	7112
f 7270 	7147 	7113
f 7148 	7147 	6506
f 6506 	6549 	7148
f 7169 	7111 	7112
f 7114 	7115 	7180
f 7176 	7178 	7115
f 7178 	7180 	7115
f 7176 	7119 	7187
f 7189 	7187 	7119
f 7115 	7119 	7176
f 7119 	7137 	7194
f 7119 	7194 	7189
f 5018 	7207 	7211
f 7207 	6300 	7211
f 7219 	7137 	7211
f 7219 	7222 	7137
f 7194 	7137 	7222
f 5018 	7211 	7137
f 7187 	6839 	7176
f 7180 	7226 	7114
f 7114 	7229 	7231
f 7226 	7229 	7114
f 7231 	7113 	7114
f 6300 	7207 	5083
f 7178 	6839 	7180
f 7112 	7113 	7147
f 7269 	7270 	7113
f 7231 	7269 	7113
f 7180 	6839 	7226
f 6413 	6458 	7226
f 6458 	6473 	7229
f 7111 	7169 	7300
f 7367 	7111 	7300
f 7211 	6300 	7219
f 6325 	7222 	6310
f 7194 	6331 	7189
f 7222 	6331 	7194
f 7178 	7176 	6839
f 6344 	7187 	7189
f 7229 	7226 	6458
f 7269 	7231 	6473
f 7231 	7229 	6473
f 6505 	6506 	7147
f 7147 	7270 	6505
f 6505 	7270 	6473
f 7269 	6473 	7270
f 7300 	7169 	6551
f 7148 	6549 	7169
f 6551 	5453 	7300
f 7359 	7360 	7350
f 7350 	7360 	7056
f 7345 	7350 	7056
f 7350 	7354 	7359
f 7369 	7359 	7354
f 7367 	7369 	7354
f 7111 	7367 	7354
f 7367 	7300 	5453
f 7369 	5472 	7359
f 5471 	5493 	7360
f 7056 	7062 	7345
f 5493 	5498 	7056
f 4877 	7422 	3953
f 7405 	3953 	7422
f 3564 	3194 	3943
f 3943 	4370 	3564
f 3523 	3565 	4292
f 3565 	3564 	4292
f 4370 	4323 	3564
f 4292 	3564 	4323
f 3194 	3673 	3943
f 3195 	3673 	3194
f 4849 	3943 	3673
f 3326 	7545 	3328
f 3329 	7533 	3326
f 7537 	7535 	7533
f 7550 	3328 	7545
f 3326 	7533 	7545
f 7545 	7552 	7550
f 7545 	7533 	7558
f 7558 	7535 	7565
f 7535 	7558 	7533
f 7565 	7535 	7537
f 7422 	7537 	7405
f 7537 	7422 	7565
f 3328 	7550 	3314
f 7550 	7552 	4755
f 4755 	3314 	7550
f 7545 	7606 	7552
f 7606 	7610 	7552
f 7545 	7558 	7606
f 4858 	7606 	7558
f 4849 	7585 	4843
f 7587 	7585 	4849
f 7587 	7592 	7585
f 7591 	7585 	7592
f 7596 	7591 	7592
f 7596 	7603 	7591
f 7597 	7591 	7603
f 7610 	7606 	7603
f 7597 	7603 	7606
f 7606 	4858 	4861
f 7565 	4877 	7558
f 4865 	7597 	4861
f 7606 	4861 	7597
f 4875 	7591 	4873
f 4873 	7591 	4851
f 7597 	4851 	7591
f 4858 	7558 	4877
f 4929 	7585 	4875
f 4877 	7565 	7422
f 3673 	4310 	4849
f 7596 	4310 	7603
f 7592 	7587 	7596
f 7587 	4849 	4310
f 7603 	4755 	7610
f 7552 	7610 	4755
f 7596 	7587 	4310
f 3963 	7634 	7632
f 7533 	7633 	3953
f 7405 	7537 	3953
f 7533 	3953 	7537
f 3951 	3953 	7633
f 7633 	7632 	7634
f 3951 	7633 	7637
f 3963 	7637 	7634
f 7634 	7637 	7633
f 3362 	5686 	7632
f 7633 	3329 	7632
f 7533 	3329 	7633
f 3362 	7632 	3329
# 1136 faces

g group_4_16448250

usemtl color_16448250
s 0

f 2964 	2969 	2965
f 2989 	8460 	2991
f 2992 	2991 	8460
f 2994 	2992 	8460
f 2994 	8460 	2998
f 2987 	8414 	3000
f 2995 	3001 	3003
f 3001 	3002 	3003
f 2995 	3003 	2997
f 2997 	2996 	2995
f 3021 	3159 	3506
f 3147 	3506 	3159
f 3010 	3009 	3013
f 3006 	3013 	3009
f 2997 	3013 	3006
f 3003 	3013 	2997
f 3028 	3500 	3032
f 3030 	3052 	3034
f 3030 	3054 	3052
f 3558 	3555 	3047
f 3153 	8410 	3151
f 3151 	8410 	3068
f 3068 	8410 	3065
f 3063 	2969 	3066
f 3057 	2969 	3063
f 3075 	8410 	3072
f 3071 	3072 	8410
f 3076 	8410 	3075
f 3065 	8410 	3064
f 8410 	8412 	3082
f 3071 	8410 	3082
f 3044 	3043 	3003
f 3043 	3046 	3003
f 3089 	8414 	3088
f 3089 	3249 	8414
f 3087 	3088 	8414
f 3080 	8414 	3090
f 3086 	3087 	8414
f 3053 	3044 	3003
f 3053 	3003 	3058
f 3002 	3058 	3003
f 3078 	3066 	3201
f 3077 	3084 	3061
f 3056 	3084 	3046
f 3061 	3084 	3056
f 3003 	3046 	3084
f 3103 	3120 	3102
f 3119 	3102 	3120
f 3084 	3077 	3108
f 3098 	3251 	3106
f 3034 	3130 	3131
f 3130 	3135 	3136
f 3034 	3135 	3130
f 3106 	3251 	3109
f 3135 	3154 	3139
f 3135 	3139 	3136
f 3145 	3034 	3144
f 3146 	3034 	3145
f 3143 	3144 	3034
f 3149 	3152 	3154
f 3152 	3139 	3154
f 6515 	3867 	3134
f 3158 	3034 	3131
f 3183 	3154 	3052
f 3052 	3135 	3034
f 3154 	3135 	3052
f 3167 	8459 	3166
f 3168 	8459 	3167
f 3169 	8459 	3168
f 3170 	8459 	3169
f 3196 	8459 	3170
f 3172 	8459 	3171
f 3173 	8459 	3172
f 3174 	8459 	3173
f 3175 	8459 	3174
f 3176 	8459 	3175
f 3177 	8459 	3234
f 3149 	3154 	3183
f 6515 	3109 	3251
f 3042 	3079 	3186
f 3182 	3098 	3186
f 3171 	8459 	3196
f 3186 	3079 	3189
f 3197 	3215 	3084
f 3211 	3003 	3215
f 3242 	3235 	6515
f 3231 	8247 	3235
f 3090 	8414 	3249
f 3256 	3257 	3253
f 3252 	3253 	3257
f 3256 	3253 	3264
f 3563 	3264 	3253
f 3570 	3571 	8459
f 3577 	3579 	8459
f 3197 	3084 	3231
f 6515 	3235 	8247
f 8247 	3231 	3084
f 3042 	3186 	3098
f 3201 	3189 	3078
f 3252 	3265 	3253
f 3253 	3265 	3273
f 3147 	3134 	3867
f 3123 	6515 	3134
f 3109 	6515 	3123
f 3182 	3251 	3098
f 6515 	3251 	3243
f 3243 	3242 	6515
f 3084 	3215 	3003
f 3211 	2969 	3003
f 3203 	2969 	3206
f 3211 	3206 	2969
f 2969 	3203 	3201
f 3079 	3078 	3189
f 2969 	3201 	3066
f 3057 	3048 	2969
f 3273 	3278 	3253
f 3283 	3281 	3332
f 3342 	3287 	3341
f 3309 	3394 	3308
f 3395 	3313 	3394
f 3354 	3355 	3292
f 3308 	3394 	3313
f 3321 	3313 	3395
f 3292 	3355 	3279
f 3280 	3357 	3281
f 3330 	3332 	3281
f 3332 	3335 	3283
f 3284 	3283 	3335
f 3403 	3336 	3337
f 3284 	3335 	3285
f 3341 	3285 	3335
f 6548 	3349 	3350
f 6548 	3403 	3349
f 3337 	3352 	3403
f 3352 	3349 	3403
f 3351 	2969 	3354
f 3279 	3355 	3280
f 3357 	3280 	3355
f 3330 	3281 	3357
f 3539 	3494 	3357
f 3601 	3602 	3336
f 3309 	3336 	3394
f 3308 	3647 	3309
f 3403 	3102 	3336
f 3394 	3336 	3102
f 3394 	3410 	3395
f 3102 	3412 	3394
f 3412 	3410 	3394
f 3400 	3544 	3401
f 3419 	6553 	3422
f 3350 	3422 	6548
f 3432 	6552 	3431
f 6552 	6553 	3431
f 3419 	3431 	6553
f 3517 	7628 	7627
f 3395 	3469 	3321
f 3399 	3398 	3526
f 3398 	7628 	3526
f 3531 	3365 	3526
f 3399 	3526 	3365
f 3367 	3477 	3369
f 3366 	3531 	3367
f 3478 	3370 	3369
f 3458 	3447 	3030
f 3448 	3502 	3447
f 3457 	3458 	3030
f 3372 	3371 	3539
f 3384 	3539 	3371
f 3401 	3544 	7623
f 3555 	7624 	3553
f 3466 	3439 	3470
f 7677 	3558 	7678
f 3478 	3369 	3477
f 3477 	3531 	3332
f 3531 	3526 	3332
f 3488 	3119 	3493
f 3478 	3494 	3370
f 3370 	3494 	3384
f 3478 	3477 	3330
f 3332 	3330 	3477
f 7627 	7626 	3506
f 7627 	3506 	3517
f 3366 	3365 	3531
f 3477 	3367 	3531
f 3521 	3054 	3536
f 3522 	3054 	3521
f 3867 	3335 	3526
f 3494 	3539 	3384
f 3494 	3478 	3357
f 3534 	3536 	3054
f 3030 	3534 	3054
f 3539 	3544 	3372
f 3400 	3372 	3544
f 3502 	3503 	3030
f 3534 	3030 	3503
f 3553 	7623 	3544
f 3481 	3119 	3488
f 3475 	3472 	3395
f 3555 	3558 	7677
f 3445 	3508 	3448
f 3440 	3470 	3439
f 3440 	3321 	3470
f 3439 	3508 	3445
f 3470 	3321 	3469
f 3030 	3447 	3502
f 3502 	3448 	3510
f 3500 	7678 	3558
f 3500 	3028 	3501
f 3508 	3439 	3466
f 3508 	3510 	3448
f 3469 	3395 	3472
f 3395 	3410 	3119
f 3119 	3410 	3412
f 3119 	3412 	3102
f 3054 	3522 	3518
f 3492 	3493 	3119
f 3395 	3119 	3475
f 3119 	3054 	3492
f 3518 	3492 	3054
f 3481 	3475 	3119
f 3572 	3573 	8459
f 3574 	3600 	8459
f 3573 	3574 	8459
f 3571 	3572 	8459
f 3600 	3575 	8459
f 3576 	3577 	8459
f 3579 	3581 	8459
f 3581 	3588 	8459
f 3588 	3582 	8459
f 3260 	8459 	3582
f 3583 	3253 	3582
f 3584 	3253 	3583
f 3585 	3253 	3584
f 3586 	3253 	3585
f 3563 	3253 	3586
f 3578 	3580 	3569
f 3587 	3578 	3569
f 3569 	3580 	3030
f 3457 	3030 	3580
f 3578 	3614 	3580
f 3580 	3615 	3457
f 3253 	3260 	3582
f 3589 	3587 	6552
f 3569 	6552 	3587
f 3432 	3589 	6552
f 3098 	7767 	7765
f 3594 	3034 	3593
f 3143 	3034 	3594
f 3592 	3593 	3034
f 3125 	3569 	3124
f 3034 	3146 	3030
f 3030 	3146 	3569
f 3124 	3569 	3146
f 3575 	3576 	8459
f 7685 	3021 	7686
f 7686 	3027 	7706
f 3028 	7706 	3027
f 3603 	3604 	3336
f 3604 	3605 	3336
f 3605 	3606 	3336
f 3606 	3607 	3336
f 3337 	3336 	3607
f 3607 	8218 	3337
f 3597 	3431 	8414
f 3349 	8319 	3350
f 3066 	7714 	3063
f 3602 	3603 	3336
f 7712 	3057 	7713
f 3615 	3580 	3614
f 3617 	3457 	3615
f 3078 	7715 	3066
f 3614 	3578 	3587
f 3589 	3620 	3587
f 3614 	3587 	3620
f 3079 	7765 	7764
f 7685 	7684 	3021
f 3027 	7686 	3021
f 3624 	3589 	3160
f 3625 	3589 	3624
f 3626 	3589 	3625
f 3627 	3589 	3626
f 3620 	3589 	3627
f 3589 	3597 	3160
f 3432 	3597 	3589
f 3431 	3597 	3432
f 3157 	3160 	3597
f 3419 	8414 	3431
f 3021 	3501 	3027
f 7689 	3032 	3033
f 3457 	3617 	3633
f 3103 	3102 	3635
f 3634 	3635 	3102
f 3027 	3501 	3028
f 3637 	3634 	3403
f 3403 	3634 	3102
f 3047 	7690 	3033
f 3033 	7690 	7689
f 3592 	3034 	3158
f 3048 	3047 	3555
f 3601 	3336 	3648
f 3042 	3098 	7765
f 3048 	7711 	3047
f 7712 	3048 	3057
f 7713 	3063 	7714
f 3063 	7713 	3057
f 3648 	3309 	3647
f 3309 	3648 	3336
f 7764 	3078 	3079
f 3313 	3652 	3308
f 3647 	3308 	3652
f 3439 	3654 	3440
f 3656 	3440 	3654
f 3321 	3656 	3313
f 3652 	3313 	3656
f 3440 	3656 	3321
f 3042 	7765 	3079
f 3445 	3654 	3439
f 3445 	3660 	3654
f 3447 	3677 	3448
f 3677 	3662 	3448
f 3663 	3448 	3662
f 3660 	3445 	3663
f 3448 	3663 	3445
f 3677 	3447 	3680
f 3458 	3680 	3447
f 3457 	3633 	3458
f 3680 	3458 	3681
f 3681 	3458 	3633
f 7718 	3109 	3123
f 7729 	7718 	3134
f 3123 	3134 	7718
f 3147 	7729 	3134
f 3688 	3466 	3691
f 3470 	3691 	3466
f 3691 	3470 	3692
f 3469 	3692 	3470
f 3472 	3698 	3696
f 3692 	3469 	3696
f 3472 	3696 	3469
f 3472 	3475 	3698
f 3699 	3698 	3475
f 3481 	3701 	3475
f 3699 	3475 	3701
f 3701 	3481 	3703
f 3488 	3703 	3481
f 3705 	3493 	3704
f 3492 	3704 	3493
f 3493 	3705 	3488
f 3703 	3488 	3705
f 7829 	7828 	3231
f 7829 	3231 	3235
f 3733 	3735 	3503
f 3733 	3503 	3502
f 3740 	3534 	3735
f 3503 	3735 	3534
f 3510 	3743 	3502
f 3733 	3502 	3743
f 3684 	3743 	3510
f 3508 	3683 	3510
f 3684 	3510 	3683
f 3683 	3508 	3688
f 3466 	3688 	3508
f 3189 	7779 	3186
f 3518 	3708 	3704
f 3518 	3704 	3492
f 3521 	3758 	3522
f 3758 	3711 	3522
f 3712 	3522 	3711
f 3708 	3518 	3712
f 3522 	3712 	3518
f 7788 	3203 	7789
f 3758 	3521 	3765
f 3536 	3765 	3521
f 3740 	3766 	3534
f 3765 	3536 	3766
f 3534 	3766 	3536
f 3183 	3052 	3773
f 7777 	7776 	3182
f 3182 	3186 	7777
f 7778 	7777 	3186
f 3052 	3054 	3773
f 3773 	3054 	3790
f 7788 	3201 	3203
f 3206 	7789 	3203
f 3119 	3781 	3054
f 3794 	3054 	3781
f 3790 	3054 	3794
f 3815 	3119 	3800
f 7786 	3242 	3243
f 7786 	3243 	7787
f 7786 	3235 	3242
f 3558 	3032 	3500
f 3330 	3357 	3478
f 3342 	3341 	3867
f 3341 	3335 	3867
f 3335 	3332 	3526
f 3526 	3517 	3867
f 3506 	3147 	3517
f 3867 	3517 	3147
f 3501 	3021 	3506
f 3803 	3800 	3119
f 3797 	3803 	3119
f 3799 	3797 	3119
f 3033 	3032 	3558
f 3033 	3558 	3047
f 2969 	3048 	3555
f 3553 	2969 	3555
f 2969 	3553 	3355
f 3544 	3355 	3553
f 3539 	3357 	3544
f 3355 	3544 	3357
f 3354 	2969 	3355
f 3799 	3119 	3120
f 3815 	3780 	3119
f 3781 	3119 	3780
f 3843 	3839 	3867
f 4027 	4026 	3856
f 3851 	3867 	3852
f 4046 	3852 	4043
f 3836 	3852 	3839
f 3856 	3867 	3851
f 3839 	3852 	3867
f 3342 	3867 	3856
f 3865 	3867 	3866
f 3868 	3866 	3867
f 3865 	3866 	3843
f 3997 	3996 	3866
f 3996 	3839 	3843
f 3843 	3867 	3865
f 4020 	4019 	3852
f 3886 	3892 	3885
f 3894 	3892 	3886
f 3902 	3885 	3892
f 3893 	3902 	3892
f 3899 	3889 	3882
f 3866 	3868 	3882
f 3899 	3882 	3868
f 3994 	3836 	3839
f 3910 	4055 	3909
f 3910 	3966 	4055
f 3912 	4055 	3911
f 3914 	4055 	3912
f 3916 	4055 	3914
f 3908 	3909 	4055
f 3958 	4055 	3916
f 3918 	4055 	3917
f 3919 	4055 	3918
f 3920 	4055 	3919
f 3921 	4055 	3920
f 3922 	4054 	3921
f 3948 	4054 	3922
f 3924 	4054 	3923
f 3942 	4054 	3924
f 3926 	4054 	3925
f 3927 	4054 	3926
f 3928 	4054 	3927
f 3933 	4054 	3928
f 3930 	3986 	4054
f 3929 	4054 	3933
f 3882 	3997 	3866
f 3925 	4054 	3942
f 3885 	4008 	3886
f 3923 	4054 	3948
f 3851 	4028 	3856
f 3892 	3975 	3893
f 3894 	3954 	3892
f 3954 	3899 	4037
f 3868 	4037 	3899
f 3886 	4008 	3894
f 3954 	3894 	4008
f 3889 	3899 	3954
f 3917 	4055 	3958
f 3885 	3902 	3960
f 3859 	3960 	4672
f 3911 	4055 	3966
f 3902 	3970 	3969
f 3902 	3893 	3973
f 3975 	3974 	3893
f 3970 	3902 	3973
f 3974 	3973 	3893
f 3867 	7671 	3868
f 3987 	4054 	3986
f 3989 	4054 	3988
f 3987 	3988 	4054
f 3839 	3995 	3994
f 3996 	3843 	3866
f 3995 	3839 	3996
f 4008 	3885 	3998
f 3960 	3998 	3885
f 3998 	3997 	4008
f 3889 	4008 	3997
f 3882 	3889 	3997
f 3998 	3859 	3999
f 3960 	3859 	3998
f 3858 	3999 	3859
f 4000 	3999 	3858
f 4000 	3858 	4475
f 3285 	3341 	3287
f 3851 	3852 	4028
f 4027 	3856 	4028
f 4026 	3287 	3342
f 3342 	3856 	4026
f 4019 	4028 	3852
f 4020 	3852 	4021
f 3892 	4037 	3975
f 3892 	3954 	4037
f 3984 	4037 	3868
f 3889 	3954 	4008
f 4046 	4021 	3852
f 4043 	4050 	4046
f 4055 	3921 	4054
f 4059 	4072 	4055
f 4062 	4063 	4059
f 4063 	4071 	4059
f 4371 	4387 	4050
f 4376 	4371 	4050
f 3992 	4191 	4052
f 4052 	4054 	3992
f 4071 	4072 	4059
f 3907 	4055 	4072
f 3907 	3908 	4055
f 3930 	4054 	3929
f 4314 	4319 	3351
f 4050 	4043 	4376
f 4075 	4056 	4387
f 3351 	4075 	4387
f 4059 	4095 	4062
f 3992 	4054 	3989
f 4191 	4268 	4052
f 4194 	4052 	4268
f 4197 	4052 	4196
f 4198 	4052 	4197
f 4199 	4052 	4258
f 4202 	4052 	4199
f 4203 	4052 	4202
f 4204 	4052 	4203
f 4205 	4052 	4204
f 4234 	4052 	4205
f 4207 	4052 	4206
f 4210 	4052 	4207
f 4212 	4052 	4210
f 4206 	4052 	4234
f 4198 	4258 	4052
f 4158 	4153 	4175
f 4175 	4153 	4146
f 4175 	4146 	4145
f 4145 	4143 	4175
f 4175 	4138 	4125
f 4175 	4125 	4124
f 4175 	4124 	4129
f 4129 	4119 	4175
f 4175 	4113 	4111
f 4175 	4111 	4106
f 4175 	4106 	4105
f 4175 	4105 	4100
f 4175 	4100 	4099
f 4113 	4175 	4119
f 4138 	4175 	4143
f 4283 	4175 	4170
f 4283 	4170 	4167
f 4283 	4167 	4165
f 4283 	4165 	4164
f 4164 	4209 	4283
f 4209 	4195 	4283
f 4193 	4283 	4195
f 4265 	4175 	4269
f 4264 	4175 	4265
f 4261 	4175 	4264
f 4257 	4175 	4261
f 4247 	4175 	4257
f 4245 	4175 	4247
f 4270 	4269 	4175
f 4251 	4175 	4245
f 4241 	4175 	4251
f 4233 	4175 	4237
f 4229 	4175 	4233
f 4158 	4175 	4229
f 4272 	4270 	4175
f 4237 	4175 	4241
f 4279 	4175 	4280
f 4272 	4175 	4276
f 4279 	4276 	4175
f 4283 	4280 	4175
f 4193 	4190 	4283
f 4219 	4283 	4223
f 4217 	4283 	4219
f 4190 	4223 	4283
f 4305 	4304 	4303
f 4305 	4303 	4299
f 4305 	4299 	4296
f 4305 	4296 	4302
f 4302 	4295 	4305
f 4305 	4294 	4293
f 4305 	4293 	4290
f 4305 	4290 	4289
f 4305 	4289 	4291
f 4291 	4288 	4305
f 4283 	4305 	4284
f 4288 	4285 	4305
f 4305 	4283 	4217
f 4285 	4284 	4305
f 4294 	4305 	4295
f 4317 	3354 	3291
f 3351 	4316 	4314
f 4316 	3351 	4317
f 3354 	4317 	3351
f 3292 	3291 	3354
f 4339 	4056 	4345
f 3351 	4319 	4075
f 4337 	4021 	4046
f 4337 	4046 	4338
f 4050 	4338 	4046
f 4338 	4050 	4339
f 4056 	4339 	4050
f 4345 	4056 	4348
f 4075 	4348 	4056
f 4348 	4075 	4319
f 3994 	3993 	3836
f 4043 	3852 	3836
f 4622 	4385 	4367
f 4367 	4387 	4371
f 4056 	4050 	4387
f 4363 	4387 	4367
f 4386 	4363 	4385
f 4386 	4387 	4363
f 4363 	4367 	4385
f 4371 	4652 	4367
f 4394 	4396 	4671
f 4671 	4402 	4394
f 4398 	4394 	4402
f 4408 	4673 	4406
f 4405 	4406 	4671
f 4396 	4405 	4671
f 4406 	4618 	4408
f 4394 	4620 	4396
f 4398 	4402 	4418
f 4385 	4419 	4386
f 4422 	4423 	4402
f 4402 	4423 	4418
f 4424 	4418 	4423
f 4420 	4426 	4419
f 4386 	4419 	4426
f 4583 	6793 	4386
f 4405 	4619 	4406
f 4620 	4619 	4396
f 4620 	4394 	4398
f 4418 	4638 	4398
f 4638 	4620 	4398
f 4419 	4621 	4420
f 4424 	4458 	4418
f 4622 	4621 	4385
f 4622 	4367 	4652
f 4652 	4371 	4623
f 4456 	4457 	4455
f 4424 	4423 	4458
f 4458 	4664 	4426
f 4426 	4664 	4386
f 4423 	4664 	4458
f 4468 	4455 	4467
f 4468 	4469 	4455
f 4469 	4552 	4455
f 4465 	4467 	4455
f 4464 	4465 	4455
f 4194 	4196 	4052
f 4598 	4575 	4052
f 4464 	4455 	4472
f 4426 	4420 	4458
f 3858 	4672 	4475
f 4625 	4043 	3993
f 4043 	4625 	4376
f 4530 	4532 	4455
f 4530 	4455 	4457
f 4535 	4455 	4532
f 4456 	4455 	4552
f 4518 	4513 	4175
f 4507 	4175 	4508
f 4507 	4503 	4175
f 4500 	4175 	4503
f 4522 	4518 	4175
f 4498 	4175 	4500
f 4497 	4175 	4498
f 4496 	4175 	4497
f 4099 	4522 	4175
f 4513 	4508 	4175
f 4472 	4455 	4570
f 4561 	4181 	4496
f 4558 	4181 	4561
f 4545 	4181 	4553
f 4544 	4181 	4545
f 4542 	4181 	4544
f 4539 	4181 	4542
f 4536 	4181 	4539
f 4531 	4181 	4536
f 4175 	4496 	4181
f 4553 	4181 	4558
f 4576 	4577 	4052
f 4455 	4052 	4577
f 4580 	4455 	4579
f 4579 	4455 	4578
f 4575 	4576 	4052
f 4598 	4052 	4574
f 4581 	4455 	4580
f 4570 	4455 	4581
f 4574 	4052 	4212
f 4584 	4583 	4386
f 4587 	4422 	4588
f 4588 	4422 	4402
f 4589 	4588 	4402
f 4577 	4578 	4455
f 4402 	4602 	4589
f 3836 	3993 	4043
f 4408 	4630 	4475
f 4630 	4016 	4475
f 4000 	4475 	4016
f 4618 	4406 	4619
f 4617 	4408 	4618
f 4630 	4408 	4617
f 4405 	4396 	4619
f 4621 	4620 	4638
f 4621 	4638 	4420
f 4638 	4458 	4420
f 4419 	4385 	4621
f 4376 	4624 	4371
f 4623 	4371 	4624
f 4653 	6097 	4656
f 4624 	4376 	4625
f 4587 	4664 	4423
f 4587 	4423 	4422
f 4386 	4664 	4584
f 4638 	4418 	4458
f 4408 	4475 	4673
f 3859 	4672 	3858
f 4672 	4673 	4475
f 3902 	4672 	3960
f 3902 	3969 	4672
f 4671 	4406 	4673
f 4671 	4682 	4681
f 4402 	4671 	4681
f 4681 	4602 	4402
f 4691 	4682 	4673
f 4671 	4673 	4682
f 4693 	4672 	4694
f 4673 	4672 	4693
f 4673 	4693 	4691
f 4694 	4672 	3968
f 3969 	3968 	4672
f 4715 	4733 	4717
f 4733 	4656 	4716
f 4733 	4716 	4717
f 4721 	4644 	4720
f 4714 	4720 	4644
f 4644 	4721 	4724
f 4859 	4644 	4854
f 4719 	4716 	4656
f 4715 	4714 	4733
f 4644 	4733 	4714
f 4975 	4984 	4656
f 6084 	6086 	4656
f 4738 	4713 	4739
f 4720 	4714 	4744
f 4745 	4744 	4714
f 4715 	4746 	4745
f 4715 	4745 	4714
f 4748 	4747 	4717
f 4748 	4717 	4716
f 4746 	4715 	4747
f 4717 	4747 	4715
f 4748 	4716 	4749
f 4719 	4749 	4716
f 4749 	4719 	4738
f 4713 	4738 	4719
f 4752 	4751 	4721
f 4752 	4721 	4720
f 4750 	4724 	4751
f 4721 	4751 	4724
f 4744 	4752 	4720
f 4724 	4750 	4754
f 4857 	4859 	4854
f 4724 	4854 	4644
f 4863 	4860 	4857
f 4869 	4857 	4866
f 4860 	4866 	4857
f 4859 	4857 	4869
f 4870 	4871 	4869
f 4866 	4870 	4869
f 4874 	4878 	4644
f 4859 	4874 	4644
f 4869 	4874 	4859
f 4878 	4874 	4869
f 4860 	5036 	4866
f 4870 	5049 	4871
f 4900 	4886 	4887
f 4900 	4896 	4885
f 4889 	4885 	4863
f 4896 	4863 	4885
f 4885 	4886 	4900
f 4894 	4891 	4854
f 6333 	4884 	4879
f 4857 	4889 	4863
f 4891 	4889 	4857
f 4854 	4891 	4857
f 4906 	6074 	4905
f 4907 	4914 	4909
f 4908 	4914 	4907
f 4910 	6366 	6367
f 4900 	4887 	4916
f 6367 	6362 	4910
f 4915 	4916 	4914
f 4914 	4916 	4909
f 4887 	4909 	4916
f 4879 	5652 	6362
f 4914 	4908 	4984
f 5000 	4999 	4909
f 4887 	5002 	4909
f 4886 	5002 	4887
f 5019 	4886 	4885
f 4910 	6362 	5713
f 5003 	4885 	5004
f 5019 	4885 	5003
f 4889 	5004 	4885
f 4891 	5005 	4889
f 5025 	5005 	4891
f 4942 	4891 	4894
f 4896 	4900 	5038
f 4916 	5039 	4900
f 4915 	4914 	4932
f 4914 	6074 	4932
f 4906 	4932 	6074
f 4942 	4854 	4941
f 4724 	4941 	4854
f 4754 	4960 	4724
f 4951 	4960 	4754
f 4888 	4959 	4969
f 6498 	6495 	4957
f 4941 	4724 	4960
f 4960 	4951 	4961
f 4894 	4854 	4942
f 4888 	4969 	4956
f 5062 	4634 	4644
f 4719 	4656 	4713
f 4981 	4713 	4984
f 4984 	4713 	4656
f 4713 	4981 	4739
f 4986 	4739 	4981
f 4984 	4975 	4914
f 4986 	4981 	4991
f 4990 	5001 	4971
f 4981 	4984 	4908
f 4994 	4971 	5001
f 4991 	4981 	4999
f 4907 	4999 	4981
f 4907 	4981 	4908
f 4907 	4909 	4999
f 5000 	4909 	5002
f 5019 	5002 	4886
f 5004 	4889 	5005
f 4960 	5026 	5025
f 4942 	4960 	4891
f 4941 	4960 	4942
f 5025 	4891 	4960
f 4961 	5026 	4960
f 5036 	5049 	4866
f 5037 	5036 	4860
f 5037 	4863 	5038
f 4860 	4863 	5037
f 5038 	4863 	4896
f 5040 	5039 	4916
f 5040 	4916 	4915
f 5040 	4915 	4932
f 5038 	4900 	5039
f 5040 	4932 	5041
f 4932 	4906 	5041
f 4905 	5041 	4906
f 4871 	5049 	5048
f 4870 	4866 	5049
f 5056 	5063 	5060
f 5057 	5063 	5056
f 5063 	5062 	5060
f 5059 	5060 	5062
f 5057 	5812 	5063
f 5804 	5057 	5805
f 5060 	5807 	5056
f 5071 	5814 	5070
f 5432 	5078 	5067
f 5059 	5062 	4871
f 4869 	4871 	5062
f 4952 	4962 	4953
f 4950 	4962 	4952
f 4949 	4962 	4950
f 4946 	4962 	4947
f 4944 	4962 	4946
f 4943 	4962 	4944
f 4940 	4962 	4943
f 4939 	4962 	4940
f 4979 	4976 	4938
f 4938 	4962 	4939
f 4953 	4962 	4954
f 4979 	4938 	4980
f 4973 	4938 	4976
f 4972 	4938 	4973
f 4974 	4938 	4972
f 4970 	4938 	4974
f 4967 	4938 	4968
f 4966 	4938 	4967
f 4963 	4938 	4966
f 4962 	4938 	4963
f 4968 	4938 	4970
f 5095 	5885 	5094
f 5027 	5024 	5074
f 5024 	5023 	5074
f 5021 	5074 	5023
f 5017 	5074 	5021
f 5033 	5027 	5074
f 5020 	5074 	5016
f 5074 	5072 	5033
f 5015 	5074 	5020
f 5007 	5074 	5014
f 5006 	5074 	5007
f 5010 	5074 	5006
f 4998 	5074 	5010
f 4996 	5074 	4997
f 4995 	5074 	4996
f 4993 	5074 	4995
f 4988 	5074 	4992
f 4987 	5074 	4988
f 4989 	5074 	4987
f 4983 	5074 	4985
f 4982 	5061 	6838
f 4983 	4982 	5074
f 4992 	5074 	4993
f 4997 	5074 	4998
f 5094 	5107 	5095
f 5014 	5074 	5015
f 5016 	5074 	5017
f 5046 	5031 	5047
f 5050 	5047 	5031
f 5031 	5046 	5052
f 5052 	5051 	5031
f 4947 	4962 	4949
f 5051 	4955 	5031
f 4954 	4962 	4955
f 5031 	4955 	4962
f 6818 	6814 	5054
f 5058 	6838 	5061
f 4989 	4985 	5074
f 5050 	5031 	5068
f 5069 	5068 	5031
f 5072 	5069 	5031
f 5106 	5103 	5844
f 5030 	5033 	5072
f 5031 	5030 	5072
f 5074 	4982 	5075
f 6814 	6802 	5058
f 5094 	5448 	5107
f 5096 	5095 	5107
f 5081 	6821 	5082
f 5082 	6821 	5054
f 5080 	6821 	5081
f 5055 	5054 	6814
f 5126 	5065 	5131
f 5129 	7619 	5120
f 5125 	5110 	5246
f 5135 	5134 	7931
f 5283 	7931 	5134
f 5133 	5065 	5127
f 5126 	5127 	5065
f 5132 	3790 	5136
f 5115 	5108 	5070
f 5115 	5070 	5112
f 5065 	5070 	5108
f 5108 	5130 	5065
f 5130 	5131 	5065
f 3790 	5327 	5136
f 5151 	4059 	5150
f 5123 	5112 	5070
f 5806 	5124 	5070
f 5322 	5319 	5150
f 5179 	5166 	5154
f 5170 	5154 	5169
f 5170 	5171 	5154
f 5265 	5370 	5171
f 5173 	5370 	5172
f 5167 	5169 	5154
f 5309 	5167 	5154
f 5175 	5370 	5174
f 5177 	5370 	5175
f 5178 	5370 	5177
f 5166 	5309 	5154
f 5108 	5156 	5130
f 5153 	5130 	5156
f 5156 	5108 	5158
f 5115 	5158 	5108
f 5158 	5115 	5161
f 5112 	5161 	5115
f 5162 	5376 	5163
f 5123 	5168 	5164
f 5161 	5112 	5164
f 5123 	5164 	5112
f 5123 	5124 	5168
f 5181 	5168 	5124
f 5198 	5199 	5127
f 5198 	5127 	5126
f 7650 	5184 	5149
f 8094 	5154 	8101
f 5201 	5133 	5199
f 5127 	5199 	5133
f 5131 	5202 	5126
f 5198 	5126 	5202
f 5192 	5275 	5196
f 5155 	5202 	5131
f 5130 	5153 	5131
f 5155 	5131 	5153
f 6000 	5197 	5206
f 5217 	5264 	5109
f 5133 	5201 	5220
f 5217 	6003 	5206
f 5217 	5206 	5264
f 5197 	5267 	5206
f 5267 	5264 	5206
f 5267 	5197 	5196
f 5238 	5233 	5107
f 5229 	5107 	5233
f 7760 	5204 	7759
f 5245 	5238 	3790
f 5172 	5370 	5265
f 6294 	6295 	5267
f 5110 	5109 	5261
f 5208 	7770 	5248
f 6297 	6294 	5275
f 5258 	7771 	5259
f 6311 	5290 	5294
f 5297 	5296 	7735
f 5228 	5294 	5097
f 5101 	5097 	5294
f 5290 	5103 	5294
f 5101 	5294 	5103
f 5107 	5229 	5096
f 5097 	5096 	5229
f 5229 	5228 	5097
f 5267 	5196 	5275
f 5264 	5261 	5109
f 5261 	5246 	5110
f 5174 	5370 	5173
f 5150 	5144 	5327
f 5144 	5136 	5327
f 5132 	5128 	3790
f 5128 	5125 	5246
f 3790 	5128 	5246
f 5246 	5245 	3790
f 5107 	3790 	5238
f 7931 	5313 	5135
f 7931 	7622 	5313
f 5319 	5318 	5150
f 5151 	5150 	5318
f 5219 	5218 	5500
f 5221 	5219 	5500
f 5218 	5276 	5500
f 5224 	5223 	5500
f 5236 	5232 	5500
f 5230 	5224 	5500
f 5223 	5221 	5500
f 5232 	5230 	5500
f 5322 	5150 	5327
f 5266 	5500 	5268
f 5263 	5500 	5266
f 5257 	5500 	5263
f 5256 	5500 	5257
f 5252 	5500 	5260
f 5251 	5500 	5252
f 5244 	5500 	5247
f 5243 	5500 	5244
f 5312 	5500 	5243
f 5260 	5500 	5256
f 5237 	5236 	5500
f 5276 	5272 	5500
f 5272 	5268 	5500
f 5247 	5500 	5251
f 5336 	6212 	5331
f 5333 	5332 	5334
f 5311 	5500 	5312
f 5338 	6151 	5336
f 5331 	3790 	5336
f 5338 	5336 	3790
f 6166 	5341 	5345
f 5350 	5351 	5497
f 5349 	5350 	5497
f 5351 	5410 	5497
f 5410 	5352 	5497
f 5474 	5488 	5497
f 5358 	6174 	5345
f 5363 	5370 	5178
f 6250 	6252 	5358
f 5341 	6250 	5345
f 5360 	5355 	5362
f 5365 	5366 	5370
f 5366 	5367 	5370
f 5345 	6250 	5358
f 5356 	5360 	5362
f 5365 	5370 	5364
f 5364 	5370 	5363
f 5154 	5171 	5370
f 6252 	5844 	5361
f 5372 	8009 	5373
f 5367 	5375 	5370
f 5347 	5348 	5370
f 5354 	5373 	8008
f 6230 	6225 	5381
f 5568 	5311 	5377
f 5382 	5381 	5157
f 5162 	5157 	5381
f 5354 	8008 	5355
f 5382 	6234 	5381
f 5194 	5193 	5500
f 5193 	5191 	5500
f 5183 	5182 	5500
f 5182 	5180 	5500
f 5180 	5176 	5500
f 5176 	5165 	5500
f 5165 	5160 	5500
f 5159 	5500 	5160
f 5240 	5500 	5159
f 5195 	5194 	5500
f 5455 	5451 	5500
f 5203 	5200 	5500
f 5200 	5195 	5500
f 5376 	5162 	5381
f 5191 	5183 	5500
f 5356 	5362 	5357
f 5318 	5382 	5151
f 5157 	5151 	5382
f 5390 	5525 	5393
f 5392 	5531 	5398
f 3790 	6040 	5338
f 5338 	6040 	5341
f 5331 	5327 	3790
f 3790 	5107 	6145
f 6277 	6278 	3790
f 5403 	5512 	5402
f 5352 	5353 	5497
f 5402 	5512 	5383
f 5123 	5070 	5124
f 5124 	5806 	5388
f 5844 	5103 	5284
f 5284 	5103 	5290
f 5284 	5280 	5844
f 5844 	5275 	5192
f 5280 	5275 	5844
f 5187 	5844 	5192
f 5187 	5163 	5844
f 5844 	5163 	5376
f 5369 	5368 	5844
f 5376 	5369 	5844
f 5368 	5361 	5844
f 5416 	5332 	5411
f 5512 	5403 	5398
f 5393 	5525 	5392
f 5492 	5390 	5806
f 7960 	7961 	5426
f 5434 	5078 	5432
f 5521 	5514 	5422
f 5434 	5432 	5437
f 5440 	5432 	5067
f 5432 	5440 	5443
f 5432 	5443 	5437
f 5278 	5449 	5281
f 5277 	5449 	5278
f 5274 	5449 	5277
f 5273 	5449 	5274
f 5898 	5897 	5442
f 5446 	5447 	5440
f 5440 	5447 	5443
f 5438 	5430 	5502
f 5423 	5514 	5430
f 5377 	5445 	5568
f 5273 	5920 	5449
f 5449 	5315 	5314
f 5449 	5314 	5310
f 5449 	5310 	5308
f 5449 	5308 	5305
f 5449 	5305 	5304
f 5449 	5304 	5303
f 5065 	5512 	5067
f 5438 	5502 	5439
f 5133 	5220 	5383
f 5220 	5454 	5383
f 5480 	5383 	5454
f 5882 	5448 	5094
f 5181 	5124 	5458
f 5458 	5388 	5461
f 5106 	5844 	5457
f 5388 	5458 	5124
f 5461 	5388 	5390
f 5524 	5521 	5470
f 5469 	5524 	5470
f 5463 	5393 	5462
f 5392 	5462 	5393
f 5393 	5463 	5390
f 5461 	5390 	5463
f 5398 	5462 	5392
f 5449 	5385 	5384
f 5398 	5465 	5462
f 5419 	5425 	5449
f 5402 	5473 	5403
f 5473 	5467 	5403
f 5468 	5403 	5467
f 5465 	5398 	5468
f 5403 	5468 	5398
f 5439 	5502 	5448
f 5107 	5448 	5502
f 5488 	5475 	5497
f 5496 	5497 	5477
f 5477 	5478 	5496
f 5479 	5496 	5478
f 5476 	5477 	5497
f 5479 	5581 	5496
f 5353 	5474 	5497
f 5480 	5473 	5402
f 5480 	5402 	5383
f 5299 	5449 	5300
f 5323 	5449 	5299
f 5326 	5321 	5449
f 5323 	5326 	5449
f 5301 	5300 	5449
f 5303 	5302 	5449
f 5301 	5449 	5302
f 5466 	5874 	5469
f 5464 	5874 	5466
f 5320 	5449 	5321
f 5320 	5433 	5449
f 5386 	5385 	5449
f 5482 	5798 	5481
f 5799 	5483 	5798
f 5481 	5798 	5483
f 5484 	5483 	5799
f 5419 	5449 	5420
f 5418 	5415 	5449
f 5401 	5449 	5408
f 5408 	5449 	5413
f 5425 	5418 	5449
f 5400 	5449 	5401
f 5404 	5449 	5400
f 5396 	5449 	5404
f 5391 	5449 	5394
f 5389 	5449 	5391
f 5386 	5449 	5389
f 5394 	5449 	5396
f 5475 	5476 	5497
f 5415 	5413 	5449
f 5433 	5420 	5449
f 5800 	5489 	5490
f 5806 	5800 	5491
f 5806 	5491 	5492
f 5486 	5502 	5487
f 5490 	5494 	5800
f 5375 	5346 	5370
f 5494 	5491 	5800
f 5485 	5486 	4884
f 5346 	5347 	5370
f 5497 	5370 	5348
f 5596 	5495 	5496
f 5348 	5349 	5497
f 5684 	5685 	5489
f 5501 	5797 	5495
f 5500 	5460 	5459
f 5459 	5456 	5500
f 5451 	5450 	5500
f 5450 	5205 	5500
f 5205 	5203 	5500
f 5455 	5500 	5456
f 5482 	5489 	5798
f 6328 	5499 	4884
f 5481 	5692 	5482
f 5504 	5501 	5503
f 5501 	5495 	5597
f 5596 	5597 	5495
f 5499 	5486 	5485
f 5720 	5501 	5719
f 5486 	5499 	6343
f 5512 	5398 	5506
f 5507 	5512 	5506
f 6343 	6322 	5502
f 5486 	6343 	5502
f 5512 	5507 	5510
f 5065 	5133 	5512
f 5133 	5383 	5512
f 5799 	5517 	5484
f 5516 	5781 	5519
f 5520 	5519 	5781
f 5570 	5588 	5500
f 5460 	5500 	5518
f 5799 	5784 	5517
f 5516 	5517 	5784
f 5513 	5497 	5509
f 5240 	5237 	5500
f 5384 	5523 	5449
f 5522 	5392 	5525
f 5514 	5513 	5430
f 5525 	5390 	5492
f 5632 	5449 	5523
f 5531 	5392 	5522
f 5508 	5398 	5531
f 5524 	5469 	5530
f 5388 	5806 	5390
f 5508 	5506 	5398
f 5506 	5743 	5507
f 5507 	5745 	5510
f 5502 	5430 	5509
f 5508 	5750 	5506
f 5874 	5532 	5469
f 5422 	5470 	5521
f 5423 	5422 	5514
f 5513 	5509 	5430
f 5530 	5469 	5532
f 5452 	5449 	5534
f 5281 	5449 	5452
f 5556 	5549 	5781
f 5553 	4634 	5062
f 5548 	5549 	5556
f 5520 	5781 	5549
f 4878 	5062 	4644
f 5062 	4878 	4869
f 5699 	5517 	5698
f 5516 	5698 	5517
f 5484 	5517 	5699
f 5559 	5063 	5560
f 5063 	5558 	5062
f 5558 	5063 	5559
f 5558 	5564 	5553
f 5558 	5553 	5062
f 5549 	5710 	5520
f 5311 	5568 	5500
f 5570 	5500 	5568
f 5556 	5512 	5566
f 5548 	5556 	5566
f 5572 	5566 	5512
f 5510 	5572 	5512
f 5562 	5573 	4879
f 5573 	5652 	4879
f 5556 	5636 	5512
f 5581 	5582 	5496
f 5582 	5583 	5496
f 5583 	5683 	5496
f 5683 	5584 	5496
f 5585 	5586 	5496
f 5586 	5587 	5496
f 5587 	5668 	5496
f 5589 	5496 	5668
f 5591 	5653 	5496
f 5593 	5496 	5653
f 5595 	5496 	5594
f 5596 	5496 	5595
f 5793 	5647 	5781
f 5518 	5500 	5588
f 5600 	5501 	5597
f 5503 	5501 	5600
f 5507 	5743 	5745
f 5013 	5570 	5008
f 5743 	5506 	5750
f 5487 	5606 	5486
f 5548 	5761 	5549
f 5566 	5761 	5548
f 5761 	5707 	5549
f 5761 	5566 	5767
f 5572 	5767 	5566
f 5445 	5436 	5568
f 5436 	5435 	5568
f 5435 	5441 	5568
f 5441 	5431 	5568
f 5431 	5424 	5568
f 5414 	5568 	5421
f 5412 	5568 	5414
f 5412 	5417 	5568
f 5417 	5409 	5568
f 5406 	5568 	5409
f 5397 	5568 	5399
f 5405 	5565 	5568
f 5502 	5509 	5797
f 5510 	5772 	5572
f 5424 	5421 	5568
f 5627 	5629 	5630
f 5627 	5631 	5629
f 5526 	5579 	5570
f 5528 	5570 	5529
f 5633 	5627 	5636
f 5633 	5640 	5627
f 5631 	5627 	5640
f 5645 	5641 	4884
f 4884 	5641 	4879
f 5562 	4879 	5641
f 5649 	5627 	5630
f 5593 	5594 	5496
f 5067 	5627 	5440
f 5554 	5533 	5570
f 5533 	5529 	5570
f 5552 	5551 	5568
f 5406 	5399 	5568
f 5551 	5550 	5568
f 5550 	5547 	5568
f 5547 	5545 	5568
f 5543 	5541 	5568
f 5541 	5540 	5568
f 5540 	5539 	5568
f 5539 	5537 	5568
f 5570 	5568 	5537
f 5537 	5536 	5570
f 5009 	5570 	5536
f 5008 	5570 	5009
f 5649 	5446 	5440
f 5649 	5440 	5627
f 5545 	5543 	5568
f 5554 	5570 	5557
f 5067 	5512 	5627
f 5646 	5636 	5556
f 5563 	5568 	5565
f 5552 	5568 	5563
f 5397 	5405 	5568
f 5660 	6362 	5652
f 5627 	5512 	5636
f 5575 	5570 	5576
f 5527 	5526 	5570
f 5574 	5570 	5575
f 5576 	5570 	5579
f 5561 	5557 	5570
f 5646 	5556 	5647
f 5589 	5591 	5496
f 5670 	5508 	5669
f 5528 	5527 	5570
f 5588 	5570 	5574
f 5013 	5561 	5570
f 5674 	5531 	3278
f 5675 	5531 	5674
f 5669 	5531 	5675
f 5531 	5522 	3278
f 5606 	5645 	5486
f 4884 	5486 	5645
f 5796 	5645 	5606
f 5509 	5496 	5797
f 5584 	5585 	5496
f 3004 	8460 	5490
f 5687 	3004 	5489
f 5490 	5489 	3004
f 5685 	5687 	5489
f 3004 	2998 	8460
f 5684 	5489 	5693
f 5489 	5482 	5693
f 5606 	5487 	5502
f 5706 	5698 	5519
f 5712 	5501 	5711
f 5504 	5505 	5501
f 5709 	5501 	5712
f 5714 	5884 	5501
f 5505 	5714 	5501
f 5715 	5716 	5501
f 5717 	5501 	5716
f 5711 	5501 	5717
f 4910 	5701 	5703
f 5719 	5501 	5709
f 5525 	3260 	5522
f 3253 	5522 	3260
f 5634 	5063 	5632
f 5639 	5063 	5634
f 5644 	5063 	5639
f 5648 	5063 	5644
f 5650 	5063 	5648
f 5654 	5063 	5650
f 5656 	5063 	5654
f 5659 	5063 	5656
f 5560 	5063 	5659
f 5449 	5632 	5063
f 5701 	4910 	5713
f 5492 	8459 	5525
f 5064 	5449 	5063
f 5532 	5874 	5829
f 5692 	5693 	5482
f 5483 	5695 	5481
f 5692 	5481 	5695
f 5735 	5736 	4957
f 5484 	5699 	5483
f 5695 	5483 	5699
f 5698 	5516 	5519
f 6397 	6396 	5532
f 5531 	5669 	5508
f 5750 	5508 	5670
f 5735 	5837 	5736
f 3253 	3278 	5522
f 5837 	5874 	5736
f 5710 	5549 	5707
f 5519 	5520 	5706
f 5710 	5706 	5520
f 5735 	4957 	5763
f 4957 	4910 	5763
f 5745 	5747 	5510
f 5772 	5510 	5747
f 5778 	5572 	5772
f 5767 	5572 	5778
f 5703 	5763 	4910
f 5781 	5516 	5784
f 5573 	6418 	5652
f 5642 	5786 	5787
f 5786 	5781 	5787
f 6420 	6421 	5660
f 5064 	5780 	5777
f 5064 	5777 	5774
f 5064 	5774 	5770
f 5064 	5770 	5769
f 5643 	5793 	5786
f 5643 	5786 	5642
f 5064 	5769 	5449
f 5534 	5449 	5782
f 5556 	5781 	5647
f 5793 	5781 	5786
f 5501 	5720 	5796
f 5789 	5787 	5784
f 5781 	5784 	5787
f 5789 	5784 	5791
f 5797 	5501 	5796
f 5782 	5449 	5769
f 5800 	5802 	5489
f 5800 	5810 	5802
f 5806 	5810 	5800
f 5048 	5809 	4871
f 5489 	5802 	5798
f 5808 	5059 	5809
f 5811 	5059 	5808
f 5056 	5805 	5057
f 5805 	5056 	5807
f 5070 	5802 	5810
f 5810 	5806 	5070
f 4871 	5809 	5059
f 5811 	5807 	5060
f 5811 	5060 	5059
f 5370 	5514 	5154
f 5813 	5064 	5812
f 5064 	5063 	5812
f 5817 	5798 	5816
f 5818 	5798 	5817
f 5997 	5821 	5822
f 5997 	5822 	5824
f 5784 	5799 	5791
f 5825 	5791 	5799
f 5799 	5798 	5828
f 5799 	5828 	5825
f 5997 	5064 	5821
f 5814 	5815 	5802
f 5802 	5815 	5798
f 5813 	5821 	5064
f 5828 	5798 	5818
f 5815 	5816 	5798
f 5070 	5814 	5802
f 6430 	6412 	5735
f 5763 	6430 	5735
f 5836 	5832 	5843
f 5833 	6071 	5832
f 5843 	5832 	6071
f 5846 	5851 	5849
f 5847 	5851 	5846
f 5851 	4959 	5849
f 6074 	6078 	4905
f 6430 	5763 	6431
f 5703 	6431 	5763
f 5701 	6431 	5703
f 5065 	5067 	5839
f 5848 	5849 	4959
f 5713 	6435 	5701
f 5969 	5042 	5845
f 5652 	6420 	5660
f 6010 	5853 	5847
f 5839 	5844 	5065
f 6441 	6452 	5660
f 5796 	5606 	5502
f 5851 	5847 	5853
f 5854 	5851 	5853
f 5845 	6078 	5852
f 5797 	5796 	5502
f 5852 	5970 	5845
f 5851 	5856 	4959
f 5832 	5972 	5970
f 5852 	5833 	5970
f 5832 	5970 	5833
f 5857 	5856 	5851
f 5829 	5874 	5837
f 5972 	5832 	5836
f 5839 	5067 	5078
f 5854 	5857 	5851
f 5464 	5457 	5874
f 5844 	5874 	5457
f 5824 	5836 	5843
f 4957 	5859 	5860
f 5824 	5843 	5997
f 5736 	5864 	5859
f 5736 	5859 	4957
f 5861 	5862 	5065
f 5065 	5844 	5861
f 5755 	5754 	5869
f 5749 	5748 	5869
f 5748 	5746 	5869
f 5746 	5742 	5869
f 5742 	5741 	5869
f 5741 	5740 	5869
f 5740 	5738 	5869
f 5724 	5723 	5869
f 5723 	5726 	5869
f 5726 	5722 	5869
f 5722 	5721 	5869
f 5705 	5704 	5869
f 5704 	5708 	5869
f 5708 	5702 	5869
f 5700 	5869 	5702
f 5696 	5869 	5697
f 5867 	5070 	5862
f 5700 	5697 	5869
f 5865 	5866 	5842
f 5838 	5865 	5842
f 5721 	5705 	5869
f 5738 	5724 	5869
f 5754 	5749 	5869
f 5070 	5065 	5862
f 5874 	5859 	5864
f 5756 	5755 	5869
f 5842 	5866 	4959
f 5848 	4959 	5866
f 5826 	5869 	5827
f 5831 	5827 	5869
f 5757 	5869 	5826
f 5756 	5869 	5757
f 6504 	4957 	5860
f 5070 	5870 	5071
f 5864 	5736 	5874
f 5870 	5070 	5872
f 5070 	5873 	5872
f 5914 	6368 	5838
f 6510 	6504 	5859
f 5860 	5859 	6504
f 5859 	5874 	6510
f 5844 	5875 	5874
f 5876 	5874 	5875
f 5070 	5867 	5873
f 5423 	6532 	5422
f 6510 	5874 	5876
f 5788 	5869 	5792
f 5715 	5501 	5884
f 5794 	5869 	5795
f 5792 	5869 	5794
f 5776 	5869 	5788
f 5688 	5795 	5869
f 5691 	5688 	5869
f 5775 	5869 	5776
f 5779 	5869 	5775
f 5771 	5869 	5779
f 5762 	5869 	5766
f 5759 	5869 	5762
f 5758 	5820 	5869
f 5758 	5869 	5759
f 5696 	5691 	5869
f 5766 	5869 	5771
f 5866 	6336 	5848
f 5819 	5869 	5820
f 5892 	5097 	5895
f 5894 	5895 	5101
f 5846 	6425 	5847
f 6537 	6531 	5464
f 5466 	6538 	5464
f 6537 	5464 	6538
f 6345 	5848 	6335
f 5466 	5469 	6538
f 5906 	5903 	5457
f 7439 	5899 	5898
f 6345 	5849 	5848
f 6534 	6540 	5422
f 5877 	5448 	5882
f 5885 	5886 	5094
f 5882 	5094 	5886
f 6309 	5914 	5842
f 5889 	5095 	5888
f 5838 	5842 	5914
f 5095 	5096 	5888
f 5885 	5095 	5889
f 5916 	5914 	6309
f 5097 	5892 	5096
f 5888 	5096 	5892
f 5893 	5894 	5101
f 5101 	5895 	5097
f 5900 	5893 	5103
f 5101 	5103 	5893
f 5106 	5457 	5904
f 5900 	5103 	5904
f 5106 	5904 	5103
f 5931 	5926 	5936
f 5918 	5449 	5920
f 5911 	5449 	5918
f 5910 	5449 	5911
f 5907 	5449 	5910
f 5902 	5449 	5905
f 5901 	5449 	5902
f 5896 	5449 	5901
f 5891 	5449 	5896
f 5890 	5449 	5891
f 5887 	5449 	5890
f 5881 	5449 	5883
f 5315 	5449 	5881
f 5883 	5449 	5887
f 6309 	5936 	5916
f 5926 	5916 	5936
f 5905 	5449 	5907
f 5064 	5997 	5942
f 5943 	5942 	5997
f 3780 	5947 	3781
f 5944 	5945 	5952
f 5931 	5936 	5945
f 3815 	6846 	3780
f 5942 	5780 	5064
f 5946 	5939 	6846
f 5947 	6846 	5938
f 5938 	3198 	5947
f 5952 	5945 	5936
f 5843 	5951 	5950
f 3781 	5947 	3198
f 5843 	5950 	5949
f 5843 	5949 	5997
f 5949 	5955 	5997
f 5157 	5954 	5956
f 5157 	5956 	5957
f 5157 	5957 	5151
f 5959 	5151 	5958
f 5960 	5151 	5959
f 4059 	5151 	4095
f 4095 	5151 	5960
f 3773 	3790 	6279
f 5961 	5951 	5843
f 5843 	6071 	5961
f 5954 	5157 	5966
f 5975 	5109 	5973
f 5977 	5109 	5975
f 5109 	5110 	5973
f 5945 	6372 	5931
f 5041 	4905 	5042
f 4905 	5845 	5042
f 6001 	5217 	5980
f 5970 	5969 	5845
f 5971 	5110 	5981
f 6004 	6040 	3790
f 5982 	5983 	5128
f 5985 	5125 	5984
f 5981 	5125 	5985
f 5984 	5125 	5983
f 5944 	5952 	5979
f 5972 	5836 	5974
f 5836 	5824 	5974
f 5822 	5974 	5824
f 5986 	5128 	4535
f 5982 	5128 	5987
f 5990 	5974 	5822
f 5990 	5822 	5821
f 4455 	5132 	4052
f 5976 	5813 	5978
f 5812 	5978 	5813
f 5990 	5821 	5976
f 5813 	5976 	5821
f 5978 	5812 	5804
f 5057 	5804 	5812
f 6353 	6352 	5952
f 5109 	5977 	5217
f 3781 	6002 	3794
f 5217 	6001 	6003
f 6005 	5206 	6003
f 3790 	3794 	6004
f 6002 	6004 	3794
f 5971 	5973 	5110
f 5988 	6004 	5989
f 6002 	5992 	6004
f 3781 	3198 	6002
f 6371 	6370 	5916
f 5926 	6371 	5916
f 5988 	5991 	6004
f 5980 	5217 	5977
f 5979 	6373 	5944
f 5992 	6002 	5993
f 5989 	6004 	5992
f 3198 	5993 	6002
f 5125 	5981 	5110
f 5991 	5995 	6004
f 6372 	6371 	5931
f 5125 	5128 	5983
f 5979 	6059 	6374
f 5132 	4455 	5128
f 5986 	5987 	5128
f 4535 	5128 	4455
f 5869 	5929 	7438
f 5929 	5930 	7438
f 7439 	7438 	5930
f 7439 	5930 	5933
f 7439 	5933 	5899
f 6011 	5853 	6010
f 5136 	4052 	5132
f 5869 	5819 	5929
f 4052 	5136 	4054
f 5144 	4054 	5136
f 5150 	4055 	5144
f 4054 	5144 	4055
f 6039 	6025 	6027
f 4055 	5150 	4059
f 6023 	6037 	6011
f 5958 	5151 	5957
f 5964 	5966 	5163
f 5162 	5163 	5966
f 6023 	6025 	6039
f 6039 	6038 	6023
f 6038 	6037 	6023
f 5853 	6011 	6037
f 5966 	5157 	5162
f 6049 	6045 	6136
f 5967 	5964 	5187
f 5994 	5967 	5187
f 5163 	5187 	5964
f 6046 	6210 	6045
f 5187 	5192 	5994
f 5996 	5994 	5192
f 5196 	5197 	5999
f 5998 	5999 	5197
f 6136 	6045 	6210
f 6211 	6058 	6059
f 5943 	5997 	3726
f 6028 	6040 	6030
f 5196 	5999 	5192
f 5996 	5192 	5999
f 6211 	4994 	6058
f 5197 	6000 	5998
f 6061 	6058 	4994
f 6000 	5206 	6005
f 5997 	5955 	3726
f 6033 	6024 	8146
f 6024 	6021 	8146
f 6021 	6018 	8146
f 6018 	6019 	8146
f 7438 	8146 	6019
f 5952 	6211 	5979
f 6059 	5979 	6211
f 6385 	6374 	6059
f 6058 	6385 	6059
f 5871 	5869 	6019
f 5831 	5869 	5871
f 5845 	4905 	6078
f 6386 	6385 	6061
f 6015 	6032 	6040
f 6040 	6014 	6013
f 7438 	6019 	5869
f 6097 	6078 	4656
f 6031 	6030 	6040
f 6078 	6084 	4656
f 6074 	6084 	6078
f 6032 	6031 	6040
f 6061 	4994 	6079
f 6086 	4975 	4656
f 6013 	6015 	6040
f 4914 	4975 	6086
f 4914 	6086 	6074
f 5995 	6043 	6004
f 6079 	6398 	6061
f 6086 	6084 	6074
f 5264 	5267 	6296
f 5897 	5344 	5442
f 6399 	6398 	6045
f 6079 	6046 	6398
f 6045 	6398 	6046
f 5833 	5852 	6071
f 6071 	5852 	6078
f 6399 	6045 	6049
f 6136 	6093 	6049
f 6027 	6049 	6094
f 5963 	5961 	6071
f 6091 	5963 	6071
f 6053 	6014 	6004
f 6054 	6053 	6004
f 6048 	6054 	6004
f 6048 	6004 	6043
f 6040 	6004 	6014
f 6094 	6049 	6093
f 6039 	6027 	6094
f 6096 	6078 	6097
f 6095 	6071 	6078
f 6095 	6078 	6096
f 6095 	6091 	6071
f 6141 	6137 	6136
f 6137 	6093 	6136
f 6088 	6087 	7464
f 6087 	6107 	7464
f 6102 	4644 	4614
f 6088 	7464 	6089
f 4634 	4613 	4644
f 4613 	4614 	4644
f 6250 	5341 	6040
f 6058 	6061 	6385
f 6061 	6398 	6386
f 6306 	5228 	6305
f 5229 	6305 	5228
f 6099 	6040 	6100
f 6305 	5229 	6308
f 5233 	6308 	5229
f 6101 	6040 	6099
f 6049 	6027 	6400
f 6025 	6400 	6027
f 6103 	6250 	6101
f 5238 	6283 	5233
f 6023 	6416 	6025
f 6028 	6100 	6040
f 5246 	6285 	5245
f 6010 	6402 	6011
f 6011 	6401 	6023
f 6119 	6123 	4733
f 5261 	6288 	5246
f 6285 	5246 	6288
f 6402 	6010 	6404
f 5847 	6404 	6010
f 6118 	6119 	4733
f 6102 	6118 	4644
f 4733 	6123 	4656
f 6475 	6474 	6038
f 5264 	6292 	5261
f 6288 	5261 	6292
f 4733 	4644 	6118
f 2969 	4656 	6123
f 6093 	6477 	6094
f 6476 	6094 	6477
f 6295 	6296 	5267
f 6476 	6475 	6039
f 6094 	6476 	6039
f 2964 	4656 	2969
f 5267 	5275 	6294
f 4466 	4656 	2964
f 5280 	6298 	5275
f 6442 	6440 	6137
f 6134 	6135 	6129
f 4653 	4656 	4466
f 6122 	6125 	5922
f 6311 	6303 	5290
f 5426 	6133 	7960
f 6129 	6135 	6128
f 6037 	6128 	5853
f 6126 	5924 	6125
f 5924 	5922 	6125
f 6135 	5853 	6128
f 6133 	6132 	7960
f 6120 	5932 	6121
f 5924 	6126 	5932
f 6306 	6316 	5228
f 6121 	5932 	6126
f 6139 	6138 	6140
f 6212 	5336 	6156
f 6134 	6155 	6135
f 6160 	5935 	6144
f 6143 	6160 	6144
f 6149 	6144 	5935
f 5932 	6149 	5935
f 6120 	6149 	5932
f 6170 	6171 	6116
f 6170 	6116 	6115
f 6166 	5345 	6174
f 6116 	6171 	6117
f 6176 	6117 	6171
f 6141 	6136 	6168
f 6163 	6168 	6136
f 6184 	6163 	6136
f 6160 	6143 	6117
f 6160 	6117 	6176
f 5122 	5121 	7978
f 6181 	5122 	7978
f 6136 	6210 	6184
f 6183 	6181 	7978
f 6093 	6137 	6440
f 6195 	6192 	7971
f 6168 	6442 	6137
f 6168 	6137 	6141
f 5113 	6195 	7971
f 5113 	7971 	5114
f 6486 	6129 	6128
f 6155 	6134 	6129
f 6037 	6451 	6128
f 6130 	6183 	7980
f 5369 	6185 	5368
f 5875 	5844 	5839
f 6046 	6079 	6210
f 6210 	6079 	4994
f 6184 	6210 	6229
f 6231 	6210 	4994
f 6233 	5382 	6232
f 6234 	5382 	6233
f 6231 	6229 	6210
f 6197 	5318 	6193
f 5319 	6193 	5318
f 6193 	5319 	6199
f 5322 	6199 	5319
f 6201 	5322 	6203
f 6245 	6302 	6247
f 5327 	6203 	5322
f 6199 	5322 	6201
f 6203 	5327 	6209
f 5331 	6209 	5327
f 5361 	5358 	6252
f 5331 	6212 	6209
f 4969 	6251 	6248
f 6153 	6156 	5336
f 6153 	5336 	6151
f 6235 	6228 	6250
f 6151 	5338 	6159
f 5341 	6159 	5338
f 6250 	6236 	6235
f 6226 	6250 	6228
f 6159 	5341 	6166
f 6243 	6252 	6237
f 6251 	4969 	6255
f 6172 	6173 	5358
f 6173 	6174 	5358
f 6226 	6252 	6250
f 6226 	6237 	6252
f 6179 	6172 	5361
f 5358 	5361 	6172
f 6221 	6185 	5369
f 6186 	5368 	6185
f 5854 	4969 	5857
f 5368 	6186 	5361
f 6179 	5361 	6186
f 5853 	6135 	5854
f 6135 	6253 	4969
f 6225 	6221 	5376
f 5369 	5376 	6221
f 6155 	6253 	6135
f 6255 	4969 	6253
f 5376 	5381 	6225
f 6135 	4969 	5854
f 6197 	6232 	5318
f 5382 	5318 	6232
f 6163 	5001 	6240
f 6168 	6163 	6240
f 6230 	5381 	6234
f 6277 	3790 	6145
f 6279 	3790 	6278
f 5856 	4969 	4959
f 5856 	5857 	4969
f 6282 	6283 	5238
f 5245 	6285 	6286
f 6244 	6240 	5001
f 5245 	6286 	5238
f 6282 	5238 	6286
f 6229 	5001 	6184
f 6365 	5861 	6293
f 6252 	6293 	5844
f 6292 	5264 	6296
f 6274 	6252 	6271
f 4994 	5001 	6231
f 6163 	6184 	5001
f 6274 	6276 	6252
f 6297 	5275 	6298
f 6231 	5001 	6229
f 5280 	5284 	6298
f 6299 	6298 	5284
f 6246 	6302 	6248
f 6246 	6247 	6302
f 6302 	6245 	5001
f 4969 	6248 	6302
f 6243 	6271 	6252
f 6244 	5001 	6245
f 6303 	6301 	5284
f 6299 	5284 	6301
f 6276 	6275 	6252
f 6308 	5233 	6283
f 6262 	6252 	6275
f 6329 	5842 	4959
f 5284 	5290 	6303
f 6280 	6293 	6264
f 6252 	6264 	6293
f 5294 	6312 	6311
f 6287 	6291 	6293
f 6317 	5294 	6316
f 6312 	5294 	6317
f 5294 	5228 	6316
f 6314 	6313 	5936
f 6287 	6293 	6280
f 6309 	6315 	6314
f 6314 	5936 	6309
f 6290 	6293 	6291
f 6262 	6264 	6252
f 6145 	5107 	6321
f 5502 	6321 	5107
f 6319 	6318 	5842
f 6319 	5842 	6320
f 6318 	6309 	5842
f 6318 	6315 	6309
f 6320 	5842 	6329
f 5844 	6293 	5861
f 4888 	6329 	4959
f 6330 	6361 	6293
f 6323 	6330 	6293
f 6365 	6293 	6361
f 6324 	6323 	6293
f 6290 	6324 	6293
f 6340 	6341 	4879
f 6334 	4879 	6341
f 6337 	6336 	5866
f 6337 	5866 	5865
f 6335 	5848 	6336
f 5865 	5838 	6337
f 6337 	5838 	6338
f 6040 	6101 	6250
f 6328 	6326 	5499
f 6327 	5499 	6326
f 6342 	6250 	6103
f 6250 	6342 	6236
f 5485 	4884 	5499
f 6332 	6328 	4884
f 5936 	6313 	6307
f 6334 	6333 	4879
f 6349 	6170 	6115
f 5936 	6307 	6348
f 4884 	6333 	6332
f 6347 	6415 	6346
f 6350 	6346 	6414
f 6339 	6340 	4879
f 6351 	5952 	6352
f 6211 	5952 	6351
f 5499 	6327 	6343
f 6351 	6359 	6211
f 6322 	6321 	5502
f 6377 	6382 	6362
f 6363 	6353 	5952
f 5660 	5713 	6362
f 5952 	5936 	6363
f 6348 	6363 	5936
f 5861 	6365 	5862
f 6367 	6369 	6362
f 5091 	5862 	6365
f 6361 	6364 	6365
f 5091 	6365 	6364
f 6362 	6369 	6375
f 6376 	6362 	6375
f 6377 	6362 	6376
f 6368 	5914 	6370
f 4910 	6379 	6366
f 5914 	5916 	6370
f 6373 	6372 	5945
f 5945 	5944 	6373
f 6382 	6339 	4879
f 5926 	5931 	6371
f 6382 	4879 	6362
f 6374 	6373 	5979
f 6338 	5838 	6368
f 6378 	6381 	6387
f 6389 	6388 	6211
f 6387 	6381 	6383
f 6380 	6378 	6387
f 6388 	4971 	4994
f 4994 	6211 	6388
f 5867 	5862 	6390
f 6390 	6387 	5867
f 5524 	6391 	6392
f 5524 	6392 	6393
f 5524 	6393 	6394
f 5524 	6394 	6395
f 6395 	5521 	5524
f 5862 	5091 	6390
f 5091 	6380 	6390
f 6211 	6359 	6389
f 6391 	5524 	6396
f 6387 	6390 	6380
f 6399 	6049 	6400
f 6419 	5652 	6418
f 6400 	6025 	6416
f 6011 	6402 	6401
f 6422 	6354 	6405
f 6406 	6405 	6354
f 6355 	6406 	6354
f 6023 	6401 	6416
f 6423 	6424 	5641
f 5573 	5562 	6417
f 6406 	6355 	6408
f 6356 	6408 	6355
f 6356 	6350 	6408
f 6414 	6408 	6350
f 6427 	6428 	5645
f 6428 	6423 	5645
f 5641 	5645 	6423
f 6404 	5847 	6425
f 6405 	6403 	6422
f 6429 	6422 	6403
f 6429 	6403 	6411
f 6425 	5846 	6426
f 5849 	6426 	5846
f 6345 	6426 	5849
f 6453 	5713 	6452
f 6454 	5713 	6453
f 6435 	5713 	6454
f 6417 	6418 	5573
f 6420 	5652 	6419
f 6442 	6168 	6443
f 6240 	6443 	6168
f 6244 	6444 	6443
f 6244 	6443 	6240
f 6245 	6445 	6444
f 6245 	6444 	6244
f 6445 	6245 	6446
f 6247 	6446 	6245
f 5641 	6424 	5562
f 6417 	5562 	6424
f 6467 	6446 	6247
f 6467 	6247 	6246
f 5645 	5796 	5720
f 5720 	6427 	5645
f 6447 	6246 	6448
f 5495 	5797 	5496
f 6467 	6246 	6447
f 6248 	6448 	6246
f 5514 	5370 	5513
f 5497 	5513 	5370
f 6248 	6449 	6448
f 6469 	6471 	6472
f 5496 	5509 	5497
f 6471 	6469 	6468
f 5521 	5154 	5514
f 6451 	6037 	6474
f 6037 	6038 	6474
f 6468 	6479 	6471
f 6396 	5524 	5530
f 6480 	6471 	6479
f 6038 	6039 	6475
f 5530 	5532 	6396
f 6477 	6093 	6440
f 6478 	6480 	6479
f 6397 	5532 	6409
f 6407 	6409 	5829
f 6483 	6124 	5923
f 6486 	6485 	6129
f 5922 	5923 	6124
f 5829 	6409 	5532
f 6484 	6253 	6485
f 6253 	6155 	6485
f 6129 	6485 	6155
f 6122 	5922 	6124
f 5837 	5735 	6412
f 6412 	6407 	5837
f 5829 	5837 	6407
f 6486 	6128 	6450
f 6450 	6128 	6451
f 6480 	6466 	6483
f 6251 	6481 	6449
f 6251 	6449 	6248
f 6478 	6466 	6480
f 6124 	6483 	6466
f 6481 	6251 	6482
f 6255 	6482 	6251
f 6431 	5701 	6435
f 6441 	5660 	6421
f 6489 	6429 	6461
f 6411 	6461 	6429
f 6484 	6488 	6253
f 5713 	5660 	6452
f 6488 	6482 	6255
f 6488 	6255 	6253
f 6493 	6489 	6460
f 6461 	6460 	6489
f 6495 	6379 	4910
f 6460 	6464 	6493
f 4956 	4969 	4934
f 4934 	4969 	4935
f 4910 	4957 	6495
f 6501 	6502 	6462
f 6502 	6503 	6462
f 6463 	6462 	6503
f 6472 	6501 	6469
f 6462 	6469 	6501
f 6504 	6507 	6508
f 6493 	6464 	6503
f 6498 	4957 	6508
f 6504 	6508 	4957
f 6463 	6503 	6464
f 6507 	6504 	6510
f 4881 	4883 	4882
f 4881 	4880 	5001
f 4883 	4881 	5001
f 6515 	5001 	4880
f 4883 	5001 	4990
f 6527 	6869 	6526
f 6302 	5001 	6533
f 6515 	6533 	5001
f 6531 	5906 	5457
f 6535 	6302 	6533
f 5872 	5873 	6512
f 6499 	4935 	4969
f 6518 	5430 	6523
f 5438 	6522 	5430
f 6535 	6536 	6302
f 4969 	6302 	6536
f 4969 	6536 	6499
f 6541 	5470 	6540
f 6542 	5470 	6541
f 6547 	5873 	6387
f 5867 	6387 	5873
f 5877 	5878 	5448
f 5878 	6514 	5448
f 8316 	8317 	6548
f 6548 	3422 	6553
f 6383 	6384 	6547
f 6384 	6544 	6547
f 6552 	8311 	6553
f 6532 	5423 	6518
f 3125 	8302 	3569
f 6544 	6543 	6547
f 6547 	6387 	6383
f 6556 	6557 	6555
f 6557 	6558 	6555
f 6548 	6553 	8316
f 6521 	5439 	6514
f 6562 	6563 	6621
f 6620 	6621 	6563
f 6619 	6620 	6563
f 6617 	6619 	6563
f 6563 	6586 	6617
f 6586 	6564 	6617
f 6565 	6566 	6617
f 6566 	6567 	6617
f 6567 	6569 	6617
f 6569 	6570 	6617
f 6570 	6571 	6617
f 6571 	6608 	6617
f 5470 	5422 	6540
f 6555 	6574 	6556
f 6546 	5470 	6542
f 6539 	5469 	6546
f 6534 	5422 	6532
f 5430 	6518 	5423
f 6522 	5438 	6521
f 5439 	6521 	5438
f 6564 	6565 	6617
f 6523 	5430 	6522
f 5448 	6514 	5439
f 5903 	5904 	5457
f 5457 	5464 	6531
f 5469 	6539 	6538
f 5470 	6546 	5469
f 5873 	6547 	6602
f 6590 	5873 	6602
f 6543 	6598 	6547
f 6598 	6600 	6547
f 6602 	6547 	6600
f 6590 	6573 	6572
f 6608 	6637 	6617
f 6637 	6609 	6617
f 6616 	6609 	6610
f 6616 	6610 	6611
f 6616 	6611 	6612
f 6613 	6614 	6612
f 6628 	6614 	6613
f 6616 	6614 	6615
f 6561 	6562 	6621
f 6559 	6560 	6621
f 6560 	6561 	6621
f 6590 	6575 	6573
f 6582 	6590 	6577
f 6572 	6577 	6590
f 6591 	6576 	6602
f 6576 	6575 	6590
f 6616 	6612 	6614
f 6590 	6602 	6576
f 6596 	6592 	6602
f 6592 	6591 	6602
f 6594 	6596 	6602
f 6595 	6594 	6602
f 6600 	6595 	6602
f 6616 	6617 	6609
f 6582 	6640 	6590
f 6640 	6647 	6590
f 6643 	6590 	6647
f 6641 	6659 	6643
f 6653 	6659 	6641
f 6652 	6659 	6653
f 6659 	6590 	6643
f 3800 	6513 	3815
f 6744 	6772 	6685
f 6558 	6559 	6555
f 6559 	6621 	6555
f 6714 	6738 	3815
f 6737 	6685 	6736
f 6555 	6621 	6685
f 6681 	6685 	6772
f 6694 	6714 	6695
f 6694 	6700 	6714
f 6652 	6708 	6659
f 6706 	6704 	6659
f 6695 	6659 	6704
f 6708 	6706 	6659
f 6695 	6714 	6659
f 6735 	6685 	6621
f 6736 	6685 	6735
f 6740 	6685 	6739
f 6741 	6685 	6740
f 6742 	6685 	6741
f 6743 	6685 	6742
f 6739 	6685 	6737
f 6744 	6685 	6743
f 6738 	6767 	3815
f 6773 	6939 	6681
f 6768 	6771 	6681
f 6766 	6681 	6771
f 6762 	6767 	6763
f 6756 	6758 	6767
f 6752 	6756 	6767
f 6773 	6681 	6772
f 6939 	6775 	6681
f 6776 	6777 	6681
f 6777 	6778 	6681
f 6778 	6924 	6681
f 6924 	6779 	6681
f 6780 	6781 	6681
f 6781 	6783 	6681
f 6783 	6884 	6681
f 6784 	6785 	6681
f 6785 	6867 	6681
f 6789 	6681 	6786
f 6790 	6681 	6789
f 6768 	6681 	6790
f 6763 	6767 	6758
f 6681 	6766 	6791
f 6767 	6738 	6752
f 6733 	6745 	6738
f 5873 	8314 	6512
f 6590 	7866 	5873
f 5873 	6798 	8314
f 4387 	4386 	6793
f 2969 	4387 	6793
f 6793 	2965 	2969
f 4387 	2969 	3351
f 3013 	3003 	2969
f 6738 	6734 	6732
f 6808 	6809 	6810
f 6811 	7934 	6810
f 6746 	6738 	6745
f 6732 	6733 	6738
f 6753 	6738 	6746
f 6752 	6738 	6753
f 6822 	7947 	6830
f 6828 	6830 	7947
f 7947 	7934 	6828
f 6714 	6700 	6734
f 6734 	6738 	6714
f 5947 	3780 	6846
f 6767 	6846 	3815
f 6762 	6843 	6767
f 6843 	6846 	6767
f 6958 	8032 	6971
f 5939 	5938 	6846
f 6843 	5946 	6846
f 6786 	6681 	6867
f 6818 	5054 	6821
f 5058 	5055 	6814
f 6801 	5058 	6802
f 6848 	5058 	6807
f 6801 	6807 	5058
f 6847 	5058 	6848
f 6844 	5058 	6847
f 6842 	5058 	6844
f 6841 	5058 	6842
f 6840 	5058 	6841
f 6833 	4982 	6838
f 5075 	4982 	6833
f 6872 	6516 	6862
f 6516 	6517 	6862
f 6432 	6862 	6517
f 6115 	6432 	6349
f 6517 	6349 	6432
f 6520 	6871 	6519
f 6838 	5058 	6840
f 6870 	6519 	6871
f 5080 	6858 	6857
f 6861 	6853 	6857
f 5080 	6857 	6853
f 6850 	6823 	6853
f 5080 	6853 	6823
f 6823 	6821 	5080
f 6872 	6871 	6520
f 6872 	6520 	6516
f 6856 	6853 	6861
f 6870 	6524 	6519
f 6870 	6869 	6524
f 6784 	6681 	6884
f 7003 	8053 	7009
f 6869 	6887 	6526
f 6524 	6869 	6527
f 6525 	6526 	6887
f 6529 	6525 	6868
f 6528 	6529 	6868
f 6887 	6868 	6525
f 6866 	6528 	6868
f 6414 	6346 	6415
f 6415 	6530 	6905
f 6530 	6415 	6347
f 6528 	6905 	6530
f 6866 	6905 	6528
f 6779 	6780 	6681
f 6775 	6776 	6681
f 6967 	6968 	8026
f 6960 	6997 	8016
f 6959 	6960 	8016
f 8016 	6961 	6959
f 6962 	6961 	8023
f 8023 	8026 	6965
f 8023 	6965 	6962
f 8036 	6969 	6970
f 8036 	6970 	6971
f 8036 	6972 	6969
f 6980 	6981 	8049
f 6988 	8004 	6991
f 8049 	7002 	6980
f 7008 	8059 	7007
f 7009 	8059 	7008
f 7999 	6987 	8059
f 7085 	7796 	7088
f 7109 	7822 	7108
f 7437 	8130 	6513
f 7081 	7784 	7080
f 6574 	7784 	7082
f 6555 	7784 	6574
f 7081 	7082 	7784
f 7079 	7785 	7087
f 7095 	7096 	7774
f 7094 	7095 	7774
f 7096 	7097 	7774
f 7090 	7768 	7097
f 7774 	7782 	6791
f 6791 	7098 	7774
f 7098 	7099 	7774
f 7094 	7774 	7099
f 7784 	6555 	6685
f 7826 	7092 	7107
f 7108 	7822 	7107
f 7782 	7783 	6681
f 7783 	7784 	6685
f 7103 	7809 	7104
f 7106 	7822 	7109
f 7159 	7866 	7158
f 7140 	7843 	7117
f 7116 	7844 	7121
f 7150 	7858 	7149
f 7149 	7862 	7157
f 7850 	7122 	7124
f 7850 	7124 	7125
f 7122 	7850 	7127
f 7132 	7831 	7130
f 7831 	7832 	7130
f 7836 	7837 	7136
f 7134 	7834 	7136
f 7146 	7858 	7150
f 7866 	7157 	7862
f 7157 	7866 	7159
f 7872 	7158 	7866
f 7872 	7831 	7163
f 7164 	7872 	7163
f 7158 	7872 	7164
f 7132 	7163 	7831
f 6973 	6158 	7539
f 7204 	7583 	7203
f 7202 	7203 	7583
f 7205 	7583 	7204
f 7206 	7583 	7205
f 7208 	7583 	7206
f 5117 	7615 	5118
f 7616 	5119 	5118
f 5119 	7617 	5129
f 7619 	7621 	5120
f 5140 	7664 	5141
f 7665 	5152 	5141
f 7905 	7752 	7705
f 7650 	7658 	5184
f 7315 	7246 	7583
f 7246 	7247 	7583
f 7248 	7583 	7247
f 7249 	7583 	7248
f 7315 	7583 	7245
f 7245 	7583 	7244
f 7251 	7583 	7250
f 7278 	7583 	7251
f 7253 	7583 	7252
f 5210 	7739 	5211
f 7742 	5226 	5211
f 7760 	7761 	5204
f 5207 	7761 	5208
f 5297 	7736 	5253
f 7252 	7583 	7278
f 7771 	5248 	7770
f 5282 	7931 	5283
f 7250 	7583 	7249
f 5288 	7902 	5289
f 7319 	7906 	7287
f 7918 	7322 	7299
f 7918 	7923 	5285
f 7322 	7918 	5285
f 5293 	7931 	5282
f 5293 	7339 	7931
f 6499 	7931 	7343
f 7622 	8078 	5313
f 5442 	5344 	5343
f 5442 	5343 	7348
f 5317 	5313 	8078
f 5335 	5334 	7346
f 7346 	7348 	5335
f 5339 	5335 	7348
f 7348 	5343 	5339
f 8013 	5362 	5355
f 5898 	5442 	7439
f 6044 	6033 	8146
f 6089 	7464 	8089
f 8089 	8092 	6089
f 6050 	6047 	8146
f 6167 	8151 	6157
f 7978 	7980 	6183
f 5429 	7966 	6192
f 7200 	7539 	7542
f 8152 	7542 	7539
f 7200 	6973 	7539
f 6102 	8152 	7539
f 3815 	6513 	8130
f 8023 	8019 	8130
f 7608 	7607 	7583
f 7604 	7611 	7583
f 7237 	7583 	7254
f 7426 	7425 	7492
f 7416 	7492 	7425
f 7415 	7492 	7416
f 7432 	7430 	7492
f 7419 	7492 	7415
f 7413 	7492 	7419
f 7402 	7492 	7406
f 7401 	7492 	7402
f 7397 	7492 	7401
f 7396 	7492 	7397
f 7393 	7492 	7396
f 7389 	7492 	7390
f 7386 	7492 	7389
f 7381 	7492 	7382
f 7433 	7432 	7492
f 7382 	7492 	7386
f 7390 	7492 	7393
f 7237 	7588 	7583
f 7406 	7492 	7413
f 7238 	7239 	7752
f 7426 	7492 	7430
f 5114 	7612 	5116
f 7616 	5118 	7615
f 7381 	7460 	7459
f 7381 	7459 	7458
f 7381 	7458 	7457
f 7381 	7457 	7454
f 7381 	7454 	7453
f 7453 	7449 	7381
f 7381 	7447 	7443
f 7381 	7443 	7441
f 7381 	7441 	7440
f 7381 	7440 	7436
f 7381 	7436 	7435
f 7615 	5117 	7613
f 5116 	7613 	5117
f 7601 	7602 	7600
f 7599 	7604 	7602
f 7447 	7381 	7449
f 7605 	7604 	7599
f 7600 	7602 	7604
f 7619 	5129 	7617
f 7607 	7600 	7583
f 7600 	7604 	7583
f 7435 	7469 	7381
f 7469 	7468 	7381
f 7468 	7467 	7381
f 7494 	7381 	7467
f 7494 	7496 	7381
f 7496 	7493 	7381
f 7492 	7381 	7493
f 7489 	7473 	7490
f 7491 	7487 	7473
f 7485 	7473 	7487
f 7479 	7473 	7481
f 7485 	7481 	7473
f 7478 	7473 	7479
f 7474 	7473 	7478
f 7492 	7490 	7473
f 7492 	7473 	7475
f 7210 	7583 	7208
f 7244 	7583 	7210
f 7201 	7202 	7583
f 7611 	7201 	7583
f 5114 	7971 	7612
f 7489 	7491 	7473
f 7613 	5116 	7612
f 7614 	7608 	7583
f 7478 	7534 	7499
f 7474 	7478 	7499
f 7534 	7532 	7499
f 7532 	7536 	7499
f 7500 	7499 	7536
f 7501 	7500 	7536
f 7536 	7529 	7501
f 7501 	7527 	7522
f 7501 	7522 	7521
f 7501 	7521 	7524
f 7524 	7520 	7501
f 7501 	7517 	7514
f 7501 	7514 	7511
f 7501 	7511 	7507
f 7501 	7507 	7506
f 7501 	7506 	7503
f 7501 	7503 	7502
f 7622 	7736 	7613
f 7612 	7622 	7613
f 7588 	8212 	7583
f 7614 	7583 	7323
f 7517 	7501 	7520
f 7617 	5119 	7616
f 7527 	7501 	7529
f 7566 	7492 	7567
f 7616 	7615 	7735
f 7615 	7613 	7736
f 7433 	7492 	7569
f 7566 	7569 	7492
f 5121 	5120 	7621
f 7617 	7616 	7735
f 7576 	7575 	7492
f 7567 	7492 	7568
f 7568 	7492 	7570
f 7578 	7577 	7492
f 7577 	7576 	7492
f 7575 	7574 	7492
f 7570 	7492 	7571
f 7571 	7492 	7572
f 7572 	7492 	7573
f 7574 	7573 	7492
f 7619 	7539 	7621
f 7584 	7582 	7492
f 7579 	7492 	7580
f 7581 	7580 	7492
f 7579 	7578 	7492
f 7475 	7584 	7492
f 7612 	7971 	7622
f 7581 	7492 	7582
f 5138 	7683 	5139
f 3501 	7679 	7678
f 3501 	7678 	3500
f 7626 	7679 	3506
f 3501 	3506 	7679
f 7629 	7602 	7601
f 3517 	3526 	7628
f 7623 	3553 	7624
f 7624 	3555 	7625
f 3555 	7677 	7625
f 5152 	7666 	5142
f 3159 	3021 	7684
f 3032 	7689 	7688
f 5186 	7635 	5188
f 7636 	5188 	7635
f 7687 	3028 	7688
f 7706 	3028 	7687
f 7638 	5189 	7636
f 5188 	7636 	5189
f 3032 	7688 	3028
f 7638 	5190 	5189
f 5190 	7682 	5137
f 5148 	7649 	5149
f 3106 	7769 	3098
f 5185 	5184 	7658
f 7722 	7769 	3109
f 5186 	5185 	7635
f 7658 	7635 	5185
f 7717 	3109 	7718
f 7635 	7751 	7636
f 7729 	3147 	7719
f 7720 	7719 	3147
f 7720 	3147 	7721
f 7683 	5138 	7682
f 7690 	3047 	7691
f 7691 	3047 	7711
f 7711 	3048 	7712
f 5139 	7660 	5140
f 7664 	5140 	7660
f 7665 	5141 	7664
f 7764 	7716 	3078
f 7666 	5152 	7665
f 7714 	3066 	7715
f 7669 	5145 	7668
f 7668 	5143 	7666
f 7669 	7676 	5145
f 7676 	7708 	5146
f 7778 	3186 	7779
f 7650 	5149 	7649
f 7649 	5148 	7708
f 7787 	3243 	3251
f 7779 	3189 	7780
f 7788 	7781 	3201
f 3211 	7812 	3206
f 7791 	3211 	7827
f 5143 	7668 	5145
f 3197 	7828 	3215
f 5142 	7666 	5143
f 7666 	7665 	7901
f 7664 	7902 	7665
f 5146 	5145 	7676
f 7668 	7923 	7669
f 7666 	7901 	7668
f 7254 	7583 	7253
f 7638 	7682 	5190
f 5137 	7682 	5138
f 7638 	7622 	7682
f 7660 	5139 	7683
f 7694 	7730 	7752
f 7695 	7696 	7752
f 7697 	7752 	7696
f 7693 	7694 	7752
f 7698 	7752 	7697
f 7699 	7752 	7698
f 7700 	7752 	7699
f 7701 	7752 	7700
f 7702 	7752 	7701
f 7703 	7752 	7702
f 7704 	7752 	7703
f 7705 	7752 	7704
f 7239 	7693 	7752
f 5147 	5146 	7708
f 5147 	7708 	5148
f 5255 	7738 	5209
f 7742 	5211 	7739
f 5212 	7743 	5213
f 5213 	7746 	5214
f 7751 	5214 	7746
f 7751 	7753 	5214
f 7723 	7722 	3109
f 7759 	5216 	5215
f 7717 	7723 	3109
f 5216 	7759 	5204
f 7695 	7752 	7730
f 5297 	7735 	7736
f 3159 	7721 	3147
f 7736 	7737 	5253
f 7684 	7721 	3159
f 5209 	7738 	5210
f 5271 	5248 	7771
f 5271 	7771 	5258
f 7771 	7773 	5259
f 7715 	3078 	7716
f 7735 	5296 	5295
f 3251 	3182 	7776
f 5254 	5253 	7737
f 7739 	5210 	7738
f 3201 	7780 	3189
f 5254 	7737 	5255
f 7738 	5255 	7737
f 3197 	3231 	7828
f 7736 	7622 	7737
f 5226 	7742 	7743
f 7746 	5213 	7743
f 5226 	7743 	5212
f 7622 	7638 	7743
f 7742 	7622 	7743
f 7780 	3201 	7781
f 7749 	7750 	7748
f 7747 	7748 	7750
f 5215 	5214 	7753
f 7756 	7748 	7755
f 7757 	7748 	7756
f 7749 	7748 	7757
f 7883 	7981 	7752
f 7882 	7883 	7752
f 7755 	7748 	7754
f 5215 	7753 	7759
f 7758 	7748 	7747
f 7753 	7751 	7658
f 7827 	3215 	7828
f 5207 	5204 	7761
f 7237 	7238 	7752
f 7588 	7237 	7752
f 7763 	7748 	7758
f 7760 	7759 	7539
f 7658 	7539 	7759
f 7759 	7753 	7658
f 7770 	5208 	7761
f 7748 	7763 	7772
f 7767 	3098 	7769
f 7761 	7539 	7770
f 3106 	3109 	7769
f 5295 	5259 	7773
f 7772 	7366 	7748
f 7766 	7844 	7768
f 5295 	7773 	7735
f 7776 	7775 	3251
f 7619 	7617 	7773
f 7771 	7619 	7773
f 7844 	7843 	7768
f 7736 	7735 	7615
f 7735 	7773 	7617
f 7638 	7636 	7746
f 7751 	7746 	7636
f 7658 	7751 	7635
f 7906 	7902 	7931
f 7660 	7683 	7931
f 7622 	7931 	7683
f 7683 	7682 	7622
f 7746 	7743 	7638
f 7622 	7742 	7739
f 7622 	7739 	7738
f 7738 	7737 	7622
f 7783 	8007 	7784
f 3235 	7792 	7829
f 7793 	7792 	3235
f 7289 	7288 	7908
f 7786 	7793 	3235
f 7290 	7854 	7291
f 3251 	7775 	7787
f 7292 	7861 	7293
f 7860 	7292 	7291
f 7293 	7864 	7294
f 7789 	3206 	7812
f 3215 	7827 	3211
f 7790 	3211 	7791
f 7812 	3211 	7790
f 7302 	7870 	7295
f 7809 	6798 	7813
f 7762 	7672 	6515
f 7916 	7311 	7297
f 7821 	7762 	6515
f 7822 	7850 	7826
f 5287 	7901 	5288
f 7902 	5288 	7901
f 7844 	7766 	7845
f 7817 	7850 	7822
f 7906 	5289 	7902
f 7319 	5289 	7906
f 7908 	7287 	7906
f 7288 	7287 	7908
f 7298 	7916 	7299
f 7311 	7916 	7298
f 7901 	5287 	5286
f 7289 	7853 	7290
f 6714 	3815 	7834
f 6714 	7834 	7832
f 7860 	7291 	7854
f 7869 	7294 	7864
f 7294 	7869 	7302
f 7918 	7299 	7916
f 7852 	7850 	7817
f 7845 	7826 	7850
f 7854 	7290 	7853
f 7289 	7908 	7853
f 7813 	6798 	7852
f 7817 	7813 	7852
f 7864 	7293 	7861
f 7860 	7861 	7292
f 8203 	8211 	7854
f 6499 	8203 	7854
f 7302 	7869 	7870
f 8171 	8172 	7869
f 7864 	8171 	7869
f 7860 	8211 	7861
f 7296 	7295 	7877
f 7870 	7877 	7295
f 7872 	6659 	7831
f 7866 	6590 	7872
f 7884 	7885 	7752
f 7886 	7752 	7885
f 7887 	7889 	7752
f 7889 	7946 	7752
f 7981 	7884 	7752
f 7946 	7890 	7752
f 7891 	7748 	7890
f 7892 	7748 	7891
f 7930 	7748 	7892
f 7894 	7748 	7893
f 7895 	7748 	7894
f 7896 	7748 	7895
f 7897 	7748 	7896
f 7754 	7748 	7897
f 7832 	6659 	6714
f 7831 	6659 	7832
f 7826 	7845 	7766
f 7882 	7752 	7905
f 7783 	7782 	3815
f 7768 	7843 	7774
f 7782 	7774 	3815
f 7842 	3815 	7843
f 3815 	7774 	7843
f 7842 	7837 	3815
f 7837 	7836 	3815
f 7836 	7834 	3815
f 6659 	7872 	6590
f 7858 	5873 	7862
f 7862 	5873 	7866
f 6798 	5873 	7858
f 7858 	7855 	6798
f 7855 	7852 	6798
f 7809 	7803 	6798
f 7877 	7913 	7297
f 7296 	7877 	7297
f 6800 	7944 	6799
f 7297 	7913 	7916
f 7870 	8173 	7877
f 6808 	6810 	7935
f 7935 	7940 	6808
f 5286 	5285 	7923
f 7947 	6822 	6804
f 6799 	7945 	6804
f 7923 	7918 	7676
f 7916 	6102 	7918
f 7923 	7901 	5286
f 6831 	7934 	6811
f 7935 	6810 	7934
f 7923 	7668 	7901
f 7676 	7669 	7923
f 7893 	7748 	7930
f 7664 	7931 	7902
f 7901 	7665 	7902
f 6831 	6826 	7934
f 6826 	6828 	7934
f 7854 	7853 	6499
f 7853 	7908 	6499
f 7931 	6499 	7908
f 7908 	7906 	7931
f 7660 	7931 	7664
f 7339 	7343 	7931
f 6815 	6808 	7940
f 7864 	7861 	8171
f 7343 	7942 	6499
f 6815 	7940 	7943
f 7940 	7935 	8023
f 7649 	7708 	7539
f 7619 	7771 	7539
f 7771 	7770 	7539
f 7761 	7760 	7539
f 7658 	7650 	7539
f 7649 	7539 	7650
f 7708 	7676 	6102
f 7916 	7913 	6102
f 7676 	7918 	6102
f 8173 	6102 	7877
f 7913 	7877 	6102
f 7748 	7752 	7890
f 7947 	6804 	7945
f 7945 	8040 	7947
f 7934 	7947 	8036
f 6955 	6956 	8032
f 6955 	8032 	6958
f 7960 	8119 	7961
f 6964 	8026 	6968
f 6956 	6967 	8032
f 8036 	6971 	8032
f 7621 	7539 	7978
f 7886 	7887 	7752
f 6975 	8043 	6981
f 7999 	6986 	6987
f 7980 	8151 	7983
f 8000 	8004 	6989
f 6986 	8000 	6989
f 7966 	7961 	7995
f 7971 	7966 	7622
f 8118 	7995 	7961
f 8007 	6991 	8004
f 7539 	8151 	7978
f 7980 	7978 	8151
f 8007 	6995 	6990
f 6995 	8010 	6997
f 8070 	8078 	7989
f 7995 	7989 	7622
f 7002 	8049 	8050
f 8049 	6981 	8043
f 8050 	7003 	7002
f 7007 	8059 	6987
f 7966 	5428 	7961
f 7622 	7966 	7995
f 7999 	8000 	6986
f 5378 	5357 	7989
f 6988 	6989 	8004
f 7995 	5379 	7989
f 6990 	6991 	8007
f 8008 	8009 	7346
f 6995 	8007 	8010
f 8008 	7346 	8013
f 8016 	6997 	8010
f 7346 	8015 	8017
f 8012 	8013 	8017
f 8007 	3815 	8010
f 8018 	8012 	8017
f 8013 	7346 	8017
f 8019 	6961 	8016
f 6961 	8019 	8023
f 3815 	8130 	8016
f 6964 	6965 	8026
f 8027 	7348 	8009
f 7346 	8009 	7348
f 8020 	7348 	8027
f 8032 	6967 	8026
f 8023 	7935 	8026
f 8036 	8040 	6972
f 8043 	6975 	8042
f 6976 	8042 	6975
f 8027 	5372 	8020
f 6972 	8040 	6976
f 8042 	6976 	8040
f 8027 	8009 	5372
f 8036 	7947 	8040
f 8012 	8069 	8013
f 5362 	8070 	5357
f 8050 	8053 	7003
f 7796 	8053 	6798
f 8053 	7796 	8059
f 8059 	7009 	8053
f 7999 	8059 	7785
f 7785 	8059 	7796
f 7085 	7086 	7796
f 7091 	7766 	7090
f 5328 	5317 	8078
f 5416 	5328 	8078
f 7774 	7097 	7768
f 6681 	6791 	7782
f 7346 	5334 	8015
f 5332 	8015 	5334
f 6685 	6681 	7783
f 6090 	8108 	5371
f 5372 	5371 	8020
f 8008 	5373 	8009
f 7079 	7080 	7785
f 7784 	7785 	7080
f 5355 	8008 	8013
f 7086 	7087 	7796
f 7785 	7796 	7087
f 7101 	7088 	7796
f 8069 	5362 	8013
f 7101 	7803 	7103
f 8070 	5362 	8069
f 7766 	7091 	7826
f 7989 	5357 	8070
f 7768 	7090 	7766
f 5378 	7989 	5379
f 8118 	5380 	7995
f 8012 	8018 	8069
f 8078 	8069 	8018
f 8018 	8017 	8078
f 7622 	7989 	8078
f 8069 	8078 	8070
f 5332 	5416 	8015
f 5416 	8017 	8015
f 8017 	5416 	8078
f 5427 	7961 	5428
f 7803 	7101 	7796
f 8004 	8000 	7784
f 7809 	7103 	7803
f 7438 	7439 	8090
f 5154 	8094 	8095
f 8095 	8098 	5154
f 7104 	7809 	7813
f 8089 	8090 	7439
f 8092 	8089 	7439
f 8098 	8099 	5154
f 5179 	5154 	8099
f 7104 	7813 	7105
f 7817 	7105 	7813
f 5521 	6395 	5154
f 7822 	7106 	7817
f 7105 	7817 	7106
f 8090 	8100 	7438
f 7092 	7826 	7091
f 8125 	8145 	8124
f 8101 	5154 	8104
f 8104 	5154 	8106
f 7826 	7107 	7822
f 8106 	5154 	6395
f 6107 	8124 	7464
f 7129 	7130 	7832
f 8100 	8090 	7464
f 7464 	8090 	8089
f 7832 	7834 	7129
f 8108 	8092 	5442
f 7439 	5442 	8092
f 8108 	5442 	8020
f 7843 	7140 	7141
f 7348 	8020 	5442
f 8020 	5371 	8108
f 7116 	7117 	7844
f 7843 	7844 	7117
f 8108 	6090 	8092
f 7844 	7845 	7121
f 6047 	6044 	8146
f 7120 	7845 	7125
f 7144 	7127 	7852
f 7850 	7852 	7127
f 7144 	7852 	7145
f 7855 	7145 	7852
f 6090 	6089 	8092
f 7145 	7855 	7146
f 7858 	7146 	7855
f 7862 	7149 	7858
f 8119 	7960 	8120
f 8121 	8120 	7983
f 7960 	7983 	8120
f 7134 	7129 	7834
f 5427 	5426 	7961
f 7135 	7136 	7837
f 6132 	6131 	7983
f 7836 	7136 	7834
f 7842 	7843 	7141
f 8118 	7961 	8119
f 7842 	7141 	7837
f 7135 	7837 	7141
f 8121 	7983 	8122
f 7120 	7121 	7845
f 7850 	7125 	7845
f 6113 	5407 	8118
f 6110 	8120 	6111
f 8004 	7784 	8007
f 8000 	7999 	7785
f 7785 	7784 	8000
f 8036 	8032 	7934
f 8032 	8026 	7934
f 7935 	7934 	8026
f 7943 	7940 	8130
f 8023 	8130 	7940
f 8016 	8130 	8019
f 8016 	8010 	3815
f 7783 	3815 	8007
f 6798 	7803 	7796
f 8050 	6798 	8053
f 8049 	6798 	8050
f 6798 	8049 	8043
f 6798 	8043 	8042
f 8040 	7945 	6798
f 7944 	6798 	7945
f 8042 	8040 	6798
f 7438 	8100 	8124
f 8120 	6110 	8119
f 6110 	6109 	8119
f 8121 	8122 	6111
f 6112 	6111 	8122
f 8122 	8151 	8136
f 8100 	7464 	8124
f 8127 	8128 	8129
f 8320 	8127 	8129
f 8129 	7444 	7442
f 7446 	8129 	8130
f 7444 	8129 	7446
f 8128 	8130 	8129
f 6113 	8118 	8119
f 8128 	8127 	8130
f 7446 	8130 	7437
f 5379 	7995 	5380
f 5380 	8118 	5407
f 8121 	6111 	8120
f 8132 	8143 	8134
f 6113 	8119 	6109
f 6105 	6104 	8136
f 6112 	8122 	6104
f 8136 	6104 	8122
f 8124 	8140 	8125
f 8138 	8144 	8139
f 6105 	8140 	6107
f 8124 	6107 	8140
f 8136 	8140 	6105
f 8137 	8148 	8138
f 6131 	6130 	7980
f 7980 	7983 	6131
f 6132 	7983 	7960
f 8142 	8130 	8143
f 8141 	8130 	8142
f 8140 	8136 	8151
f 8151 	8122 	7983
f 7539 	6158 	8151
f 8144 	8143 	8131
f 7438 	8124 	8145
f 7438 	8145 	8146
f 8147 	8145 	8125
f 8144 	8138 	8148
f 6138 	6055 	8146
f 8137 	8149 	8148
f 6140 	6138 	8146
f 6055 	6050 	8146
f 8137 	8135 	8149
f 8140 	8151 	8147
f 8125 	8140 	8147
f 8147 	8151 	8145
f 8131 	8139 	8144
f 6140 	8146 	6167
f 8145 	6167 	8146
f 8131 	8143 	8132
f 8130 	8134 	8143
f 7943 	8130 	8141
f 8145 	8151 	6167
f 6158 	6157 	8151
f 8135 	8209 	8149
f 8209 	8314 	8149
f 7971 	6192 	7966
f 5428 	7966 	5429
f 5121 	7621 	7978
f 7945 	6799 	7944
f 8152 	6102 	4614
f 8320 	8326 	8157
f 8156 	8157 	8326
f 8134 	8130 	8166
f 8173 	7870 	8172
f 7870 	7869 	8172
f 7539 	7708 	6102
f 8170 	8169 	8171
f 8320 	8174 	8126
f 8172 	8171 	8169
f 8175 	8126 	8174
f 8157 	8174 	8320
f 8211 	8208 	8171
f 8176 	8170 	8171
f 8175 	8174 	8177
f 7752 	8177 	7588
f 7748 	8166 	8177
f 8166 	8130 	8177
f 8154 	8173 	8155
f 8173 	8172 	8165
f 8164 	8163 	8172
f 8157 	8212 	8174
f 8156 	8212 	8157
f 8126 	8175 	8127
f 8177 	8127 	8175
f 8163 	8165 	8172
f 8155 	8173 	8160
f 8160 	8173 	8165
f 8127 	8177 	8130
f 8169 	8164 	8172
f 8180 	8156 	8326
f 8326 	8153 	8180
f 7748 	7366 	8166
f 8174 	7588 	8177
f 7588 	8174 	8212
f 8180 	8212 	8156
f 8135 	7798 	8186
f 8186 	8209 	8135
f 7798 	8135 	7799
f 8364 	8185 	8184
f 8184 	8187 	8364
f 8187 	8189 	8364
f 8322 	8193 	8190
f 8322 	8190 	8191
f 8198 	8195 	8325
f 8325 	8195 	8153
f 8173 	8364 	6102
f 8154 	8197 	8173
f 8364 	8173 	8185
f 8322 	8191 	8325
f 8197 	8185 	8173
f 8198 	8325 	8191
f 8198 	8191 	8215
f 8191 	8190 	8215
f 7795 	8215 	8190
f 7795 	8190 	8260
f 8193 	8260 	8190
f 8193 	8295 	8209
f 7504 	8212 	8153
f 8153 	8212 	8180
f 8313 	8348 	6499
f 8195 	8215 	8153
f 7504 	8153 	8215
f 8195 	8198 	8215
f 6499 	7942 	4935
f 8199 	8203 	8200
f 8200 	8203 	8201
f 8209 	8186 	8260
f 7797 	8186 	7798
f 8209 	8307 	8314
f 8171 	7861 	8211
f 8211 	8205 	8204
f 8204 	8206 	8211
f 8206 	8207 	8211
f 8207 	8210 	8211
f 8176 	8171 	8208
f 8208 	8211 	8210
f 7860 	7854 	8211
f 8211 	8203 	8205
f 8199 	8205 	8203
f 7385 	7384 	8134
f 7825 	7821 	6515
f 7365 	8134 	7366
f 7372 	8134 	7365
f 7375 	8134 	7372
f 7377 	8134 	7375
f 7385 	8134 	7377
f 8134 	8166 	7366
f 7748 	8177 	7752
f 8212 	7324 	7323
f 7323 	7583 	8212
f 7332 	8212 	7476
f 7327 	8212 	7332
f 7318 	8212 	7327
f 7324 	8212 	7318
f 7504 	7476 	8212
f 8215 	7800 	7586
f 8215 	7586 	7505
f 8215 	7505 	7504
f 7800 	8215 	7794
f 8219 	8220 	8218
f 8220 	8221 	8218
f 8221 	8271 	8218
f 4880 	7830 	6515
f 7830 	7825 	6515
f 7801 	8137 	7802
f 8271 	8222 	8218
f 8222 	8224 	8218
f 8256 	8225 	8218
f 8225 	8226 	8218
f 8227 	8218 	8226
f 8213 	8218 	8230
f 8230 	8352 	8213
f 7802 	8138 	7589
f 7590 	7589 	8138
f 7477 	8131 	7388
f 7509 	8131 	7477
f 7383 	7388 	8132
f 8131 	8132 	7388
f 8237 	8219 	8218
f 7508 	8139 	7509
f 8213 	8323 	3352
f 3352 	3337 	8218
f 8218 	3607 	8237
f 8131 	7509 	8139
f 7590 	8138 	7512
f 8138 	8139 	7512
f 7384 	7383 	8132
f 7513 	8139 	7508
f 8132 	8134 	7384
f 8247 	8244 	8243
f 8239 	8247 	8236
f 8231 	8235 	3084
f 8247 	3084 	8236
f 8235 	8236 	3084
f 8239 	8240 	8247
f 8240 	8244 	8247
f 8227 	8230 	8218
f 3108 	8231 	3084
f 7794 	8215 	7795
f 7795 	8260 	7797
f 8260 	8186 	7797
f 8278 	6515 	8265
f 8247 	8265 	6515
f 8137 	7799 	8135
f 7801 	7799 	8137
f 8138 	7802 	8137
f 7513 	7512 	8139
f 8224 	8256 	8218
f 6533 	6515 	8278
f 7408 	6819 	7943
f 8265 	8247 	8264
f 8141 	7409 	7943
f 8243 	8264 	8247
f 8268 	8278 	8269
f 8272 	8270 	8265
f 8269 	8278 	8270
f 8278 	8265 	8270
f 6819 	6815 	7943
f 7410 	7409 	8142
f 8264 	8263 	8265
f 7410 	8142 	8143
f 8262 	8265 	8263
f 8262 	8261 	8265
f 8266 	8265 	8267
f 8150 	7806 	8149
f 8267 	8265 	8261
f 8266 	8274 	8265
f 7944 	7808 	8150
f 8274 	8272 	8265
f 7804 	8148 	8149
f 7805 	7804 	8149
f 8149 	7806 	7805
f 7806 	8150 	7808
f 7807 	7944 	6800
f 7808 	7944 	7807
f 6533 	8290 	6535
f 8278 	8290 	6533
f 8284 	5694 	8290
f 8141 	8142 	7409
f 6535 	8290 	5694
f 7408 	7943 	7409
f 8285 	8284 	8278
f 8278 	8284 	8290
f 8143 	7411 	7410
f 8268 	8285 	8278
f 8144 	7515 	7480
f 7412 	8143 	7480
f 7411 	8143 	7412
f 8144 	7480 	8143
f 8284 	8288 	8287
f 8284 	8287 	8289
f 8289 	5694 	8284
f 8148 	7810 	7593
f 8148 	7593 	7516
f 7515 	8144 	7516
f 8148 	7516 	8144
f 7810 	8148 	7804
f 8209 	8260 	8193
f 8348 	8203 	6499
f 8314 	6798 	7944
f 8150 	8149 	8314
f 8295 	8193 	8322
f 8307 	8209 	8295
f 7944 	8150 	8314
f 8305 	8302 	8304
f 8305 	8304 	8306
f 8307 	8295 	8322
f 8322 	8318 	8307
f 8305 	6552 	8302
f 6535 	8310 	6536
f 8311 	8305 	8306
f 8315 	6553 	8311
f 8311 	6552 	8305
f 6536 	8312 	6499
f 8313 	6499 	8312
f 8310 	8312 	6536
f 6552 	3569 	8302
f 8314 	8307 	8309
f 6535 	5694 	8310
f 5694 	8308 	8310
f 7811 	6795 	8314
f 8312 	8310 	8308
f 6512 	8314 	6795
f 8312 	8303 	8313
f 8318 	7815 	7814
f 3637 	3403 	8317
f 8318 	7816 	7815
f 7814 	7818 	8318
f 3403 	6548 	8317
f 8296 	8313 	8297
f 8300 	8303 	8312
f 8299 	8313 	8303
f 8297 	8313 	8298
f 8309 	8307 	8318
f 8299 	8298 	8313
f 8316 	6553 	8315
f 8300 	8312 	8301
f 8308 	8301 	8312
f 8309 	8318 	8314
f 7818 	8314 	8318
f 7818 	7811 	8314
f 8325 	8153 	8324
f 8331 	8332 	8323
f 8319 	8323 	8395
f 8213 	8331 	8323
f 8338 	8340 	8323
f 8127 	8320 	8126
f 8153 	8326 	8324
f 8332 	8385 	8323
f 8335 	8323 	8334
f 8333 	8334 	8323
f 8336 	8323 	8335
f 8336 	8376 	8323
f 8338 	8323 	8337
f 8340 	8341 	8323
f 8341 	8342 	8323
f 8342 	8343 	8323
f 8343 	8344 	8323
f 8345 	8323 	8344
f 8395 	8323 	8345
f 8296 	8329 	8313
f 8348 	8313 	8329
f 8218 	8213 	3352
f 8351 	7483 	7482
f 8351 	7482 	7519
f 8321 	8202 	8348
f 8331 	8213 	8352
f 8324 	8326 	7461
f 7483 	8324 	7461
f 8351 	8324 	7483
f 3349 	3352 	8323
f 8201 	8203 	8202
f 7308 	8326 	7310
f 7312 	7310 	8326
f 8323 	8319 	3349
f 8348 	8202 	8203
f 8320 	7452 	7450
f 8328 	8330 	8348
f 7442 	7452 	8320
f 7519 	7518 	8351
f 7595 	8351 	7518
f 8339 	8346 	8348
f 8330 	8339 	8348
f 7819 	7816 	8318
f 8321 	8348 	8327
f 8346 	8327 	8348
f 8322 	7820 	7819
f 8318 	8322 	7819
f 8329 	8328 	8348
f 7823 	8322 	8325
f 7823 	8325 	7824
f 7823 	7820 	8322
f 8351 	7595 	8324
f 7595 	7598 	8324
f 8325 	8324 	7598
f 8325 	7598 	7824
f 7307 	8326 	7308
f 7307 	7306 	8326
f 7306 	7461 	8326
f 7450 	7312 	8326
f 7450 	8326 	8320
f 8129 	7442 	8320
f 8375 	6102 	8364
f 8375 	8394 	6102
f 8337 	8323 	8376
f 8362 	8364 	8363
f 8363 	8364 	8189
f 8362 	8365 	8364
f 8366 	8373 	8364
f 8365 	8366 	8364
f 8367 	8375 	8368
f 8370 	8375 	8367
f 8368 	8375 	8371
f 8373 	8374 	8364
f 8374 	8372 	8364
f 8371 	8375 	8372
f 8375 	8364 	8372
f 8333 	8323 	8385
f 8399 	8319 	8398
f 8399 	8404 	8319
f 8397 	8398 	8319
f 8400 	8319 	8404
f 8401 	8319 	8400
f 8402 	8319 	8401
f 3049 	8319 	3059
f 3059 	8319 	8402
f 8388 	8394 	8386
f 8389 	8394 	8388
f 8390 	8394 	8389
f 8387 	8386 	8394
f 8394 	8390 	8391
f 8394 	8391 	8406
f 8392 	8406 	8393
f 8393 	8406 	8391
f 8396 	8397 	8319
f 8375 	8370 	8387
f 8394 	8375 	8387
f 6118 	8406 	6119
f 8406 	6118 	8394
f 6102 	8394 	6118
f 4696 	6119 	8406
f 4696 	8406 	8392
f 3081 	3082 	8412
f 3064 	8410 	3076
f 3080 	3081 	8412
f 3157 	3597 	3153
f 8412 	8414 	3080
f 8395 	8396 	8319
f 6119 	8416 	6123
f 3014 	3000 	8319
f 2969 	6123 	8417
f 8416 	8417 	6123
f 3086 	8414 	8419
f 8418 	8419 	8414
f 8415 	3000 	8414
f 2985 	8414 	2984
f 8418 	8414 	8457
f 6119 	4696 	8416
f 4696 	8411 	8416
f 8411 	8408 	8416
f 8408 	8407 	8416
f 8409 	8417 	8407
f 8414 	3419 	8415
f 3350 	8319 	3422
f 8410 	3153 	3597
f 8416 	8407 	8417
f 8414 	8412 	3597
f 8410 	3597 	8412
f 3422 	8415 	3419
f 8415 	3422 	8319
f 3013 	8422 	8421
f 8421 	8424 	3013
f 8423 	3013 	8424
f 3013 	8423 	3010
f 8417 	3013 	2969
f 8425 	8422 	8417
f 3013 	8417 	8422
f 8409 	8425 	8417
f 8430 	8431 	8460
f 8431 	8454 	8460
f 8432 	8433 	8460
f 8434 	8460 	8433
f 8429 	8430 	8460
f 8435 	8460 	8434
f 8436 	8460 	8435
f 8437 	8459 	8436
f 8450 	8459 	8437
f 8439 	8459 	8438
f 8440 	8459 	8439
f 8441 	8459 	8440
f 8442 	8459 	8441
f 8443 	8459 	8442
f 8444 	8459 	8443
f 8447 	8459 	8444
f 3165 	8459 	8446
f 8446 	8459 	8445
f 8445 	8459 	8447
f 7672 	7671 	6515
f 3867 	6515 	7671
f 3984 	3868 	3985
f 3985 	3868 	7671
f 8438 	8459 	8450
f 8432 	8460 	8454
f 3039 	8319 	3049
f 3026 	8319 	3039
f 3025 	8319 	3026
f 3015 	8319 	3025
f 3014 	8319 	3015
f 8415 	8319 	3000
f 2986 	8414 	2987
f 2984 	8414 	2986
f 2960 	8414 	2985
f 2959 	2977 	8414
f 8456 	8414 	2977
f 8457 	8414 	8456
f 2960 	2959 	8414
f 8460 	2989 	2990
f 2990 	2988 	8460
f 2988 	2974 	8460
f 2973 	8460 	2974
f 2978 	8460 	2973
f 8458 	8461 	8460
f 3177 	3178 	8459
f 8460 	8436 	8459
f 3234 	8459 	3176
f 2978 	2968 	8460
f 3178 	3570 	8459
f 3166 	8459 	3165
f 2968 	2967 	8460
f 8461 	8462 	8460
f 8462 	8428 	8460
f 8428 	8429 	8460
f 5491 	8459 	5492
f 5491 	5494 	8459
f 3260 	5525 	8459
f 8460 	8459 	5494
f 5494 	5490 	8460
f 2967 	8458 	8460
# 3731 faces

 #end of obj_4

o obj_5
v -80.0722 		101.1595 		98.498
v -79.0506 		102.425 		98.498
v -79.0498 		102.426 		98.498
v 35.334 		59.199 		44.694
v 39.182 		64.778 		77.255
v 36.093 		59.773 		43.211
v -42.998 		89.628 		154
v 36.132 		57.545 		44.599
v 33.474 		63.656 		74.068
v 35.197 		63.055 		73.838
v -74.731 		80.929 		156.175
v -78.86 		74.503 		88.561
v -74.326 		78.893 		156.175
v 36.629 		77.754 		33.204
v 34.859 		61.413 		43.366
v -80.0734 		101.1574 		98.498
v -80.0726 		101.159 		98.498
v -41.152 		87.782 		151.654
v -65.933 		65.775 		83.123
v -42.27 		87.483 		154
v -80.6374 		103.6285 		98.5
v -41.929 		90.071 		151.654
v -80.5682 		103.7142 		98.5
v -80.556 		103.7292 		98.498
v 40.969 		53.73 		41.423
v -79.3807 		105.1864 		98.498
v -79.3543 		105.2193 		98.5
v -66.412 		73.341 		159.867
v -72.308 		67.937 		89.852
v 37.587 		63.463 		72.387
v -69 		73 		158.142
v -80.638 		103.6277 		98.5
v -81.7448 		102.256 		98.5
v -81.7452 		102.2552 		98.5
v 38.504 		53.875 		45.428
v -67.609 		71.78 		158.142
v -80.6378 		103.628 		98.5
v -73.551 		68.959 		89.607
v -54.341 		94.248 		159.867
v -33.9998 		88.227 		98.5
v 35.734 		64.557 		72.631
v -66.071 		70.753 		158.142
v -55.849 		94.76 		159.867
v -36.0008 		88.1961 		98.498
v -83.491 		98.568 		98.498
v -35.9996 		88.209 		98.498
v 33.705 		65.264 		72.902
v -82.045 		101.501 		98.498
v -36.5366 		83.136 		98.498
v -36.5363 		83.1371 		98.498
v -36.4216 		83.524 		98.498
v -36.5394 		83.1264 		98.498
v -71.588 		73.341 		156.175
v -73.384 		66.264 		89.636
v -79 		105.6206 		98.498
v -70.22 		71.78 		156.175
v -36.243 		82.529 		98.498
v 38.373 		56.036 		45.427
v -68.659 		70.412 		156.175
v -52.912 		90.934 		161.321
v -77.275 		69.466 		88.867
v -36.5036 		92.887 		98.498
v -49.341 		90.412 		159.867
v -66.934 		69.259 		156.175
v -36.001 		88.2219 		98.498
v 39.357 		53.825 		44.043
v 37.631 		53.875 		43.051
v -50.391 		91.609 		159.867
v 37.507 		55.93 		43.05
v 59.391 		90.707 		31.918
v 58.218 		91.285 		31.918
v -80.734 		102.265 		88.236
v 62.324 		88.134 		31.918
v 61.462 		89.118 		31.918
v 60.478 		89.98 		31.918
v -75.9 		70.892 		89.143
v -51.588 		92.659 		159.867
v -79.094 		101.168 		88.561
v 54.391 		92.046 		31.918
v 53.085 		91.961 		31.918
v 51.803 		91.706 		31.918
v 50.564 		91.285 		31.918
v 49.391 		90.707 		31.918
v 55.001 		87.171 		31.918
v 56.979 		91.706 		31.918
v 55.696 		91.961 		31.918
v 48.303 		89.98 		31.918
v 47.32 		89.118 		31.918
v 46.457 		88.134 		31.918
v 50.635 		63.346 		33.394
v -52.912 		93.544 		159.867
v -74.73 		67.372 		89.37
v -34.3437 		84.4161 		98.5
v -79.649 		103.636 		88.454
v 39.214 		56.189 		44.043
v 33.981 		63.241 		45.966
v -35.605 		92.263 		98.498
v -35.392 		89 		98.498
v -35.605 		85.737 		98.498
v -78.206 		97.026 		78.153
v 40.803 		56.477 		41.422
v -57.019 		90.393 		162.478
v -34.5458 		93.295 		98.5
v -34.5447 		93.2846 		98.5
v -76.172 		80.739 		154
v -84.1081 		97.7391 		98.5
v -84.1078 		97.74 		98.5
v 64.391 		82.046 		31.918
v 64.305 		83.352 		31.918
v -34.548 		93.3021 		98.5
v 64.05 		84.635 		31.918
v 36.596 		55.766 		44.551
v -75.73 		78.517 		154
v -54 		91.66 		161.321
v -85.5448 		92.85 		98.5
v -55.173 		92.239 		161.321
v -83.4966 		83.114 		98.498
v 37.265 		63.802 		41.843
v 36.707 		53.929 		44.551
v -75.002 		76.372 		154
v 63.63 		85.873 		31.918
v 63.051 		87.046 		31.918
v -83.5791 		92.4777 		98.498
v -56.412 		92.659 		161.321
v -82.2536 		96.991 		98.498
v -74 		74.34 		154
v -37.7496 		79.01 		98.498
v -38.741 		76.499 		98.498
v -83.5798 		92.4743 		98.498
v -83.9996 		87.791 		98.498
v -74.835 		97.821 		67.933
v -83.5796 		92.476 		98.498
v 63.315 		82.727 		31.918
v -77.32 		80.588 		151.654
v -73.293 		97.069 		68.959
v 34.411 		64.067 		44.632
v -84.543 		95.471 		98.498
v -37.295 		79.432 		98.498
v 62.731 		83.515 		31.918
v -76.848 		78.218 		151.654
v 62.072 		84.243 		31.918
v 43.083 		60.374 		38.067
v 61.345 		84.902 		31.918
v -83.9994 		87.7892 		98.498
v 60.556 		85.486 		31.918
v -76.071 		75.929 		151.654
v -50.391 		94.22 		158.142
v -85.4558 		82.707 		98.5
v -85.4559 		82.7079 		98.5
v 59.715 		85.991 		31.918
v -76.023 		92.933 		67.111
v -75.002 		73.761 		151.654
v 58.828 		86.41 		31.918
v -85.9998 		87.773 		98.5
v -51.929 		95.247 		158.142
v 57.904 		86.741 		31.918
v -53.588 		96.066 		158.142
v -85.5449 		92.8491 		98.5
v 56.952 		86.979 		31.918
v -55.34 		96.66 		158.142
v 55.981 		87.123 		31.918
v -74.388 		92.557 		68.201
v -84.543 		82.529 		98.498
v 47.716 		57.658 		35.219
v -85.181 		85.737 		98.498
v 54.021 		87.123 		31.918
v -57.154 		97.021 		158.142
v 53.05 		86.979 		31.918
v -85.394 		89 		98.498
v 41.578 		63.489 		38.246
v 52.098 		86.741 		31.918
v -85.181 		92.263 		98.498
v 51.174 		86.41 		31.918
v 41.826 		59.974 		36.563
v -49.341 		95.588 		156.175
v 50.287 		85.991 		31.918
v -74.73 		87.871 		67.945
v -78.153 		80.478 		149.176
v 49.445 		85.486 		31.918
v -79.8373 		74.4925 		98.498
v -51.066 		96.741 		156.175
v 46.718 		57.522 		33.491
v 43.884 		65.226 		33.813
v -79.8386 		74.494 		98.498
v -77.66 		78 		149.176
v -82.0931 		78.6247 		98.498
v -82.0926 		78.623 		98.498
v 45.677 		61.514 		33.599
v -52.928 		97.659 		156.175
v -76.848 		75.607 		149.176
v -75.934 		82.79 		67.111
v -76.393 		87.857 		66.833
v -82.0917 		78.6213 		98.498
v -34.127 		93.299 		96.397
v -34.44 		93.296 		97.429
v -83.9328 		77.842 		98.5
v -83.9331 		77.8429 		98.5
v -74.307 		83.194 		68.201
v -83.9323 		77.8411 		98.5
v -81.4918 		73.369 		98.5
v -75.96 		74.528 		79.002
v -81.4911 		73.3682 		98.5
v 46.637 		61.795 		35.331
v 34.211 		64.471 		40.827
v -72.741 		72.456 		154
v -80.228 		73.78 		98.498
v -82.045 		76.499 		98.498
v -71.247 		70.753 		154
v -83.491 		79.432 		98.498
v -36.361 		92.889 		97.046
v -78.045 		78.658 		78.153
v 38.47 		65.479 		36.974
v 36.047 		62.83 		40.59
v -73.659 		71.752 		151.654
v -81.232 		97 		88.128
v -32.934 		93.309 		94.612
v 48.657 		84.902 		31.918
v 45.73 		87.046 		31.918
v -72.066 		69.934 		151.654
v 45.152 		85.873 		31.918
v -33.619 		93.303 		95.445
v -72.067 		67.395 		80.589
v -57.411 		95.071 		159.867
v 47.93 		84.243 		31.918
v 37.531 		60.859 		40.405
v -59 		95.175 		159.867
v 44.731 		84.635 		31.918
v 44.476 		83.352 		31.918
v 38.605 		58.635 		40.277
v -69.544 		69.259 		154
v -70.956 		68.982 		81.054
v -60.589 		95.071 		159.867
v -69.785 		67.959 		81.535
v -35.936 		92.892 		95.646
v 51.174 		86.41 		32.7106
v 51.3408 		86.4697 		32.768
v 51.0391 		86.3463 		32.6584
v -67.66 		68 		154
v -62.151 		94.76 		159.867
v -73.17 		70.915 		80.144
v -65.628 		66.998 		154
v 50.287 		85.991 		32.534
v -63.659 		94.248 		159.867
v 49.445 		85.486 		32.3717
v -70.248 		68.341 		151.654
v 49.152 		85.2689 		32.3063
v 54.651 		64.951 		30.348
v -35.246 		92.898 		94.356
v 47.3309 		84.0041 		31.918
v 47.4128 		83.9799 		31.918
v -68.239 		66.998 		151.654
v 48.657 		84.902 		32.1958
v 50.007 		63.195 		31.501
v 47.5839 		83.9293 		31.918
v 47.93 		84.243 		32.0076
v -70.798 		66.287 		81.11
v 47.6329 		83.9148 		31.918
v 40.417 		62.894 		36.731
v -66.071 		65.929 		151.654
v -83.051 		97.749 		87.767
v 46.967 		53.403 		33.491
v -84.459 		92.86 		87.479
v -34.318 		92.906 		93.225
v 44.166 		53.566 		37.976
v -82.532 		92.486 		87.862
v 43.957 		57.024 		37.975
v -65.689 		67.995 		73.87
v -58.001 		90.588 		162.478
v 38.655 		82.358 		32.384
v -72.66 		69.34 		149.176
v -59 		90.654 		162.478
v -33.187 		92.916 		92.297
v 54.921 		64.968 		32.33
v 47.975 		53.389 		35.219
v -70.76 		67.674 		149.176
v -59.999 		90.588 		162.478
v -82.449 		83.123 		87.862
v -68.659 		66.27 		149.176
v 44.7801 		83.1364 		31.918
v -82.943 		87.8 		87.772
v -60.981 		90.393 		162.478
v 45.6609 		84.1149 		31.918
v 40.817 		86.971 		32.555
v -33.619 		88.23 		96.589
v -57.695 		92.914 		161.321
v -84.905 		87.783 		87.381
v -84.37 		82.716 		87.479
v 44.4372 		82.7553 		31.918
v 31.668 		63.906 		74.312
v 44.391 		82.046 		31.8671
v -33.904 		88.228 		97.527
v 44.3992 		81.92 		31.8567
v -59 		93 		161.321
v -74.465 		69.49 		79.603
v 42.645 		56.835 		36.478
v -77.487 		73.404 		78.365
v 42.841 		53.595 		36.478
v 46.5568 		84.0557 		31.918
v -60.305 		92.914 		161.321
v -35.866 		88.211 		97.136
v -75.73 		73.341 		149.176
v 30.936 		63.309 		69.108
v -71.251 		74.569 		70.192
v -74.326 		71.24 		149.176
v -73.131 		78.701 		68.96
v -81.071 		78.632 		88.128
v 39.229 		56.242 		40.212
v 32.636 		63.073 		68.878
v 39.378 		53.773 		40.212
v 62.324 		75.959 		31.918
v 63.051 		77.046 		31.918
v 63.1126 		77.171 		31.918
v 61.7552 		76.2629 		31.918
v 61.7566 		76.2607 		31.918
v -73.021 		97.021 		146.611
v -34.82 		88.22 		94.613
v 63.1126 		77.171 		31.377
v 65.001 		77.171 		31.377
v -73.142 		97.142 		144
v -74.662 		77.923 		67.933
v 63.3442 		77.171 		32.6277
v -61.588 		92.659 		161.321
v 63.3313 		77.171 		32.6236
v -73.021 		97.021 		141.389
v -62.827 		92.239 		161.321
v -80.481 		73.378 		88.236
v 36.523 		48.933 		44.618
v 37.447 		48.879 		43.118
v 40.785 		48.734 		41.49
v 39.173 		48.829 		44.11
v 63.63 		78.22 		31.377
v 38.32 		48.879 		45.495
v -66.598 		66.324 		73.253
v 64.05 		79.458 		31.377
v -67.741 		67.433 		72.496
v 64.305 		80.741 		31.377
v -64 		91.66 		161.321
v 64.3092 		80.8043 		31.377
v -33.157 		88.234 		95.724
v 64.57 		80.074 		31.377
v 64.809 		79.122 		31.377
v 64.953 		78.152 		31.377
v -66.744 		69.018 		73.172
v -65.088 		90.934 		161.321
v -35.467 		88.214 		95.823
v -74.731 		95.071 		146.611
v 28.453 		63.154 		50.909
v -82.876 		77.851 		87.768
v -68.738 		70.954 		71.85
v -76.172 		92.914 		146.611
v -65.088 		93.544 		159.867
v -69.901 		69.53 		71.065
v -77.32 		90.588 		146.611
v 64.3092 		80.8043 		31.918
v 64.24 		80.998 		31.918
v -72.624 		73.446 		69.268
v -74.867 		95.175 		144
v -76.321 		93 		144
v -36.391 		83.137 		97.023
v 43.982 		48.57 		38.043
v -36.279 		83.525 		97.046
v 63.82 		81.885 		31.918
v -77.478 		90.654 		144
v 47.791 		48.393 		35.286
v -79.428 		92.513 		77.63
v 39.194 		48.776 		40.28
v -59 		97.142 		158.142
v 60.7592 		77.171 		31.918
v -34.039 		83.154 		96.397
v -34.153 		82.734 		96.348
v -74.731 		95.071 		141.389
v -81.244 		92.888 		76.879
v -60.846 		97.021 		158.142
v 63.7767 		77.171 		32.768
v -79.92 		97.777 		77.445
v 32.128 		64.333 		46.21
v -34.473 		82.732 		97.404
v 62.114 		75.7193 		31.918
v -76.172 		92.914 		141.389
v -62.66 		96.66 		158.142
v 61.5208 		75.0421 		31.5806
v 61.4839 		75 		31.5596
v -34.352 		83.152 		97.429
v -64.412 		96.066 		158.142
v 42.657 		48.599 		36.545
v -77.32 		90.588 		141.389
v 29.568 		63.414 		45.445
v 46.783 		48.407 		33.559
v -79.346 		83.15 		77.63
v -66.624 		63.921 		82.83
v 30.099 		65.041 		46.48
v -79.813 		87.827 		77.454
v -68.954 		63.901 		90.513
v -81.661 		87.811 		76.688
v -81.155 		82.744 		76.88
v 44.731 		79.458 		31.6498
v 44.5708 		80.2641 		31.714
v 45.001 		78.664 		31.5787
v 27.762 		63.664 		45.69
v 45.6685 		77.171 		31.377
v -78.829 		83 		146.611
v 45.001 		77.171 		31.377
v -65.072 		97.659 		156.175
v -78.153 		88.132 		146.611
v 27.973 		65.335 		46.768
v 45.152 		78.22 		31.377
v 45.0873 		78.4102 		31.377
v -66.864 		64.85 		98.498
v -78.659 		85.588 		146.611
v 45.049 		78.152 		31.377
v 61.097 		59.83 		31.996
v 45.0457 		78.5327 		31.5669
v 45.0873 		78.4102 		31.556
v 45.0585 		78.2159 		31.5452
v 32.385 		65.262 		44.898
v 45.0848 		78.3933 		31.555
v -52.372 		86.827 		162.478
v 61.214 		59.875 		30
v 43.857 		79.29 		31.7
v 27.619 		64.771 		44.325
v -79 		83 		144
v -52.928 		87.659 		162.478
v -78.319 		88.176 		144
v -66.334 		102.39 		61.293
v -65.555 		103.759 		62.084
v -78.829 		85.611 		144
v -49.761 		86.827 		161.321
v 56.184 		59.072 		30.188
v 51.29 		58.278 		31.368
v -50.34 		88 		161.321
v 45.73 		77.046 		31.5066
v 45.6685 		77.171 		31.5086
v 46.457 		75.959 		31.4497
v 29.64 		64.492 		44.052
v -79.745 		77.878 		77.446
v 47.2981 		75 		31.3587
v 45.001 		77.171 		31.6448
v 45.1855 		77.171 		31.6071
v -78.829 		83 		141.389
v 45.5087 		77.171 		31.5412
v -51.066 		89.088 		161.321
v 56.454 		59.089 		32.17
v 31.569 		63.819 		43.794
v 45.049 		78.152 		31.5525
v -32.932 		82.745 		94.522
v -51.929 		90.071 		161.321
v -78.153 		88.132 		141.389
v -67.993 		97.881 		59.595
v -68.997 		92.995 		58.548
v -78.659 		85.588 		141.389
v -80.2295 		104.2212 		98.5
v -80.2298 		104.2206 		98.5
v 40.979 		75.188 		32.632
v -67.606 		92.616 		59.936
v -66.68 		97.127 		60.901
v 44.476 		80.741 		31.759
v 44.4339 		81.387 		31.8125
v -84.876 		99.141 		98.5
v 56.821 		53.022 		32.171
v 61.52 		52.847 		31.997
v -83.343 		102.25 		98.5
v -53.588 		88.412 		162.478
v -33.633 		82.739 		95.375
v -72.66 		96.66 		138.824
v -81.417 		105.132 		98.5
v -32.846 		83.165 		94.612
v -79.131 		107.738 		98.5
v -54.341 		89.072 		162.478
v 44.4328 		81.4042 		31.814
v -70.248 		97.659 		136.346
v 51.597 		53.204 		31.369
v -72.066 		96.066 		136.346
v -79.131 		70.262 		98.5
v -55.173 		89.628 		162.478
v -81.417 		72.868 		98.5
v -56.071 		90.071 		162.478
v -73.659 		94.248 		136.346
v -83.343 		75.75 		98.5
v -33.531 		83.159 		95.445
v -67.891 		87.931 		59.61
v -84.876 		78.859 		98.5
v -67.524 		83.253 		59.936
v -28.874 		73.827 		89.118
v -85.99 		82.141 		98.5
v -67.66 		98 		134
v -32.465 		73.796 		89.832
v 61.641 		52.816 		30.001
v -86.666 		85.541 		98.5
v -68.907 		82.851 		58.549
v -69.544 		96.741 		134
v -35.259 		83.147 		94.29
v 56.551 		53.006 		30.19
v -69.305 		87.919 		58.196
v -86.893 		89 		98.5
v -86.666 		92.459 		98.5
v -71.247 		95.247 		134
v -85.99 		95.859 		98.5
v -54.893 		86.151 		163.319
v 32.567 		107.62 		68.512
v -35.96 		83.141 		95.601
v -30.705 		73.811 		89.298
v 51.413 		48.208 		31.436
v -55.34 		86.66 		163.319
v -82.893 		127.971 		116.5
v -66.934 		96.741 		131.825
v -92.213 		120.82 		116.5
v -96.094 		116.394 		116.5
v 61.337 		47.851 		32.064
v 56.637 		48.026 		32.238
v -28.884 		74.938 		87.455
v -99.364 		111.5 		116.5
v -100.9613 		99.8703 		116.5
v -55.849 		87.107 		163.319
v -100.9611 		99.8708 		116.5
v -99.1954 		105.0729 		116.5
v -68.659 		95.588 		131.825
v -99.1951 		105.0734 		116.5
v -96.7655 		109.9996 		116.5
v -66.081 		73.503 		61.294
v -31.039 		74.919 		87.667
v -96.7652 		110 		116.5
v -93.7138 		114.5683 		116.5
v -56.412 		87.483 		163.319
v -93.7134 		114.5687 		116.5
v -90.091 		118.698 		116.5
v -101.968 		106.221 		116.5
v -70.22 		94.22 		131.825
v 32.739 		109.472 		69.246
v -90.0906 		118.6984 		116.5
v -85.9613 		122.3208 		116.5
v -85.9608 		122.3211 		116.5
v -81.3926 		125.3725 		116.5
v -66.519 		78.759 		60.902
v -57.019 		87.782 		163.319
v -81.3921 		125.3728 		116.5
v -87.787 		124.701 		116.5
v -35.854 		83.529 		95.646
v -103.86 		100.647 		116.5
v -105.008 		94.874 		116.5
v -105.393 		89 		116.5
v -105.008 		83.126 		116.5
v -103.86 		77.353 		116.5
v -101.968 		71.779 		116.5
v 61.458 		47.82 		30.068
v -35.164 		83.535 		94.356
v -99.364 		66.5 		116.5
v -31.302 		69.867 		86.126
v 56.367 		48.01 		30.257
v -96.7655 		68.0004 		116.5
v -26.9792 		70.862 		86.6702
v -67.819 		77.982 		59.595
v -96.7658 		68.0009 		116.5
v -99.1954 		72.9271 		116.5
v -99.1956 		72.9276 		116.5
v -100.9613 		78.1297 		116.5
v -100.9614 		78.1303 		116.5
v -102.0332 		83.5184 		116.5
v -72.741 		93.544 		134
v -102.0332 		83.5189 		116.5
v -102.3932 		89 		116.5
v -102.3931 		89.0005 		116.5
v -102.0332 		94.4816 		116.5
v -71.588 		92.659 		131.825
v -102.0331 		94.4822 		116.5
v -72.741 		90.934 		131.825
v -92.213 		57.18 		116.5
v -87.787 		53.299 		116.5
v -82.893 		50.029 		116.5
v -81.3926 		52.6275 		116.5
v -63.6562 		113.7899 		98.5
v -63.6568 		113.7898 		98.5
v -81.393 		52.6278 		116.5
v -85.9613 		55.6792 		116.5
v -85.9617 		55.6796 		116.5
v -90.091 		59.302 		116.5
v -33.95 		88.227 		93.552
v -51.412 		82.001 		162.478
v -28.812 		66.653 		81.945
v -90.0914 		59.3024 		116.5
v -93.7138 		63.4317 		116.5
v -27.7841 		66.662 		81.945
v -27.7688 		66.7371 		82.0362
v -93.7141 		63.4322 		116.5
v -60.393 		114.0029 		98.5
v -60.3936 		114.0028 		98.5
v -57.1298 		113.7899 		98.5
v -57.1304 		113.7899 		98.5
v -96.094 		61.606 		116.5
v -32.041 		66.625 		82.263
v -51.346 		83 		162.478
v -74.326 		94.76 		138.824
v -75.73 		92.659 		138.824
v 30.972 		61.468 		69.892
v -32.889 		88.237 		92.682
v -51.412 		83.999 		162.478
v -76.848 		90.393 		138.824
v 32.315 		61.282 		69.71
v -28.84 		69.888 		85.884
v -59.9877 		113.9764 		98.5
v -51.607 		84.981 		162.478
v -60.2258 		113.9978 		98.5
v -27.3108 		68.9827 		84.7654
v -60.2292 		113.9978 		98.5
v -60.262 		113.9943 		98.5
v -51.929 		85.929 		162.478
v -60.2278 		113.998 		98.5
v -75.002 		92.239 		136.346
v -63.852 		115.273 		98.5
v -55.1518 		113.542 		98.5
v -56.4861 		113.6619 		98.5
v -33.168 		83.165 		92.199
v -31.59 		71.278 		84.739
v -33.105 		83.553 		92.297
v -60.393 		115.5 		98.5
v -74 		91.66 		134
v -28.852 		71.302 		84.47
v -49.341 		85.588 		161.321
v -56.934 		115.273 		98.5
v -73.659 		89.072 		131.825
v -34.236 		83.543 		93.225
v -50.2608 		112.106 		98.5
v -34.316 		83.155 		93.142
v -50.2627 		112.1066 		98.5
v -50.258 		112.1045 		98.5
v -27.089 		69.466 		86.259
v -53.534 		114.597 		98.5
v -78.319 		83 		138.824
v 31.466 		111.367 		59.362
v -77.66 		88 		138.824
v 32.009 		108.946 		64.033
v -56.588 		83.999 		163.829
v -78.153 		85.522 		138.824
v -27.74 		66.202 		82.4
v -56.739 		84.305 		163.829
v -34.718 		78.27 		94.623
v -56.929 		84.589 		163.829
v 31.393 		109.369 		59.389
v -57.154 		84.846 		163.829
v -35.761 		78.261 		97.14
v -77.478 		83 		136.346
v -76.071 		90.071 		136.346
v -35.364 		78.265 		95.83
v -54 		84.34 		163.319
v 32.134 		110.91 		64.393
v -45.7416 		109.7394 		98.5
v -45.7448 		109.742 		98.5
v -76.848 		87.782 		136.346
v -54.218 		84.981 		163.319
v -77.32 		85.412 		136.346
v -27.1231 		69.9031 		85.884
v -27.1293 		69.8726 		85.8469
v -54.517 		85.588 		163.319
v -50.252 		113.483 		98.5
v -47.143 		111.95 		98.5
v -44.261 		110.024 		98.5
v -47.4593 		67.6349 		98.5
v -45.7858 		68.7532 		98.5
v -46.4928 		68.162 		98.5
v -46.4947 		68.1609 		98.5
v -50.8243 		65.9003 		98.5
v -50.8237 		65.9005 		98.5
v -48.9038 		66.8471 		98.5
v -26.5527 		73.7013 		88.998
v -50.6238 		65.909 		98.5
v -50.6256 		65.9085 		98.5
v -52.8229 		65.2213 		98.5
v 30.743 		108.869 		54.756
v -55.1153 		64.5048 		98.5
v -56.2802 		64.3791 		98.5
v -37.078 		79.016 		95.123
v -54.182 		64.7964 		98.5
v -55.1138 		64.505 		98.5
v -26.5307 		73.8476 		89.118
v -60.0255 		64.0211 		98.5
v -58.9399 		64.092 		98.5
v -59.7931 		64.0001 		98.5
v 31.714 		61.707 		64.472
v -59.7918 		64 		98.5
v -78.0733 		106.6803 		98.5
v -78.0737 		106.6799 		98.5
v -76.321 		83 		134
v -78.5448 		106.223 		98.5
v -75.002 		89.628 		134
v 30.048 		109.307 		49.53
v 31.793 		61.824 		64.851
v 30.762 		110.826 		54.342
v -78.2812 		106.4432 		98.5
v -75.6142 		108.8365 		98.5
v -75.6146 		108.8361 		98.5
v 30.084 		107.467 		50.313
v -75.73 		87.483 		134
v 30.277 		61.905 		64.666
v -37.58 		79.011 		96.779
v 30.334 		62.026 		65.048
v -76.172 		85.261 		134
v -72.8949 		110.6536 		98.5
v -72.8955 		110.6533 		98.5
v -56.588 		82.001 		163.829
v -56.478 		82.324 		163.829
v -56.412 		82.659 		163.829
v -26.507 		73.429 		89.411
v -56.389 		83 		163.829
v -56.412 		83.341 		163.829
v -56.478 		83.676 		163.829
v -74.867 		83 		131.825
v -69.9617 		112.0997 		98.5
v -69.9623 		112.0995 		98.5
v -74.326 		87.107 		131.825
v 30.319 		60.079 		65.492
v -74.731 		85.071 		131.825
v -53.868 		82.324 		163.319
v -74.326 		87.107 		131.825
v -74.326 		87.107 		131.825
v -66.8645 		113.1518 		98.5
v -66.8651 		113.1516 		98.5
v -74.326 		87.107 		131.825
v -23.8831 		74.8785 		87.6099
v -23.884 		74.982 		87.455
v 31.316 		59.802 		64.936
v -23.8776 		74.2423 		87.2249
v -53.824 		83 		163.319
v -23.8808 		74.6128 		87.4698
v -23.8791 		74.4164 		87.3662
v -76.525 		110.024 		98.5
v 31.402 		59.929 		65.346
v -73.643 		111.95 		98.5
v -53.868 		83.676 		163.319
v -67.252 		114.597 		98.5
v -70.534 		113.483 		98.5
v -23.8501 		71.1233 		84.6927
v -23.852 		71.346 		84.47
v -23.8291 		68.7035 		81.9374
v 32.436 		59.569 		65.208
v -23.8486 		70.9438 		84.5471
v -75.729 		67.4441 		98.5
v 29.441 		105.216 		46.232
v -78.2526 		69.4914 		98.5
v -76.525 		67.976 		98.5
v -78.093 		69.3515 		98.5
v -33.85 		78.278 		93.565
v -32.792 		78.287 		92.697
v -78.659 		80.412 		146.611
v 30.258 		59.949 		65.079
v -54.519 		133.615 		116.5
v -60.393 		134 		116.5
v -66.267 		133.615 		116.5
v -72.04 		132.467 		116.5
v -78.153 		77.868 		146.611
v -48.746 		132.467 		116.5
v -60.393 		131.0002 		116.5
v -77.32 		75.412 		146.611
v -60.3925 		131.0001 		116.5
v -54.9114 		130.6402 		116.5
v -54.9108 		130.6401 		116.5
v -49.5227 		129.5683 		116.5
v -35.164 		79.032 		92.258
v -33.826 		79.044 		91.16
v -49.5222 		129.5681 		116.5
v -44.3201 		127.8024 		116.5
v -58.324 		88.132 		163.319
v -44.3196 		127.8021 		116.5
v 32.327 		59.45 		64.801
v -59 		88.176 		163.319
v 29.233 		104.174 		45
v -78.829 		80.389 		144
v -43.172 		130.575 		116.5
v -78.319 		77.824 		144
v -23.8468 		70.7364 		84.3787
v 28.84 		102.202 		42.669
v -77.614 		130.575 		116.5
v -59.676 		88.132 		163.319
v -76.4659 		127.8024 		116.5
v -77.478 		75.346 		144
v -76.4654 		127.8026 		116.5
v -71.2633 		129.5683 		116.5
v -36.262 		79.023 		93.596
v -71.2627 		129.5684 		116.5
v -65.8746 		130.6402 		116.5
v -65.8741 		130.6402 		116.5
v 29.352 		106.869 		45.109
v 29.127 		105.739 		43.774
v -78.659 		80.412 		141.389
v -28.807 		66.099 		76.684
v 28.701 		103.603 		41.249
v -28.826 		68.316 		80.834
v -32.273 		68.286 		81.173
v -78.153 		77.868 		141.389
v -54.209 		62.552 		93.443
v -77.32 		75.412 		141.389
v -57.66 		88 		163.319
v 28.119 		99.642 		38.099
v -59.179 		62.005 		92.454
v 28.303 		98.544 		39.762
v -23.826 		68.36 		80.834
v -23.8229 		67.9903 		81.081
v -23.8221 		67.9019 		80.9749
v -23.8204 		67.6991 		80.7313
v -23.8165 		67.252 		79.9116
v 29.554 		59.405 		60.06
v -23.8024 		65.6114 		76.9044
v -23.807 		66.143 		76.684
v -64.158 		62.465 		91.464
v -73.021 		68.979 		146.611
v -60.34 		88 		163.319
v -50.337 		62.585 		84.096
v -71.071 		67.269 		146.611
v -60.981 		87.782 		163.319
v -52.733 		62.564 		88.579
v -68.914 		65.828 		146.611
v 30.975 		61.217 		59.851
v 32.26 		60.768 		59.68
v -73.142 		68.858 		144
v -71.175 		67.133 		144
v -32.532 		89.7979 		44
v -69 		65.679 		144
v -32.532 		86.7125 		44
v -32.768 		86.944 		44
v 29.627 		61.403 		60.034
v -61.929 		90.071 		162.478
v -32.768 		78.026 		44
v -32.532 		77.9847 		44
v -73.021 		68.979 		141.389
v 30.516 		59.272 		59.93
v -62.827 		89.628 		162.478
v -57.414 		62.021 		86.638
v 27.85 		94.38 		37.62
v 31.434 		58.951 		59.808
v -39.681 		92.86 		45.009
v -71.071 		67.269 		141.389
v 32.273 		58.456 		59.697
v -62.105 		62.483 		84.697
v -63.659 		89.072 		162.478
v -68.914 		65.828 		141.389
v -45.368 		66.509 		98.502
v -64.412 		88.412 		162.478
v -47.142 		66.0482 		98.502
v 27.629 		95.129 		35.779
v -39.73 		88.177 		44.557
v -31.6056 		66.2796 		53.9832
v -31.5168 		65.8646 		54.7529
v 27.249 		90.243 		34.379
v -31.646 		65.96 		53.777
v -44.2598 		67.9744 		98.502
v -47.1414 		66.0486 		98.502
v -34.0757 		88.2265 		44
v -38.7 		62.687 		74.546
v -44.2593 		67.9748 		98.502
v -39.599 		83.497 		45.01
v -32.0247 		69.366 		50.0318
v -47.112 		62.614 		80.167
v -43.183 		62.648 		76.942
v -32.06 		69.159 		49.831
v -61.588 		87.483 		163.319
v 27.265 		85.187 		35.933
v -76.172 		73.086 		146.611
v 27.5 		89.87 		36.327
v -62.151 		87.107 		163.319
v -39.647 		78.228 		44.537
v -39.7699 		80.0326 		44
v -34.1937 		78.2758 		44
v -34.1858 		78.2744 		44
v -74.731 		70.929 		146.611
v -39.7721 		80.0347 		44
v -62.66 		86.66 		163.319
v -39.294 		78.996 		46.349
v -76.321 		73 		144
v -31.9058 		68.4214 		51.1721
v -31.8207 		67.746 		51.9876
v -31.7738 		67.3732 		52.4375
v 26.995 		85.17 		33.952
v -31.7926 		67.5226 		52.2572
v -63.107 		86.151 		163.319
v -74.867 		70.825 		144
v -31.6802 		66.6281 		53.3368
v -31.7607 		67.2684 		52.564
v -31.7442 		67.1375 		52.722
v -49.842 		64.068 		98.502
v -53.5335 		63.401 		98.502
v -31.789 		67.066 		52.413
v -33.836 		62.729 		73.07
v -40.637 		62.167 		69.86
v -50.2512 		64.5151 		98.502
v -53.5328 		63.4012 		98.502
v -76.172 		73.086 		141.389
v -41.3627 		81.5378 		44
v -65.072 		87.659 		162.478
v -74.731 		70.929 		141.389
v -50.2506 		64.5154 		98.502
v -34.12 		92.459 		98.5
v -33.893 		89 		98.5
v 29.011 		61.827 		55.389
v -34.12 		85.541 		98.5
v -37.4412 		75.749 		98.502
v -73.659 		76.928 		131.825
v -32.0867 		69.8597 		49.4358
v -32.0626 		69.6685 		49.6666
v -57.411 		85.071 		163.829
v -34.821 		62.218 		68.095
v -35.895 		78.26 		98.502
v -35.9081 		78.8582 		98.502
v -72.741 		75.066 		131.825
v -37.4409 		75.7496 		98.502
v -57.695 		85.261 		163.829
v -58.001 		85.412 		163.829
v -23.807 		66.143 		58.315
v -58.324 		85.522 		163.829
v -58.659 		85.588 		163.829
v 27.175 		76.025 		37.867
v -59 		85.611 		163.829
v -48.819 		62.599 		68.506
v -59.341 		85.588 		163.829
v 30.448 		61.628 		55.194
v -45.997 		62.12 		72.725
v -34.581 		82.731 		98.502
v -28.807 		66.099 		58.315
v 31.373 		75.443 		37.299
v -34.794 		82.1405 		98.502
v -35.9079 		78.8588 		98.502
v -23.826 		68.36 		54.166
v -23.8079 		66.2564 		55.9172
v -78.153 		80.478 		138.824
v 29.945 		59.717 		54.884
v 30.955 		59.365 		54.749
v 26.876 		80.106 		34.515
v -23.846 		70.6379 		49.8219
v -23.8471 		70.7609 		49.718
v -50.694 		62.079 		76.58
v -23.852 		71.346 		50.53
v -77.66 		78 		138.824
v -34.458 		83.151 		98.502
v 31.867 		79.415 		33.84
v 28.886 		59.864 		55.027
v -34.3458 		84.395 		98.502
v -34.7939 		82.1411 		98.502
v -23.8354 		69.4613 		51.1504
v -23.8405 		70.0188 		50.4503
v -23.835 		69.393 		52.908
v -54.549 		62.046 		81.278
v -76.848 		75.607 		138.824
v -23.8258 		68.353 		52.5422
v -23.8277 		68.5682 		52.272
v 32.679 		58.105 		54.525
v 32.221 		79.81 		35.768
v -59.676 		85.522 		163.829
v 27.156 		80.512 		36.453
v -77.32 		80.588 		136.346
v -59.999 		85.412 		163.829
v -60.305 		85.261 		163.829
v -60.589 		85.071 		163.829
v -28.852 		71.302 		50.53
v -58.773 		62.512 		78.46
v -76.848 		78.218 		136.346
v -28.835 		69.349 		52.908
v -60.846 		84.846 		163.829
v -61.071 		84.589 		163.829
v -28.826 		68.316 		54.166
v -61.261 		84.305 		163.829
v -61.412 		83.999 		163.829
v -54.286 		62.551 		72.993
v -76.071 		75.929 		136.346
v 26.897 		75.244 		36.046
v 31.879 		58.821 		54.628
v -75.002 		73.761 		136.346
v -42.582 		62.653 		65.173
v -35.815 		62.712 		63.12
v -78.2448 		69.4819 		98.502
v -78.224 		69.457 		98.502
v -78.1295 		69.3808 		98.502
v -23.8428 		70.2758 		50.1274
v -76.172 		80.739 		134
v -75.7124 		67.4305 		98.502
v -23.8173 		67.3366 		53.818
v -75.63 		67.364 		98.502
v -23.8189 		67.5114 		53.5986
v -75.73 		78.517 		134
v -23.8234 		68.0786 		52.8864
v 31.818 		61.15 		55.011
v -73.644 		66.0482 		98.502
v -74.258 		66.257 		98.502
v -23.8247 		68.2207 		52.7081
v -75.002 		76.372 		134
v -54.519 		44.385 		116.5
v -48.746 		45.533 		116.5
v -43.172 		47.425 		116.5
v -74 		74.34 		134
v -37.893 		50.029 		116.5
v -60.393 		44 		116.5
v -61.412 		82.001 		163.829
v -74.731 		80.929 		131.825
v -32.101 		93.317 		93.927
v -34.8247 		55.6792 		116.5
v -34.8252 		55.6789 		116.5
v -39.3934 		52.6275 		116.5
v -74.326 		78.893 		131.825
v -73.6434 		66.0479 		98.502
v -39.3939 		52.6272 		116.5
v -44.3201 		50.1976 		116.5
v -44.3206 		50.1974 		116.5
v -49.5227 		48.4317 		116.5
v -32.999 		53.299 		116.5
v -49.5233 		48.4316 		116.5
v -54.9114 		47.3598 		116.5
v -60.3935 		47.0009 		116.5
v -31.778 		88.246 		94.345
v -60.393 		47.0008 		116.5
v 30.151 		62.919 		50.679
v -54.9119 		47.3598 		116.5
v -32.3713 		73.7977 		46.2264
v -65.8746 		47.3598 		116.5
v -32.3263 		73.1766 		46.7326
v -32.1789 		71.1364 		48.3954
v -65.8752 		47.3599 		116.5
v -71.2633 		48.4317 		116.5
v -71.2638 		48.4319 		116.5
v -76.4659 		50.1976 		116.5
v -76.4664 		50.1979 		116.5
v 31.774 		62.354 		50.462
v -77.614 		47.425 		116.5
v -63.483 		85.588 		163.319
v -72.04 		45.533 		116.5
v -66.267 		44.385 		116.5
v -32.352 		73.068 		46.575
v -54.707 		62.547 		98.502
v -59.774 		62 		98.502
v -56.9337 		62.725 		98.502
v -60.3923 		62.498 		98.502
v -72.66 		69.34 		138.824
v -63.782 		84.981 		163.319
v -69.741 		63.894 		98.502
v -70.5348 		64.5151 		98.502
v -29.975 		88.262 		93.598
v -70.76 		67.674 		138.824
v 29.625 		61.115 		49.994
v 28.281 		61.301 		50.176
v -64 		84.34 		163.319
v 32.079 		59.978 		49.668
v -60.393 		62.4979 		98.502
v -68.659 		66.27 		138.824
v -23.884 		74.983 		47.545
v -67.2525 		63.401 		98.502
v -70.5342 		64.5149 		98.502
v -30.913 		88.254 		93.883
v -23.8792 		74.4458 		46.7751
v -56.9331 		62.7251 		98.502
v -73.659 		71.752 		136.346
v -67.2519 		63.4009 		98.502
v -72.066 		69.934 		136.346
v -28.884 		74.939 		47.545
v -70.248 		68.341 		136.346
v -68.239 		66.998 		136.346
v -61.611 		83 		163.829
v -61.588 		82.659 		163.829
v -61.522 		82.324 		163.829
v 30.907 		60.669 		49.823
v -32.013 		83.172 		93.927
v -32.079 		82.752 		93.821
v -66.071 		65.929 		136.346
v -61.522 		83.676 		163.829
v -61.588 		83.341 		163.829
v -63.8523 		62.725 		98.502
v -23.8793 		74.4625 		46.7659
v -64.851 		62.459 		98.502
v -64.132 		82.324 		163.319
v -64.176 		83 		163.319
v -23.8742 		73.8748 		47.0892
v -23.8613 		72.3735 		48.3566
v -63.8516 		62.7249 		98.502
v -64.132 		83.676 		163.319
v -72.741 		72.456 		134
v -71.247 		70.753 		134
v -28.791 		64.251 		77.45
v -28.4483 		64.3935 		77.7111
v -28.234 		65.1252 		79.0766
v -71.588 		73.341 		131.825
v -70.22 		71.78 		131.825
v -68.659 		70.412 		131.825
v -39.9296 		74.842 		98.498
v -39.9245 		74.8517 		98.498
v -50.34 		98 		154
v -39.9339 		74.8367 		98.498
v 31.291 		62.813 		45.215
v -40.558 		73.78 		98.498
v -69.544 		69.259 		134
v -28.436 		63.764 		77.979
v -28.8866 		63.4345 		74.7665
v -67.66 		68 		134
v -49.086 		81.695 		161.321
v -39.718 		74.844 		96.347
v -65.628 		66.998 		134
v -48.456 		76.912 		159.867
v -29.084 		63.0226 		73.432
v -66.934 		69.259 		131.825
v -47.752 		78.341 		159.867
v -28.4893 		64.2537 		77.45
v -28.573 		57.18 		116.5
v -24.692 		61.606 		116.5
v -37.544 		73.751 		94.911
v -47.24 		79.849 		159.867
v -28.7857 		63.6446 		75.4474
v -30.695 		59.302 		116.5
v -46.929 		81.411 		159.867
v -30.6954 		59.3016 		116.5
v -39.089 		74.849 		94.274
v -75.73 		73.341 		138.824
v -38.078 		73.747 		96.671
v -74.326 		71.24 		138.824
v 83.239 		47.52 		67.412
v -25.566 		91.5429 		91.1814
v -25.5896 		90.6017 		91.2744
v -29.103 		62.9834 		73.3048
v -29.089 		62.375 		73.58
v -25.5405 		92.5631 		91.0805
v 83.423 		52.516 		67.345
v -31.897 		92.927 		91.607
v -45.34 		79.34 		158.142
v 82.8 		62.813 		67.343
v -56.588 		64.68 		151.654
v -36.696 		74.87 		90.691
v -44.979 		81.154 		158.142
v -54.218 		65.152 		151.654
v -29.041 		92.952 		91.039
v -29.9056 		62.2611 		67.6114
v -29.7679 		62.361 		68.5945
v -29.3367 		62.6744 		71.6735
v 75.441 		61.555 		73.921
v -34.088 		73.782 		90.699
v -29.8316 		62.3148 		68.1397
v -35.51 		73.769 		91.866
v -23.8008 		65.4235 		76.56
v -23.7998 		65.3197 		76.2308
v -23.7973 		65.0283 		75.3059
v -43.674 		78.893 		156.175
v -36.677 		73.759 		93.288
v -29.854 		61.7 		68.148
v -30.497 		92.94 		91.182
v -56.478 		63.847 		149.176
v -43.269 		80.929 		156.175
v -29.15 		62.244 		73.166
v -54 		64.34 		149.176
v 77.934 		61.948 		74.127
v -23.7839 		63.5199 		67.776
v -29.044 		93.343 		93
v 76.753 		61.743 		75.419
v -51.607 		65.152 		149.176
v -23.791 		64.314 		67.5
v -23.795 		64.778 		72.182
v -23.7858 		63.7155 		69.5278
v -30.117 		93.334 		93.106
v -23.7893 		64.1178 		72.4156
v -31.149 		93.325 		93.419
v -29.205 		62.7702 		72.614
v -29.1437 		62.8981 		73.0283
v -47.78 		74.391 		158.142
v 68.109 		60.301 		80.527
v -63.782 		65.152 		151.654
v -28.791 		64.27 		67.5
v -61.412 		64.68 		151.654
v -46.753 		75.929 		158.142
v 71.682 		60.92 		76.677
v -59 		64.522 		151.654
v -45.934 		77.588 		158.142
v -28.795 		64.734 		72.182
v -45.259 		75.066 		156.175
v 67.462 		60.223 		78.637
v -64 		64.34 		149.176
v -44.341 		76.928 		156.175
v -38.068 		74.858 		92.365
v -61.522 		63.847 		149.176
v 72.68 		61.056 		78.405
v -59 		63.681 		149.176
v -23.7836 		63.489 		67.5
v -30.4877 		62.6976 		63.2139
v -30.3916 		62.6255 		63.9405
v -23.7834 		63.4672 		67.3046
v -25.3963 		87.8992 		93.4621
v -30.3227 		62.5738 		64.4611
v -30.522 		62.16 		63.115
v -40.52 		71.2 		90.706
v -49 		73 		158.142
v -29 		88.271 		93.502
v 75.966 		52.879 		73.923
v -47.78 		71.78 		156.175
v -22 		85 		42.8653
v -30.5685 		62.7582 		62.6033
v -46.412 		73.341 		156.175
v -39.331 		69.797 		91.492
v 77.292 		52.85 		75.421
v -30.6162 		62.8757 		62.2189
v 78.489 		52.789 		74.128
v -56.412 		63.341 		146.611
v -53.868 		63.847 		146.611
v -22 		85 		40.8445
v -51.412 		64.68 		146.611
v -23.7882 		63.9945 		72.0266
v -23.789 		64.0873 		72.3194
v -23.7883 		64.0056 		72.0616
v -56.389 		63.171 		144
v -40.497 		69.787 		93.673
v 68.536 		53.241 		80.528
v -53.824 		63.681 		144
v -40.68 		80.588 		151.654
v -46.8455 		108.0721 		98.498
v 72.158 		53.056 		76.679
v -51.346 		64.522 		144
v 67.885 		53.24 		78.638
v -40.34 		78 		149.176
v -43.1839 		105.1204 		98.498
v -30.366 		88.259 		91.636
v -46.8416 		108.07 		98.498
v -29 		88.271 		91.502
v -39.847 		80.478 		149.176
v -56.412 		63.341 		141.389
v 73.165 		53.043 		78.406
v -47.892 		110.652 		98.498
v -53.868 		63.847 		141.389
v -43.1763 		105.113 		98.498
v -43.1796 		105.117 		98.498
v -51.412 		64.68 		141.389
v -31.679 		88.247 		92.035
v -31.127 		63.597 		58.263
v 78.594 		62.102 		70.473
v 76.532 		61.744 		72.728
v -31.0867 		64.0317 		58.435
v -30.7133 		63.1146 		61.4377
v -44 		74.34 		154
v -42.998 		76.372 		154
v -31.1676 		64.2305 		57.7841
v -45.173 		108.835 		98.498
v -32.717 		102.684 		89.833
v -42.714 		106.679 		98.498
v 81.023 		62.541 		66.467
v -31.313 		64.9109 		56.522
v -42.27 		78.517 		154
v -25.6676 		82.8726 		92.8925
v -25.6392 		83.2275 		93
v -64.132 		63.847 		146.611
v -41.828 		80.739 		154
v 80.169 		62.337 		71.683
v -25.6383 		83.2449 		93.0017
v -60.2096 		111.998 		98.498
v -60.2123 		111.9977 		98.498
v -41.215 		69.78 		96.04
v -55.5246 		111.578 		98.498
v -55.5277 		111.5783 		98.498
v -23.7852 		63.6428 		65.2255
v -61.588 		63.341 		146.611
v -23.795 		64.778 		62.817
v -42.998 		73.761 		151.654
v -51.0141 		110.252 		98.498
v 77.072 		52.822 		72.73
v -23.7867 		63.8226 		63.0969
v -23.7871 		63.8617 		62.6348
v 81.627 		52.571 		66.468
v 79.163 		52.715 		70.474
v -41.929 		75.929 		151.654
v -59 		63.171 		146.611
v -28.952 		82.78 		92.873
v -41.816 		71.189 		93.132
v -51.0106 		110.251 		98.498
v -41.152 		78.218 		151.654
v -23.7871 		63.8667 		62.5762
v -23.7884 		64.0133 		62.0648
v -23.7928 		64.5099 		60.334
v -28.956 		83.199 		93
v -23.799 		65.2193 		57.9326
v -64.176 		63.681 		144
v -31.106 		82.761 		93.301
v -23.7986 		65.1734 		58.0218
v -31.061 		83.18 		93.419
v -28.795 		64.734 		62.817
v -30.029 		83.189 		93.106
v -50.825 		112.098 		98.498
v -61.611 		63.171 		144
v 80.754 		52.673 		71.685
v -30.05 		82.77 		92.981
v -59 		63 		144
v -64.8886 		111.496 		98.498
v -56.5039 		113.6635 		98.498
v -64.132 		63.847 		141.389
v -53.922 		113.15 		98.498
v 68.352 		48.245 		80.595
v 67.701 		48.244 		78.705
v -41.152 		75.607 		149.176
v -33.112 		74.901 		88.296
v 71.974 		48.06 		76.746
v -61.588 		63.341 		141.389
v 77.108 		47.854 		75.488
v 75.782 		47.883 		73.99
v -64.8909 		111.4953 		98.498
v -59 		63.171 		141.389
v 78.306 		47.793 		74.195
v 72.981 		48.046 		78.474
v -65.2956 		113.454 		98.498
v -35.021 		74.885 		89.317
v -59.91 		113.9695 		98.498
v -60.2728 		113.9932 		98.498
v -32 		95 		-1
v -30.695 		94.914 		-1
v -29.412 		94.659 		-1
v -28.173 		94.239 		-1
v -27 		93.66 		-1
v -25.912 		92.934 		-1
v -24.929 		92.071 		-1
v -24.066 		91.088 		-1
v -32.621 		108.194 		81.173
v -23.34 		90 		-1
v -22.761 		88.827 		-1
v -22.341 		87.588 		-1
v -22.086 		86.305 		-1
v -22 		85 		-1
v -22.086 		83.695 		-1
v -22.341 		82.412 		-1
v -48.659 		112.12 		90.446
v -40.519 		66.551 		86.794
v -48.456 		69.259 		154
v -30.435 		83.189 		91.067
v -41.659 		82.412 		-1
v -41.914 		83.695 		-1
v -42 		85 		-1
v -41.914 		86.305 		-1
v -41.659 		87.588 		-1
v -41.239 		88.827 		-1
v -40.66 		90 		-1
v -39.934 		91.088 		-1
v -39.071 		92.071 		-1
v -38.088 		92.934 		-1
v -37 		93.66 		-1
v -35.827 		94.239 		-1
v -34.588 		94.659 		-1
v -33.305 		94.914 		-1
v -32 		75 		-1
v -22.761 		81.173 		-1
v -23.34 		80 		-1
v -24.066 		78.912 		-1
v -24.929 		77.929 		-1
v -25.912 		77.066 		-1
v -27 		76.34 		-1
v -28.173 		75.761 		-1
v -46.753 		70.753 		154
v -29.412 		75.341 		-1
v -30.695 		75.086 		-1
v -33.305 		75.086 		-1
v -56.478 		63.847 		138.824
v -34.588 		75.341 		-1
v -35.827 		75.761 		-1
v -37 		76.34 		-1
v -38.088 		77.066 		-1
v -39.071 		77.929 		-1
v -39.934 		78.912 		-1
v -40.66 		80 		-1
v -41.239 		81.173 		-1
v -38.774 		71.216 		88.58
v -30.415 		83.576 		91.182
v 44.391 		82.046 		0
v 44.476 		83.352 		0
v 44.731 		84.635 		0
v 44.731 		79.458 		0
v 44.476 		80.741 		0
v -45.259 		72.456 		154
v -45.497 		108.081 		91.741
v -54 		64.34 		138.824
v -46.503 		108.073 		95.055
v -51.607 		65.152 		138.824
v -36.648 		71.234 		86.834
v -47.752 		68.341 		151.654
v -56.588 		64.68 		136.346
v -45.934 		69.934 		151.654
v -44.485 		109.753 		92.166
v -31.857 		83.176 		91.498
v 63.051 		77.046 		0
v 62.324 		75.959 		0
v -28.959 		83.589 		91.039
v -28.956 		83.202 		90.921
v -54.218 		65.152 		136.346
v -44.341 		71.752 		151.654
v -37.762 		69.81 		89.579
v -45.427 		109.745 		95.272
v 46.457 		75.959 		0
v 45.73 		77.046 		0
v 81.443 		47.574 		66.536
v 76.888 		47.826 		72.797
v 80.57 		47.677 		71.752
v -35.849 		69.827 		88.01
v -33.669 		69.846 		86.844
v -41.7778 		106.544 		98.5
v -39.6415 		103.9871 		98.5
v -39.6398 		103.985 		98.5
v -39.6386 		103.9835 		98.5
v 78.979 		47.719 		70.541
v -38.5088 		102.633 		98.5
v -47.24 		67.674 		149.176
v -64 		64.34 		138.824
v -41.2056 		102.756 		98.498
v -42.911 		105.12 		95.764
v -61.522 		63.847 		138.824
v 58.218 		91.285 		0
v 59.391 		90.707 		0
v 60.478 		89.98 		0
v 61.462 		89.118 		0
v -45.34 		69.34 		149.176
v 62.324 		88.134 		0
v 63.051 		87.046 		0
v 63.63 		85.873 		0
v 64.05 		84.635 		0
v 64.305 		83.352 		0
v 64.391 		82.046 		0
v -31.815 		83.564 		91.607
v -59 		63.681 		138.824
v 49.391 		90.707 		0
v 50.564 		91.285 		0
v 51.803 		91.706 		0
v 53.085 		91.961 		0
v 54.391 		92.046 		0
v 55.696 		91.961 		0
v -40.1634 		101.5101 		98.498
v 56.979 		91.706 		0
v -40.1616 		101.508 		98.498
v -43.674 		71.24 		149.176
v 45.152 		85.873 		0
v 45.73 		87.046 		0
v 46.457 		88.134 		0
v 47.32 		89.118 		0
v 48.303 		89.98 		0
v -63.782 		65.152 		136.346
v 64.305 		80.741 		0
v 64.05 		79.458 		0
v 63.63 		78.22 		0
v -61.412 		64.68 		136.346
v 45.152 		78.22 		0
v -42.27 		73.341 		149.176
v -35.147 		66.598 		83.205
v -42.112 		105.127 		93.132
v -59 		64.522 		136.346
v 82.632 		62.856 		62.058
v -38.01 		66.573 		84.735
v -40.558 		104.22 		98.498
v -38.741 		101.501 		98.498
v -37.295 		98.568 		98.498
v -44.62 		110.307 		83.075
v -25.544 		92.558 		91.056
v -38.642 		68.231 		83.812
v -25.5334 		94.3166 		90.6344
v -25.5299 		92.9829 		91.039
v -39.652 		106.562 		91.492
v -66.393 		65.152 		149.176
v -44.095 		112.16 		83.616
v -52.928 		78.341 		162.478
v 84.005 		52.361 		57.414
v -40.818 		106.552 		93.673
v -46.713 		112.137 		86.806
v -52.372 		79.173 		162.478
v -35.587 		68.257 		82.179
v -66.588 		64.68 		146.611
v -51.929 		80.071 		162.478
v -34.222 		71.255 		85.538
v 83.262 		52.451 		62.06
v -25.637 		82.827 		93.13
v -51.607 		81.019 		162.478
v -25.713 		82.3038 		92.72
v -25.6727 		82.8082 		92.873
v -66.654 		64.522 		144
v -39.439 		103.987 		96.453
v 85.194 		52.387 		62.569
v -66.588 		64.68 		141.389
v -37.795 		102.639 		94.911
v 86 		52.289 		57.536
v -42.955 		109.767 		89.303
v -38.841 		103.992 		94.483
v -41.319 		68.207 		86.009
v -25.383 		87.9 		93.56
v -38.329 		102.635 		96.671
v -66.393 		65.152 		138.824
v -50.34 		78 		161.321
v 85.809 		52.228 		52.444
v -49.761 		79.173 		161.321
v 83.829 		52.305 		52.714
v -47.334 		110.283 		86.381
v -49.341 		80.412 		161.321
v -25.3753 		88.3022 		93.502
v -47.78 		91.609 		129.858
v -25.3502 		89.2968 		93.4036
v -40.927 		65.994 		80.361
v -43.864 		108.096 		88.686
v -49 		93 		129.858
v -37.155 		66.027 		78.345
v 85.816 		47.293 		57.603
v 83.078 		47.455 		62.127
v 83.821 		47.365 		57.481
v 83.645 		47.308 		52.781
v -54.654 		113.547 		93.443
v -57.154 		81.154 		163.829
v 85.01 		47.391 		62.636
v 85.626 		47.232 		52.512
v -56.929 		81.411 		163.829
v -33.063 		66.062 		77.104
v -45.34 		86.66 		129.858
v -56.739 		81.695 		163.829
v -49.857 		112.109 		94.395
v -39.321 		101.515 		94.275
v -45.934 		88.412 		129.858
v -39.95 		101.51 		96.347
v -46.753 		90.071 		129.858
v -55.019 		111.582 		93.367
v -47.24 		86.151 		128.133
v -54.517 		80.412 		163.319
v -47.752 		87.659 		128.133
v -54.218 		81.019 		163.319
v -48.456 		89.088 		128.133
v -34.339 		102.67 		90.7
v -50.591 		110.255 		94.246
v -23.956 		83.245 		90.921
v -23.9564 		83.282 		90.9323
v -23.956 		83.2433 		90.9287
v -23.955 		83.1263 		90.9179
v -54 		81.66 		163.319
v -24.4604 		83.5889 		91.0272
v -35.761 		102.657 		91.867
v -24.5543 		84.179 		91.0936
v -24.5231 		83.6272 		91.039
v -32.897 		64.216 		77.854
v -24.8598 		87.9147 		91.4632
v -24.7613 		87.8485 		91.4566
v -36.564 		104.012 		91.076
v -16.926 		100.647 		116.5
v -44.858 		83 		129.858
v -18.818 		106.221 		116.5
v -21.422 		111.5 		116.5
v -21.5906 		105.0729 		116.5
v -21.5904 		105.0724 		116.5
v -19.8247 		99.8703 		116.5
v -49.35 		110.266 		90.153
v -44.979 		84.846 		129.858
v -40.486 		64.149 		80.998
v -19.8246 		99.8697 		116.5
v -57.019 		78.218 		163.319
v -15.778 		83.126 		116.5
v -15.393 		89 		116.5
v -15.778 		94.874 		116.5
v -18.7528 		94.4816 		116.5
v -36.846 		64.181 		79.052
v -56.412 		78.517 		163.319
v -18.7528 		94.4811 		116.5
v -18.3928 		89 		116.5
v -64.203 		111.502 		91.54
v -18.3929 		88.9995 		116.5
v -59.614 		112.003 		92.454
v -18.7528 		83.5184 		116.5
v -55.849 		78.893 		163.319
v -46.825 		83 		128.133
v -18.7529 		83.5178 		116.5
v 82.093 		62.955 		48.136
v -19.8247 		78.1297 		116.5
v -25.4348 		88.3017 		91.502
v -46.929 		84.589 		128.133
v 82.74 		52.283 		48.137
v -19.8249 		78.1292 		116.5
v -55.34 		79.34 		163.319
v -40.287 		102.764 		93.879
v -38.866 		64.647 		74.185
v -40.816 		105.138 		90.706
v -54.893 		79.849 		163.319
v -16.926 		77.353 		116.5
v -49 		83 		126.679
v -64.603 		113.46 		91.464
v 84.63 		52.205 		47.485
v -39.171 		102.773 		91.791
v -49.086 		84.305 		126.679
v -59.633 		114.003 		92.454
v 82.505 		52.221 		42.853
v -37.87 		104.001 		92.667
v 82.321 		47.225 		42.92
v 84.446 		47.209 		47.553
v -53.178 		113.56 		88.579
v 82.556 		47.287 		48.204
v -23.956 		83.242 		93
v -40.654 		64.167 		69.86
v -24 		88.314 		93.502
v -36.928 		102.647 		93.289
v -50.391 		94.22 		129.858
v -52.912 		75.066 		161.321
v -51.929 		95.247 		129.858
v -50.782 		113.58 		84.096
v -51.929 		75.929 		161.321
v -33.93 		64.69 		72.688
v -53.588 		96.066 		129.858
v -51.066 		76.912 		161.321
v -51.089 		111.617 		83.879
v -55.34 		96.66 		129.858
v 81.853 		62.988 		42.851
v 80.779 		52.298 		43.86
v -57.154 		97.021 		129.858
v -23.9535 		82.9807 		92.9208
v -50.391 		74.391 		159.867
v -23.9959 		87.8464 		93.3712
v 80.149 		62.703 		43.858
v -23.9572 		83.3838 		92.9581
v -53.522 		111.595 		88.43
v -49.341 		75.588 		159.867
v -34.838 		64.218 		68.096
v -23.9561 		83.2527 		92.946
v -54.341 		94.248 		128.133
v -24.3731 		83.2384 		93
v -38.301 		101.524 		92.365
v -55.849 		94.76 		128.133
v -24.6391 		87.8713 		93.4587
v 78.895 		62.572 		38.721
v 66.131 		86.387 		75.532
v -57.019 		75.607 		162.478
v 76.238 		62.146 		38.94
v -24.045 		93.387 		93
v -56.071 		75.929 		162.478
v -57.851 		112.019 		86.638
v -62.173 		111.52 		84.846
v -24.0401 		92.8307 		92.8357
v 74.006 		61.819 		36.846
v -49.341 		90.412 		128.133
v -24.0408 		92.9167 		92.8265
v -55.173 		76.372 		162.478
v -50.391 		91.609 		128.133
v -36.927 		101.536 		90.691
v -51.588 		92.659 		128.133
v 68.174 		89.146 		67.996
v -54.341 		76.928 		162.478
v -24 		88.314 		93.3209
v 77.419 		62.319 		40.046
v -23.997 		87.9645 		93.3585
v -62.55 		113.478 		84.697
v -52.912 		93.544 		128.133
v -57.868 		114.019 		86.638
v 66.498 		87.148 		71.912
v -53.588 		77.588 		162.478
v -25.2817 		88.303 		93.502
v -24.7272 		87.9305 		93.4647
v 77.617 		62.385 		37.523
v -52.912 		90.934 		126.679
v 75.198 		62.03 		35.255
v -55.173 		73.761 		161.321
v -36.646 		66.031 		59.087
v -41.536 		106.546 		96.04
v -54 		74.34 		161.321
v -24.0444 		93.3267 		92.6977
v -24.0507 		94.0359 		92.475
v -54 		91.66 		126.679
v 75.718 		82.067 		68.147
v -40.974 		102.758 		96.145
v -47.816 		111.645 		79.891
v -55.173 		92.239 		126.679
v 67.716 		88.12 		73.165
v 70.045 		61.222 		34.38
v -56.412 		92.659 		126.679
v -37.476 		68.241 		55.018
v -43.828 		111.68 		76.618
v -28.913 		78.321 		91.52
v -30.275 		78.309 		91.654
v 69.532 		90.285 		68.922
v -38.211 		71.221 		51.452
v -37.73 		69.272 		53.784
v -38.083 		106.576 		89.579
v 79.519 		52.275 		38.723
v -59.341 		80.412 		163.829
v -36.17 		106.593 		88.01
v -59 		80.389 		163.829
v -58.659 		80.412 		163.829
v 78.022 		52.348 		40.048
v 76.83 		52.377 		38.942
v -58.324 		80.478 		163.829
v -57.019 		90.393 		125.522
v -38.474 		69.804 		50.065
v -40.896 		109.785 		86.794
v 70.636 		78.373 		76.114
v -58.001 		80.588 		163.829
v -37.953 		67.693 		52.592
v -57.695 		80.739 		163.829
v 71.635 		79.077 		74.842
v -57.411 		80.929 		163.829
v 69.474 		77.778 		74.599
v -37.677 		66.576 		53.928
v -47.557 		113.609 		80.167
v 74.574 		52.432 		36.848
v -43.628 		113.643 		76.942
v -33.989 		106.612 		86.844
v -32.299 		79.057 		90.344
v -59 		97.142 		129.858
v 78.227 		52.306 		37.524
v 75.783 		52.366 		35.256
v -60.846 		97.021 		129.858
v -31.585 		78.298 		92.051
v 66.273 		75.625 		77.291
v -57.411 		95.071 		128.133
v -49.031 		111.635 		68.831
v -59 		95.175 		128.133
v -46.433 		112.118 		72.725
v -61.261 		81.695 		163.829
v 67.169 		76.041 		79.031
v -61.071 		81.411 		163.829
v -60.589 		95.071 		128.133
v -60.846 		81.154 		163.829
v -60.589 		80.929 		163.829
v -35.525 		109.831 		83.205
v -60.305 		80.739 		163.829
v -59.999 		80.588 		163.829
v -59.676 		80.478 		163.829
v -46.45 		114.118 		72.725
v 70.571 		52.546 		34.382
v -28.92 		79.087 		89.672
v -35.935 		108.165 		82.179
v -30.643 		79.072 		89.842
v 73.522 		80.407 		72.438
v -62.66 		96.66 		129.858
v 74.165 		81.187 		67.246
v -64.412 		96.066 		129.858
v 70.396 		78.427 		73.425
v -38.387 		109.806 		84.735
v 80.596 		47.302 		43.927
v -51.131 		112.077 		76.58
v -39.14 		73.739 		46.893
v -62.151 		94.76 		128.133
v -38.824 		74.852 		48.524
v -63.659 		94.248 		128.133
v -38.99 		108.138 		83.812
v 78.043 		47.31 		37.592
v 79.335 		47.279 		38.79
v -59 		77.824 		163.319
v -54.986 		112.044 		81.278
v -58.324 		77.868 		163.319
v 72.138 		79.656 		71.206
v -55.003 		114.044 		81.278
v -51.148 		114.077 		76.58
v 77.838 		47.352 		40.115
v -57.66 		78 		163.319
v -34.973 		104.026 		89.77
v -57.695 		92.914 		126.679
v 70.387 		47.55 		34.449
v 65.979 		47.69 		32.81
v -33.157 		104.042 		88.799
v -59 		93 		126.679
v -35.757 		64.674 		63.503
v -60.305 		92.914 		126.679
v 76.646 		47.381 		39.009
v 69.223 		90.618 		63.654
v 74.39 		47.436 		36.915
v -63.259 		111.992 		75.75
v -58.001 		90.588 		125.522
v 75.599 		47.37 		35.324
v -59 		90.654 		125.522
v -33.75 		102.821 		87.342
v -35.838 		102.802 		88.458
v 70.669 		91.88 		64.218
v -59.218 		113.507 		78.46
v -60.981 		78.218 		163.319
v -59.999 		90.588 		125.522
v -62.606 		110.15 		76.175
v -60.34 		78 		163.319
v -60.981 		90.393 		125.522
v 69.607 		91.509 		59.049
v -59.676 		77.868 		163.319
v 71.084 		92.845 		59.23
v -36.779 		64.182 		58.337
v -26.1505 		77.2644 		90.9423
v -39.07 		105.153 		88.58
v -26.2677 		76.2116 		90.3802
v -37.668 		102.786 		89.961
v -58.875 		111.549 		78.676
v 76.019 		82.991 		58.246
v -41.457 		69.778 		98.502
v -65.088 		93.544 		128.133
v -64 		81.66 		163.319
v -41.6535 		70.2605 		98.502
v -63.782 		81.019 		163.319
v -61.588 		92.659 		126.679
v -36.944 		105.172 		86.834
v -54.438 		111.587 		73.269
v -62.827 		92.239 		126.679
v -63.483 		80.412 		163.319
v 75.475 		82.313 		62.871
v 66.163 		52.686 		32.743
v 65.687 		60.55 		32.742
v -38.258 		73.745 		98.502
v -39.3674 		72.8667 		98.502
v -41.6531 		70.261 		98.502
v -64 		91.66 		126.679
v -54.731 		113.546 		72.993
v -65.088 		90.934 		126.679
v 77.727 		84.021 		58.398
v 77.138 		83.287 		63.408
v -39.367 		72.8673 		98.502
v 66.67 		52.642 		30.809
v 71.447 		52.49 		32.584
v -49.264 		113.594 		68.506
v 70.908 		61.382 		32.583
v -26.017 		77.941 		91.731
v -26.0299 		78.3464 		91.52
v 66.185 		60.655 		30.808
v -35.253 		101.55 		89.317
v -25.8898 		80.0965 		92.0506
v -26.0591 		78.084 		91.3799
v -57.609 		110.194 		70.086
v -33.343 		101.567 		88.297
v -63.107 		79.849 		163.319
v 69.713 		92.761 		49.179
v -49.761 		86.827 		126.679
v 70.761 		93.142 		54.153
v -60.524 		107.95 		67.151
v -62.66 		79.34 		163.319
v -50.34 		88 		126.679
v 77.462 		84.24 		53.314
v -62.151 		78.893 		163.319
v 68.341 		91.431 		49.772
v -51.066 		89.088 		126.679
v 66.486 		47.645 		30.876
v 71.263 		47.493 		32.651
v 69.309 		91.783 		54.363
v -58.167 		112.037 		69.544
v -34.518 		105.193 		85.538
v -61.588 		78.517 		163.319
v -51.929 		90.071 		126.679
v 75.775 		83.193 		53.553
v 61.462 		74.975 		0
v 60.478 		74.113 		0
v 59.391 		73.386 		0
v 58.218 		72.808 		0
v 56.979 		72.387 		0
v 55.696 		72.132 		0
v 54.391 		72.046 		0
v 53.085 		72.132 		0
v 51.803 		72.387 		0
v 50.564 		72.808 		0
v 49.391 		73.386 		0
v -52.372 		86.827 		125.522
v 48.303 		74.113 		0
v 47.32 		74.975 		0
v -65.072 		78.341 		162.478
v -52.928 		87.659 		125.522
v -41.667 		108.115 		86.009
v -61.324 		109.606 		66.366
v 58.307 		48.633 		81.963
v 63.215 		59.506 		81.709
v 58.184 		58.704 		81.895
v -45.7714 		68.7651 		98.498
v -42.8878 		71.1765 		98.498
v -42.8836 		71.18 		98.498
v -45.173 		69.165 		98.498
v -23.9209 		79.2333 		89.7607
v -23.92 		79.131 		89.672
v -23.9198 		79.1095 		89.7239
v -23.8868 		75.2927 		87.8283
v -23.9155 		78.6012 		89.5728
v -53.588 		88.412 		125.522
v 62.943 		59.489 		79.728
v -60.981 		75.607 		162.478
v -42.714 		71.321 		98.498
v -54.341 		89.072 		125.522
v 58.3 		58.749 		79.899
v -59.999 		75.412 		162.478
v -47.4786 		67.6242 		98.498
v -55.173 		89.628 		125.522
v -48.8617 		66.8699 		98.498
v -37.542 		110.369 		78.345
v -59 		75.346 		162.478
v -56.071 		90.071 		125.522
v -58.001 		75.412 		162.478
v -47.892 		67.348 		98.498
v -40.905 		112.188 		80.998
v -37.265 		112.219 		79.052
v -45.05 		66.512 		95.272
v -32.2234 		90.112 		44
v -32.0372 		90.3016 		44
v -46.154 		68.165 		95.055
v -33.317 		112.254 		77.854
v -42.615 		71.182 		95.764
v -32.2545 		82.1251 		44.7231
v -21.422 		66.5 		116.5
v -32.2563 		82.8032 		44.5172
v -21.5906 		72.9271 		116.5
v -21.5909 		72.9266 		116.5
v -24.0205 		68.0004 		116.5
v -32.1887 		86.3759 		44
v -54.893 		86.151 		124.681
v -24.0208 		68 		116.5
v -64.412 		77.588 		162.478
v -18.818 		71.779 		116.5
v -32.253 		82.808 		44.54
v -27.0722 		63.4317 		116.5
v -27.0726 		63.4313 		116.5
v -32.0369 		90.3019 		44
v -63.659 		76.928 		162.478
v -55.34 		86.66 		124.681
v 52.172 		61.915 		81.196
v 76.355 		83.936 		48.347
v -32.2566 		82.9121 		44.4841
v -62.827 		76.372 		162.478
v -32.1886 		86.3757 		44
v -55.849 		87.107 		124.681
v -32.2232 		84.9801 		44.1423
v 66.741 		90.466 		45.454
v -32.2583 		83.5612 		44.287
v -61.929 		75.929 		162.478
v -32.143 		87.482 		44.021
v -56.412 		87.483 		124.681
v -32.155 		87.2441 		44
v -48.963 		65.923 		90.153
v 72.992 		82.161 		44.671
v -32.1459 		87.4818 		44
v 74.753 		82.913 		48.969
v -31.9676 		91.6446 		44.1242
v -32.0365 		90.3023 		44
v -31.9709 		91.5797 		44.1182
v -65.088 		75.066 		161.321
v -57.019 		87.782 		124.681
v -45.148 		68.174 		91.741
v -31.8078 		94.1246 		44.5952
v 53.213 		57.923 		81.088
v -31.8838 		93.1575 		44.3106
v -31.908 		92.165 		44.414
v -64 		74.34 		161.321
v -31.9386 		92.2106 		44.1765
v 67.979 		91.714 		44.502
v -31.902 		92.9273 		44.2428
v -62.827 		73.761 		161.321
v -33.449 		110.405 		77.104
v 53.711 		58.028 		79.154
v -39.277 		111.72 		74.185
v -32.0439 		90.112 		44
v 74.448 		83.121 		43.692
v -49.341 		85.588 		126.679
v -26.3546 		93.1043 		44
v -26.1697 		93.1059 		44
v 52.633 		62.165 		79.266
v -23.9589 		83.5077 		44
v -51.412 		82.001 		125.522
v -24.0981 		83.5064 		44
v -28.9088 		83.4651 		44
v -56.412 		73.341 		161.321
v -28.9576 		83.4294 		44.0107
v -51.346 		83 		125.522
v -29.6975 		83.2617 		44.1326
v -55.849 		71.24 		159.867
v -31.5815 		82.8348 		44.4429
v -31.7804 		82.7897 		44.4757
v -31.7722 		82.7531 		44.486
v -30.1888 		90.112 		44
v -29.0195 		91.8244 		44
v -51.412 		83.999 		125.522
v -54.341 		71.752 		159.867
v -31.9888 		87.476 		44
v 49.353 		57.357 		77.517
v -44.108 		66.52 		92.166
v -51.607 		84.981 		125.522
v -52.912 		72.456 		159.867
v -39.145 		113.682 		74.546
v 65.627 		90.045 		40.3
v -31.6883 		82.3768 		44.5924
v -51.929 		85.929 		125.522
v -51.588 		73.341 		159.867
v 75.62 		70.825 		74.368
v 58.491 		53.63 		81.896
v 63.581 		53.44 		81.71
v -28.8667 		92.0475 		44
v -26.3546 		93.1043 		44
v -41.314 		110.336 		80.361
v 74.506 		70.362 		75.653
v -42.578 		66.533 		89.303
v -32.4706 		76.7278 		44.6672
v 63.311 		53.423 		79.729
v -32.5131 		77.9814 		44
v -32.4993 		77.5756 		44.216
v -32.4931 		77.3911 		44.3142
v -32.512 		77.54 		44.133
v 58.612 		53.598 		79.9
v -46.947 		65.941 		86.381
v -32.2462 		79.0578 		45.6547
v -32.2358 		78.7502 		45.8185
v -32.513 		77.9814 		44
v -32.5137 		77.9626 		44
v -43.515 		68.188 		88.686
v -32.5134 		77.9625 		44
v 66.325 		67.141 		80.713
v -53.588 		69.934 		158.142
v 73.249 		69.962 		74.15
v -44.233 		65.965 		83.075
v -54 		84.34 		124.681
v -32.512 		77.9618 		44
v -23.933 		80.6099 		44
v -23.9344 		80.7711 		44
v -23.92 		79.131 		45.327
v -54.218 		84.981 		124.681
v -51.929 		70.753 		158.142
v 49.561 		53.899 		77.517
v 65.698 		66.989 		78.82
v -50.391 		71.78 		158.142
v -54.517 		85.588 		124.681
v 53.97 		53.759 		79.154
v -28.92 		79.087 		45.327
v -56.588 		83.999 		124.171
v 69.695 		68.541 		76.884
v -50.204 		65.913 		94.246
v -34.34 		111.763 		72.688
v -23.9175 		78.8151 		44.5642
v -23.933 		80.6096 		44
v -56.739 		84.305 		124.171
v -35.257 		112.216 		68.096
v -49.341 		70.412 		156.175
v -30.9489 		79.0692 		45.5269
v -23.2074 		80.2687 		44
v -23.773 		80.5344 		44
v -56.929 		84.589 		124.171
v -23.9327 		80.6095 		44
v 53.462 		53.804 		81.089
v -23.8978 		76.5911 		45.595
v -23.9103 		77.9985 		44.8209
v 70.655 		68.822 		78.616
v -57.154 		84.846 		124.171
v -57.154 		68.979 		158.142
v -55.34 		69.34 		158.142
v -31.535 		77.5022 		44
v -27.1694 		76.2564 		44
v -56.929 		67.269 		156.175
v 71.813 		81.827 		39.526
v -31.5408 		77.505 		44
v 63.397 		48.444 		81.777
v -62.219 		65.808 		76.175
v 70.685 		81.23 		38.31
v 49.377 		48.903 		77.584
v -54.893 		67.674 		156.175
v -35.275 		114.216 		68.095
v -52.928 		68.341 		156.175
v 63.127 		48.427 		79.796
v 70.56 		80.966 		40.825
v -34.281 		113.724 		73.07
v 69.519 		80.415 		39.703
v -51.066 		69.259 		156.175
v -24.066 		91.088 		44
v -24.929 		92.071 		44
v -25.912 		92.934 		44
v -53.868 		82.324 		124.681
v 58.428 		48.602 		79.967
v -53.824 		83 		124.681
v 53.786 		48.763 		79.222
v -61.074 		69.068 		66.262
v -22 		85 		44
v -22.086 		86.305 		44
v -22.341 		87.588 		44
v -22.761 		88.827 		44
v -23.34 		90 		44
v -53.868 		83.676 		124.681
v -22.341 		82.412 		44
v -22.086 		83.695 		44
v -60.176 		68.043 		67.151
v -56.588 		82.001 		124.171
v -60.305 		73.086 		161.321
v -56.478 		82.324 		124.171
v -59 		73 		161.321
v 77.727 		71.701 		71.937
v -56.412 		82.659 		124.171
v -57.222 		65.851 		70.086
v 80.199 		72.791 		67.614
v 67.549 		79.373 		37.58
v -56.389 		83 		124.171
v -57.695 		73.086 		161.321
v 53.278 		48.808 		81.156
v -41.073 		112.165 		69.86
v 78.503 		72.204 		66.729
v -60.589 		70.929 		159.867
v -56.412 		83.341 		124.171
v 76.222 		71.199 		70.72
v -60.946 		66.373 		66.366
v -22.761 		81.173 		44
v 47.672 		60.335 		79.399
v -56.478 		83.676 		124.171
v -59 		70.825 		159.867
v 74.277 		70.39 		72.963
v -41.091 		114.165 		69.86
v -57.411 		70.929 		159.867
v 68.551 		80.1 		36.01
v -64.4799 		64.4237 		98.498
v -64.4776 		64.423 		98.498
v -32 		75 		44
v -30.695 		75.086 		44
v -29.412 		75.341 		44
v -28.173 		75.761 		44
v -33.305 		75.086 		44
v -40.66 		80 		44
v -39.934 		78.912 		44
v -39.071 		77.929 		44
v -38.088 		77.066 		44
v -37 		76.34 		44
v -35.827 		75.761 		44
v -34.588 		75.341 		44
v -60.0375 		64.0222 		98.498
v -63.656 		64.212 		98.498
v -41.239 		81.173 		44
v 43.504 		61.894 		75.263
v -60.393 		63.999 		98.498
v 52.567 		102.796 		65.824
v -24.041 		92.996 		43.961
v -24.0415 		93.049 		43.6952
v -61.588 		73.341 		161.321
v -58.324 		88.132 		124.681
v -24.0237 		91.0247 		43.7669
v 82.537 		74.059 		57.825
v -24.0237 		91.0247 		43.3634
v -24.0237 		91.0247 		43.3634
v -24.0237 		91.0247 		43.2649
v -24.0256 		91.2355 		43.2842
v -24.0306 		91.8088 		43.337
v 52.211 		100.816 		70.076
v -24.0311 		91.8607 		43.3417
v -56.3015 		64.3768 		98.498
v -65.088 		72.456 		159.867
v -58.8952 		64.0968 		98.498
v -59 		88.176 		124.681
v -24.066 		91.088 		43.7732
v -63.659 		71.752 		159.867
v -23.773 		90.6489 		43.1976
v -23.4147 		90.112 		43.1015
v -59.676 		88.132 		124.681
v 82.316 		74.191 		52.736
v -57.13 		64.212 		98.498
v -24.0235 		91.0243 		43.2649
v -62.151 		71.24 		159.867
v -52.8989 		65.1975 		98.498
v 42.501 		61.165 		76.833
v -54.1646 		64.8018 		98.498
v -36.0705 		98.1639 		98.5
v 52.246 		99.431 		75.181
v -36.0678 		98.159 		98.5
v 53.049 		102.337 		71.07
v -23.4147 		90.112 		41.086
v -24.066 		91.088 		41.261
v -37.9047 		97.3657 		98.498
v -37.9086 		97.378 		98.498
v 81.822 		73.587 		62.85
v -37.9128 		97.3857 		98.498
v -53.922 		64.85 		98.498
v -64.412 		69.934 		158.142
v 80.662 		73.376 		57.693
v 53.433 		104.481 		66.464
v -43.676 		64.122 		83.616
v -46.294 		64.099 		86.806
v 48.478 		60.707 		77.608
v -57.66 		88 		124.681
v -36.243 		95.471 		98.498
v -60.34 		88 		124.681
v 80.002 		72.939 		62.332
v -48.24 		64.082 		90.446
v -24.929 		92.071 		43.8707
v -35.537 		98.164 		95.83
v -60.981 		87.782 		124.681
v -34.892 		98.17 		94.623
v 43.576 		58.942 		76.705
v -24.929 		92.071 		41.4647
v 42.38 		98.91 		77.075
v 42.661 		101.206 		75.047
v 44.698 		59.42 		75.121
v -35.934 		98.16 		97.14
v -25.912 		92.934 		43.9565
v -24.9721 		92.1088 		43.8744
v -62.66 		69.34 		158.142
v 42.872 		100.105 		78.59
v -25.1528 		92.2675 		41.5122
v -25.1537 		92.2683 		41.5124
v -60.846 		68.979 		158.142
v 42.71 		98.79 		79.752
v 80.458 		73.497 		52.996
v -25.912 		92.934 		41.8042
v -59 		68.858 		158.142
v 43.177 		102.593 		76.392
v -25.9793 		92.9789 		43.961
v -25.9794 		92.9789 		43.961
v -37.237 		97.384 		95.123
v 79.133 		73.422 		43.134
v -26.5577 		93.3649 		41.999
v -26.4485 		93.3658 		41.999
v -26.5056 		93.3301 		41.9955
v -27 		93.66 		42.0897
v -65.072 		68.341 		156.175
v -63.107 		67.674 		156.175
v -54.608 		64.509 		93.367
v -61.071 		67.269 		156.175
v -37.739 		97.38 		96.78
v 79.396 		73.298 		48.416
v -61.929 		90.071 		125.522
v 33.258 		107.109 		73.73
v -62.827 		89.628 		125.522
v -59 		67.133 		156.175
v -49.438 		64.071 		94.395
v -28.173 		94.239 		42.2686
v -63.659 		89.072 		125.522
v 33.605 		100.126 		78.263
v 33.428 		102.486 		76.296
v 77.52 		72.786 		44.132
v -64.412 		88.412 		125.522
v -29.0545 		94.5378 		42.3616
v -29.412 		94.659 		42.4344
v 33.698 		98.877 		79.303
v 81.166 		73.976 		47.775
v -63.792 		64.429 		91.54
v 44.2 		56.549 		76.64
v 44.349 		54.08 		76.64
v -36.421 		97.391 		93.597
v -30.695 		94.914 		42.6413
v -59.196 		64.005 		92.454
v 33.964 		100.002 		80.936
v -32 		95 		42.7993
v -56.739 		65.828 		154
v 33.672 		103.91 		77.678
v -33.985 		97.412 		91.161
v 45.558 		54.014 		75.049
v -54.517 		66.27 		154
v -65.072 		87.659 		125.522
v 33.863 		101.354 		79.809
v -35.323 		97.401 		92.259
v -32.6773 		94.9554 		42.8542
v -32.768 		94.9494 		42.8616
v -61.588 		87.483 		124.681
v -32.532 		94.9649 		42.8424
v -53.111 		64.522 		88.43
v -52.372 		66.998 		154
v -32.0189 		94.9988 		42.8008
v -32.0185 		94.9988 		42.8008
v -62.151 		87.107 		124.681
v -32.0184 		94.9988 		42.8008
v -32.0174 		94.9989 		42.8007
v 45.392 		56.76 		75.048
v -50.34 		68 		154
v -62.66 		86.66 		124.681
v -32.966 		98.186 		92.697
v 48.49 		57.195 		79.314
v -63.107 		86.151 		124.681
v 48.686 		53.956 		79.315
v -50.678 		64.543 		83.879
v -34.023 		98.177 		93.566
v -51.929 		65.929 		151.654
v -49.761 		66.998 		151.654
v 42.801 		106.202 		67.128
v 33.046 		105.438 		72.652
v -57.432 		64.021 		86.638
v -61.763 		64.447 		84.846
v 76.294 		72.55 		38.992
v -22.341 		82.412 		43.1948
v -22.5078 		81.92 		43.3749
v -22.5078 		81.92 		41.2681
v -22.4761 		82.0134 		41.234
v 42.853 		104.079 		71.325
v -49.341 		66.27 		149.176
v 73.77 		71.614 		39.197
v -22.341 		82.412 		41.172
v 41.433 		58.354 		71.905
v -57.411 		85.071 		124.171
v -22.086 		83.695 		43.018
v -22.1823 		83.2105 		43.0837
v -57.695 		85.261 		124.171
v -22.3384 		82.4248 		43.1904
v -22.2479 		82.8802 		41.1084
v -22.086 		83.695 		40.9976
v -58.001 		85.412 		124.171
v 74.899 		71.982 		40.309
v 36.772 		62.127 		73.631
v -58.324 		85.522 		124.171
v -63.483 		66.27 		154
v -58.659 		85.588 		124.171
v -61.261 		65.828 		154
v -22.086 		86.305 		42.7368
v -59 		65.679 		154
v -22.086 		86.305 		40.7156
v -43.417 		64.607 		76.618
v -59 		85.611 		124.171
v 75.07 		72.15 		37.788
v 43.385 		105.706 		72.36
v -59.341 		85.588 		124.171
v 39.195 		62.026 		72.18
v 43.328 		108.005 		67.813
v -22.341 		87.588 		42.7304
v -22.2439 		87.0996 		42.6733
v -47.405 		64.572 		79.891
v -22.2386 		87.0728 		40.654
v -22.2394 		87.077 		40.6545
v -22.341 		87.588 		40.7144
v -48.62 		64.561 		68.831
v -22.761 		88.827 		42.8984
v -22.761 		88.827 		40.8826
v 53.765 		83.828 		82.286
v -37.033 		110.373 		59.087
v -23.34 		90 		43.0814
v -46.014 		64.12 		72.725
v -23.34 		90 		41.0659
v -40.68 		90.588 		146.611
v 71.633 		70.915 		37.094
v -40.522 		90.654 		144
v 57.813 		90.469 		76.083
v 67.853 		69.629 		34.608
v -36.167 		111.747 		63.503
v 58.402 		91.479 		74.952
v -59.676 		85.522 		124.171
v -40.68 		90.588 		141.389
v 38.137 		60.906 		73.455
v -33.305 		94.914 		42.9052
v 39.24 		59.441 		73.317
v -59.999 		85.412 		124.171
v 40.039 		57.786 		73.222
v -54.567 		64.046 		81.278
v 59.322 		92.476 		76.409
v 58.682 		91.382 		77.635
v 72.756 		71.394 		35.509
v 68.661 		70.001 		32.817
v -60.305 		85.261 		124.171
v -36.26 		113.707 		63.12
v -50.712 		64.079 		76.58
v -34.588 		94.659 		42.9579
v 60.532 		94.544 		74.091
v -41.828 		92.914 		146.611
v -37.198 		112.22 		58.337
v -60.589 		85.071 		124.171
v -43.269 		95.071 		146.611
v -60.846 		84.846 		124.171
v -40.067 		93.247 		43.085
v -44.979 		97.021 		146.611
v 40.492 		60.301 		72.017
v -35.827 		94.239 		42.9562
v -62.84 		63.954 		75.75
v -61.071 		84.589 		124.171
v -61.261 		84.305 		124.171
v -58.465 		64.476 		78.676
v -41.679 		93 		144
v -61.412 		83.999 		124.171
v -37 		93.66 		42.8997
v -43.133 		95.175 		144
v -37.5866 		93.2686 		42.8406
v -38.088 		92.934 		42.8578
v -37.824 		108.148 		55.018
v 51.057 		95.88 		78.638
v 49.526 		91.816 		81.305
v -44.858 		97.142 		144
v -39.071 		92.071 		42.8712
v -38.867 		102.776 		49.536
v -57.747 		63.999 		69.544
v -39.934 		91.088 		42.861
v 50.753 		95.99 		75.957
v -54.027 		64.514 		73.269
v -41.828 		92.914 		141.389
v -40.0925 		90.8505 		42.8535
v -40.0897 		90.8547 		42.8537
v -40.5853 		90.112 		42.9297
v -43.269 		95.071 		141.389
v -44.979 		97.021 		141.389
v 35.739 		61.634 		68.467
v -38.507 		105.158 		51.452
v -40.66 		90 		42.9413
v 34.257 		62.508 		68.662
v -41.239 		88.827 		43.0004
v -38.795 		106.57 		50.065
v -46.141 		108.076 		57.541
v -42.861 		111.688 		65.533
v -44.572 		110.308 		61.374
v -38.054 		109.809 		53.928
v -41.4644 		88.1622 		43.0026
v -41.659 		87.588 		43.1219
v -41.4637 		88.1642 		43.0026
v 38.813 		57.55 		68.082
v -39.171 		83 		146.611
v 51.471 		98.134 		73.87
v -39.341 		85.588 		146.611
v -41.914 		86.305 		43.3342
v 38.061 		59.107 		68.171
v 83.358 		63.033 		57.412
v -39.847 		88.132 		146.611
v 50.374 		94.856 		77.061
v -42 		85 		43.4976
v -39 		83 		144
v -44.881 		112.153 		60.667
v -39.171 		85.611 		144
v -43.027 		113.648 		65.173
v -41.9342 		84.002 		43.5828
v 51.468 		97.108 		77.442
v -39.681 		88.176 		144
v -41.914 		83.695 		43.609
v 84.542 		63.153 		62.567
v 85.33 		63.346 		57.534
v -41.7934 		83.0881 		43.6364
v -46.58 		109.735 		56.514
v 62.355 		82.437 		79.634
v -41.659 		82.412 		43.811
v 37.024 		60.486 		68.301
v 65.036 		85.549 		74.096
v 64.263 		84.703 		75.252
v -41.4922 		81.92 		43.9174
v -39.057 		101.517 		48.523
v 83.177 		63.067 		52.712
v 33.598 		60.836 		69.539
v -39.171 		83 		141.389
v 34.769 		60.144 		69.385
v -39.341 		85.588 		141.389
v 85.134 		63.382 		52.443
v -39.392 		102.625 		46.892
v -39.186 		103.989 		47.989
v -39.847 		88.132 		141.389
v -27 		76.34 		43.9272
v 36.605 		58.146 		69.151
v -48.233 		102.694 		52.377
v 35.785 		59.236 		69.254
v -25.912 		77.066 		43.3554
v -39.822 		98.126 		44.536
v 65.293 		85.471 		76.783
v -39.454 		97.365 		46.348
v -47.506 		105.08 		54.182
v -25.6731 		77.2757 		43.2021
v -25.6707 		77.2779 		43.201
v 83.96 		63.261 		47.484
v -24.929 		77.929 		42.8857
v -41.152 		90.393 		138.824
v -48.617 		101.434 		51.423
v -42.27 		92.659 		138.824
v 53.274 		83.495 		80.377
v 55.703 		87.128 		78.637
v -24.066 		78.912 		42.4478
v -43.674 		94.76 		138.824
v -48.059 		106.489 		52.875
v -48.846 		103.905 		50.92
v -45.34 		96.66 		138.824
v -41.655 		107.738 		98.5
v -23.5537 		79.6797 		42.1298
v -23.34 		80 		41.9971
v 56.397 		87.764 		80.402
v -23.5588 		79.6721 		42.1329
v -39.369 		105.132 		98.5
v -37.443 		102.25 		98.5
v 60.761 		95.774 		68.952
v -22.761 		81.173 		43.6483
v 59.52 		93.387 		72.812
v -42.998 		92.239 		136.346
v -35.91 		99.141 		98.5
v -22.761 		81.173 		41.5414
v -44.341 		94.248 		136.346
v -34.796 		95.859 		98.5
v -22.581 		81.7041 		43.454
v -45.934 		96.066 		136.346
v 42.11 		54.097 		71.849
v -22.744 		81.2231 		41.5231
v 41.98 		56.259 		71.848
v -32.999 		124.701 		116.5
v -47.752 		97.659 		136.346
v -37.893 		127.971 		116.5
v -53.805 		108.009 		61.638
v -51.52 		110.247 		65.088
v -39.3934 		125.3725 		116.5
v -55.799 		105.007 		58.615
v -39.393 		125.3722 		116.5
v -34.8247 		122.3208 		116.5
v -34.8243 		122.3204 		116.5
v 59.041 		70.85 		82.183
v 61.877 		97.129 		69.909
v 40.614 		54.17 		73.174
v 40.503 		56.007 		73.173
v -59 		83 		124
v -51.961 		112.091 		64.451
v 40.43 		49.174 		73.241
v 51.646 		72.241 		82.673
v 33.864 		90.263 		82.968
v -44 		91.66 		134
v 54.694 		68.192 		82.291
v -56.597 		106.414 		57.439
v -45.259 		93.544 		134
v -54.437 		109.666 		60.714
v -46.753 		95.247 		134
v 34.123 		95.53 		83.376
v -48.456 		96.741 		134
v 34.144 		90.669 		84.906
v 42.005 		94.438 		82.31
v -45.259 		90.934 		131.825
v -46.412 		92.659 		131.825
v 39.354 		54.148 		68.037
v -64.428 		102.553 		63.2
v 45.415 		82.775 		81.923
v -47.78 		94.22 		131.825
v -65.148 		101.29 		62.469
v -63.068 		104.944 		64.581
v -24.227 		114.312 		67.5
v 45.686 		82.792 		83.905
v 39.249 		55.876 		68.037
v -24.223 		113.812 		72.572
v -64.08 		106.349 		63.581
v 63.254 		73.501 		81.078
v 47.712 		87.397 		83.082
v 41.087 		89.707 		83.967
v 62.659 		73.281 		79.182
v -29.223 		113.769 		72.572
v -39.681 		83 		138.824
v 58.771 		70.834 		80.202
v -29.227 		114.269 		67.5
v -39.847 		85.522 		138.824
v 40.733 		89.311 		82.039
v 37.201 		56.915 		69.081
v -40.34 		88 		138.824
v -24.223 		113.812 		62.427
v 33.755 		85.587 		83.491
v -29.223 		113.769 		62.427
v -56.863 		102.619 		56.991
v 37.628 		54.225 		69.045
v 34.025 		85.604 		85.472
v 37.546 		55.591 		69.045
v 39.992 		84.778 		84.665
v -28.573 		120.82 		116.5
v -30.695 		118.698 		116.5
v -40.522 		83 		136.346
v -30.6946 		118.6976 		116.5
v -27.0722 		114.5683 		116.5
v -27.0719 		114.5678 		116.5
v -40.68 		85.412 		136.346
v 50.379 		65.627 		81.41
v -24.692 		116.394 		116.5
v -49.262 		102.539 		49.886
v 39.721 		84.76 		82.684
v 50.775 		66.012 		79.487
v 54.758 		68.38 		80.302
v -24.0205 		109.9996 		116.5
v -24.0202 		109.9991 		116.5
v -41.152 		87.782 		136.346
v 37.444 		49.229 		69.112
v -57.75 		103.827 		55.68
v -58.36 		102.46 		54.749
v -41.929 		90.071 		136.346
v 51.664 		72.49 		80.689
v -57.426 		101.357 		56.132
v 42.232 		97.695 		78.149
v 48.502 		48.96 		79.382
v 33.845 		94.75 		81.555
v 48.96 		91.105 		79.523
v 45.374 		49.017 		75.116
v -41.679 		83 		134
v 41.927 		49.101 		71.916
v 41.58 		93.679 		80.509
v -41.828 		85.261 		134
v 39.17 		49.151 		68.104
v 41.309 		73.736 		82.579
v -42.27 		87.483 		134
v -42.998 		89.628 		134
v -43.133 		83 		131.825
v -43.269 		85.071 		131.825
v 44.165 		49.083 		76.708
v -43.674 		87.107 		131.825
v -44.341 		89.072 		131.825
v -29.189 		109.887 		81.945
v 44.842 		71.652 		82.115
v -32.419 		109.859 		82.263
v -29.161 		106.654 		85.884
v 47.286 		87.027 		81.164
v -31.623 		106.632 		86.126
v 35.422 		59.519 		63.984
v 34.336 		60.49 		64.124
v 50.887 		79.724 		83.221
v 55.397 		75.692 		82.64
v -50.34 		98 		134
v 34.457 		60.588 		64.497
v 35.559 		59.602 		64.355
v 41.375 		74.416 		80.699
v -58.622 		97.197 		54.288
v -49.341 		95.588 		131.825
v -51.066 		96.741 		131.825
v -61.412 		82.001 		124.171
v -59.341 		92.688 		53.153
v -52.928 		97.659 		131.825
v -49.429 		97.278 		49.374
v 33.185 		61.339 		64.665
v 33.084 		61.228 		64.289
v -29.126 		102.715 		89.119
v -30.957 		102.699 		89.299
v -60.434 		93.069 		51.522
v -59.655 		97.953 		52.752
v 59.013 		79.135 		81.61
v 50.617 		79.707 		81.239
v 47.904 		68.914 		81.72
v 41.907 		67.994 		80.121
v -31.187 		104.059 		88.201
v -65.072 		97.659 		131.825
v 44.316 		65.84 		79.811
v 36.451 		58.419 		64.244
v 61.548 		81.901 		77.883
v 36.299 		58.353 		63.874
v -60.668 		87.994 		51.107
v -59.556 		88.004 		52.77
v -59.259 		83.325 		53.153
v 58.464 		78.854 		79.708
v -63.483 		85.588 		124.681
v -47.24 		98.326 		149.176
v 34.862 		57.4 		64.895
v -29.138 		104.077 		88
v -40.68 		75.412 		146.611
v -63.782 		84.981 		124.681
v -39.847 		77.868 		146.611
v -64 		84.34 		124.681
v -60.346 		82.926 		51.522
v 55.127 		75.676 		80.658
v -29.128 		102.861 		86.423
v -31.484 		102.84 		86.655
v 44.897 		66.581 		78.047
v -39.341 		80.412 		146.611
v -54.893 		98.326 		156.175
v -56.929 		98.731 		156.175
v 45.036 		72.257 		80.218
v -40.522 		75.346 		144
v 48.21 		69.419 		79.809
v -50.047 		88.087 		47.687
v -59 		98.867 		156.175
v 43.523 		78.18 		83.731
v -39.681 		77.824 		144
v -49.912 		92.77 		48.113
v 33.38 		59.012 		65.084
v 47.874 		75.614 		83.159
v -61.071 		98.731 		156.175
v 42.327 		68.879 		78.378
v -39.171 		80.389 		144
v -29.117 		101.604 		87.456
v -31.271 		101.585 		87.668
v -63.107 		98.326 		156.175
v -64.132 		82.324 		124.681
v 34.199 		58.279 		64.978
v 34.05 		58.189 		64.576
v -64.176 		83 		124.681
v -50.577 		83.011 		46.301
v 33.251 		58.906 		64.679
v -64.132 		83.676 		124.681
v -40.68 		75.412 		141.389
v -49.831 		83.408 		48.113
v -39.847 		77.868 		141.389
v -61.611 		83 		124.171
v -61.588 		82.659 		124.171
v 37.443 		75.084 		83.095
v 33.392 		75.645 		83.643
v -50.667 		93.155 		46.3
v -39.341 		80.412 		141.389
v 32.901 		71.134 		81.324
v -50.813 		88.08 		45.839
v 36.088 		70.692 		80.893
v -61.522 		82.324 		124.171
v -52.372 		99.002 		154
v 39.129 		69.632 		80.487
v -50.143 		98.036 		47.667
v -25.6818 		101.596 		87.4764
v -25.6728 		101.3304 		87.6184
v -54.517 		99.73 		154
v -29.148 		105.24 		84.47
v 33.52 		80.905 		83.094
v -31.886 		105.216 		84.739
v -56.739 		100.172 		154
v -61.522 		83.676 		124.171
v -49.761 		99.002 		151.654
v -43.269 		70.929 		146.611
v -61.588 		83.341 		124.171
v 33.771 		80.532 		85.042
v 38.762 		79.841 		84.367
v -51.929 		100.071 		151.654
v -41.828 		73.086 		146.611
v -25.9336 		105.053 		84.6468
v -25.898 		104.5675 		85.0455
v -54.218 		100.848 		151.654
v -25.98 		104.781 		84.383
v -56.588 		101.32 		151.654
v -43.133 		70.825 		144
v 39.362 		70.627 		78.768
v -41.679 		73 		144
v -45.792 		68.168 		57.541
v 33.001 		57.807 		59.604
v -45.34 		79.34 		129.858
v -44.979 		81.154 		129.858
v 36.118 		71.759 		79.201
v -44.185 		65.965 		61.374
v 38.586 		80.203 		82.409
v -26.0966 		106.4239 		83.0603
v -49.086 		65.828 		146.611
v -48.383 		74.769 		51.424
v -47.752 		78.341 		128.133
v -49.341 		99.73 		149.176
v -46.929 		67.269 		146.611
v -25.9494 		105.2682 		84.47
v 34.453 		59.166 		59.394
v -47.24 		79.849 		128.133
v 34.748 		66.835 		77.843
v -51.607 		100.848 		149.176
v -46.929 		81.411 		128.133
v -44.979 		68.979 		146.611
v -54 		101.66 		149.176
v 35.275 		58.072 		59.291
v -49 		65.679 		144
v 43.419 		78.518 		81.763
v -56.478 		102.153 		149.176
v -46.825 		67.133 		144
v -46.282 		69.197 		56.379
v -49.086 		81.695 		126.679
v 39.812 		65.911 		75.733
v 33.434 		60.076 		59.525
v -44.858 		68.858 		144
v -25.71 		101.173 		87.39
v -47.209 		71.142 		54.182
v 47.836 		75.913 		81.183
v -47.78 		74.391 		129.858
v 37.065 		66.027 		77.534
v 37.304 		55.623 		63.76
v -25.6518 		100.7148 		87.9474
v -46.734 		67.616 		55.255
v -46.753 		75.929 		129.858
v -46.203 		66.502 		56.514
v 37.392 		54.162 		63.761
v -25.6398 		100.3615 		88.1362
v 33.17 		76.395 		81.802
v -59 		100.321 		154
v 37.458 		67.299 		76.042
v -45.934 		77.588 		129.858
v 37.561 		54.161 		64.128
v -25.7749 		102.8905 		86.423
v -61.261 		100.172 		154
v -49.086 		65.828 		141.389
v 37.471 		55.645 		64.128
v -25.7567 		102.6416 		86.6277
v -25.6831 		101.6342 		87.456
v -46.929 		67.269 		141.389
v -25.803 		102.421 		86.35
v -48.456 		76.912 		128.133
v -44.979 		68.979 		141.389
v -63.483 		99.73 		154
v -43.269 		70.929 		141.389
v -47.738 		69.723 		52.875
v 34.881 		68.198 		76.386
v -49.01 		73.652 		49.887
v 37.368 		75.813 		81.234
v -41.828 		73.086 		141.389
v -59 		101.478 		151.654
v -49 		73 		129.858
v 37.097 		57.082 		64.167
v -61.412 		101.32 		151.654
v -63.782 		100.848 		151.654
v -50.34 		78 		126.679
v 52.522 		104 		61.275
v -49.761 		79.173 		126.679
v -49.341 		80.412 		126.679
v 61.673 		98.603 		60.072
v -40.34 		78 		138.824
v -52.928 		78.341 		125.522
v -39.847 		80.478 		138.824
v -64.914 		74.625 		62.47
v -52.372 		79.173 		125.522
v -24.126 		102.759 		89.119
v -24.1153 		101.5045 		89.2511
v -24.1217 		102.2469 		88.843
v 36.935 		57.038 		63.799
v -40.68 		80.588 		136.346
v -59 		102.319 		149.176
v -24.138 		104.121 		88
v -51.929 		80.071 		125.522
v -61.522 		102.153 		149.176
v -51.607 		81.019 		125.522
v -51.133 		65.905 		65.088
v -64 		101.66 		149.176
v 35.166 		56.36 		64.439
v 35.341 		56.408 		64.838
v 62.665 		99.037 		65.25
v -41.152 		75.607 		138.824
v 63.7 		68.17 		32.949
v -42.998 		73.761 		136.346
v 53.384 		105.785 		61.536
v 35.619 		55.341 		64.809
v 62.865 		100.194 		60.289
v -41.929 		75.929 		136.346
v -53.457 		68.101 		61.638
v 32.869 		67.016 		42.416
v 35.224 		65.628 		42.106
v -46.929 		98.731 		146.611
v -41.152 		78.218 		136.346
v -49.086 		100.172 		146.611
v 35.503 		54.241 		64.411
v -24.189 		109.93 		81.945
v -24.161 		106.697 		85.884
v 35.438 		55.317 		64.411
v -24.1653 		107.2214 		84.1972
v -46.825 		98.867 		144
v -49 		100.321 		144
v -54.517 		80.412 		124.681
v 62.47 		100.556 		55.222
v -54.218 		81.019 		124.681
v -42.27 		78.517 		134
v -54.164 		69.128 		60.592
v 61.307 		98.937 		55.394
v -46.929 		98.731 		141.389
v -54 		81.66 		124.681
v -41.828 		80.739 		134
v -49.086 		100.172 		141.389
v -24.156 		106.1449 		85.5498
v -24.1568 		106.2416 		85.4283
v 35.686 		54.239 		64.809
v 60.407 		98.525 		50.795
v 35.38 		74.046 		36.764
v -54.826 		67.545 		59.581
v -43.674 		78.893 		131.825
v -57.154 		81.154 		124.171
v -54.06 		66.433 		60.714
v -47.24 		98.326 		138.824
v -55.503 		71.07 		58.615
v -43.269 		80.929 		131.825
v -43.674 		78.893 		131.825
v -43.674 		78.893 		131.825
v -56.929 		81.411 		124.171
v -43.674 		78.893 		131.825
v 34.698 		57.331 		64.495
v -56.739 		81.695 		124.171
v 61.493 		100.109 		50.239
v -24.122 		102.277 		88.8176
v -56.276 		69.649 		57.439
v 52.079 		104.38 		56.608
v -51.412 		101.32 		146.611
v 41.409 		68.513 		34.123
v 51.256 		103.922 		51.998
v -53.868 		102.153 		146.611
v -24.1409 		104.4592 		86.9735
v -24.1235 		102.4563 		88.666
v -44 		74.34 		134
v -24.1321 		103.4252 		87.8469
v -24.1336 		103.5945 		87.7039
v -24.1341 		103.6552 		87.6525
v -24.1352 		103.775 		87.5513
v -56.412 		102.659 		146.611
v -57.019 		78.218 		124.681
v -42.998 		76.372 		134
v 48.393 		67.987 		33.66
v 52.906 		106.197 		56.48
v 44.78 		65.641 		35.552
v -56.412 		78.517 		124.681
v 52.014 		105.701 		51.485
v -55.849 		78.893 		124.681
v -51.346 		101.478 		144
v -45.259 		75.066 		131.825
v -55.34 		79.34 		124.681
v -53.824 		102.319 		144
v -44.341 		76.928 		131.825
v 42.214 		69.049 		35.873
v -61.919 		67.483 		65.403
v -54.893 		79.849 		124.681
v -56.389 		102.829 		144
v -29.174 		108.224 		80.834
v -62.772 		71.006 		64.581
v 41.978 		107.902 		57.957
v -26.2189 		107.3835 		81.8894
v 45.299 		72.097 		34.048
v -29.194 		110.442 		76.684
v -47.24 		67.674 		138.824
v -63.759 		69.584 		63.581
v -29.21 		112.29 		77.45
v -45.34 		69.34 		138.824
v 35.319 		49.244 		64.478
v 35.502 		49.243 		64.876
v -51.412 		101.32 		141.389
v 39.501 		66.248 		38.506
v -43.674 		71.24 		138.824
v 42.437 		109.847 		57.877
v 43.008 		109.403 		62.922
v -53.868 		102.153 		141.389
v 37.208 		49.166 		63.828
v -50.391 		74.391 		128.133
v -42.27 		73.341 		138.824
v -58.461 		78.829 		54.289
v 33.283 		69.271 		37.65
v -56.412 		102.659 		141.389
v -49.268 		78.909 		49.375
v -49.341 		75.588 		128.133
v 37.377 		49.165 		64.195
v 36.062 		67.633 		37.285
v -47.752 		68.341 		136.346
v -52.912 		75.066 		126.679
v -45.934 		69.934 		136.346
v 42.505 		107.492 		62.613
v -26.7958 		110.4041 		76.7936
v -26.6609 		109.7818 		77.9599
v -44.341 		71.752 		136.346
v -51.929 		75.929 		126.679
v -26.329 		108.2485 		80.834
v -26.3128 		108.121 		80.9895
v -29.21 		112.269 		67.5
v -51.066 		76.912 		126.679
v -29.206 		111.808 		72.182
v -59 		102.829 		146.611
v 33.967 		70.294 		39.227
v -61.588 		102.659 		146.611
v -64.132 		102.153 		146.611
v -57.193 		74.692 		56.133
v -26.841 		109.915 		76.6
v -26.362 		107.733 		80.739
v -59 		103 		144
v 36.931 		68.545 		38.837
v -61.611 		102.829 		144
v -64.176 		102.319 		144
v 34.261 		55.195 		59.454
v -26.9626 		110.8371 		75.4453
v 34.014 		56.144 		59.479
v -48.456 		69.259 		134
v -59.481 		78.055 		52.752
v 41.239 		107.415 		53.336
v -55.173 		73.761 		126.679
v -46.753 		70.753 		134
v 34.32 		54.218 		59.454
v -54 		74.34 		126.679
v -59 		102.829 		141.389
v -26.8085 		110.4625 		76.684
v -45.259 		72.456 		134
v -57.019 		75.607 		125.522
v -61.588 		102.659 		141.389
v 34.814 		73.335 		34.982
v 41.636 		109.319 		52.871
v 38.347 		71.251 		34.517
v -56.071 		75.929 		125.522
v -47.78 		71.78 		131.825
v -64.132 		102.153 		141.389
v -55.173 		76.372 		125.522
v -58.107 		73.573 		54.75
v -46.412 		73.341 		131.825
v 33.588 		57.026 		59.53
v -54.341 		76.928 		125.522
v -27.7896 		112.1335 		69.0005
v -27.3683 		111.8238 		72.182
v -27.3631 		111.811 		72.2243
v -49.969 		78.138 		47.668
v -53.588 		77.588 		125.522
v 50.744 		104.316 		46.748
v 59.975 		98.871 		45.534
v -27.9926 		112.2763 		67.4677
v -27.9881 		112.2795 		67.5
v -51.542 		64.053 		64.451
v 39.041 		71.887 		36.282
v -49.341 		99.73 		138.824
v 50.083 		102.644 		47.624
v -51.607 		100.848 		138.824
v -54 		101.66 		138.824
v -59.341 		80.412 		124.171
v -49.341 		66.27 		138.824
v 35.872 		56.838 		59.22
v -56.478 		102.153 		138.824
v -59 		80.389 		124.171
v -51.929 		65.929 		136.346
v 36.218 		55.511 		59.184
v -42.45 		64.615 		65.533
v -49.761 		66.998 		136.346
v -49.761 		99.002 		136.346
v -58.659 		80.412 		124.171
v -44.462 		64.115 		60.667
v -51.929 		100.071 		136.346
v -58.324 		80.478 		124.171
v -54.218 		100.848 		136.346
v 36.301 		54.141 		59.184
v -56.588 		101.32 		136.346
v 61.462 		74.975 		31.5472
v 61.1339 		74.6876 		31.3792
v -73.5086 		107.837 		98.498
v -73.5101 		107.8357 		98.498
v -58.001 		80.588 		124.171
v -28.015 		111.664 		67.476
v -27.399 		111.242 		72.12
v -49.341 		70.412 		131.825
v -77.1176 		104.821 		98.498
v -57.695 		80.739 		124.171
v 61.1339 		74.6876 		31.3792
v -69.3805 		110.09 		98.498
v -69.3786 		110.091 		98.498
v -57.411 		80.929 		124.171
v -24.2203 		113.5192 		66.9424
v -24.2191 		113.3852 		65.7364
v 49.143 		102.097 		42.448
v -70.1596 		111.932 		98.498
v -70.1568 		111.9329 		98.498
v -56.739 		65.828 		134
v -74.6417 		109.4841 		98.498
v 60.478 		74.113 		31.2226
v -74.6359 		109.489 		98.4989
v 59.9024 		73.728 		31.0996
v -54.517 		66.27 		134
v 48.607 		100.594 		43.655
v -74.6347 		109.49 		98.4991
v -52.372 		66.998 		134
v -52.372 		99.002 		134
v -70.1616 		111.9309 		98.498
v -74.625 		109.4953 		98.498
v -24.22 		113.4924 		67.2597
v 59.334 		66.597 		32.179
v -50.34 		68 		134
v -54.517 		99.73 		134
v 34.137 		49.221 		59.521
v 48.011 		99.646 		42.476
v -24.2199 		113.4722 		67.5
v -24.2185 		113.3114 		69.4035
v -56.739 		100.172 		134
v -56.929 		67.269 		131.825
v -61.261 		81.695 		124.171
v -78.2724 		106.4505 		98.498
v -54.893 		67.674 		131.825
v 59.43 		66.715 		30.186
v 64.16 		68.421 		31.019
v -61.071 		81.411 		124.171
v -52.928 		68.341 		131.825
v -54.893 		98.326 		131.825
v -24.2167 		113.0869 		72.0637
v -60.846 		81.154 		124.171
v 34.156 		59.441 		54.707
v 33.07 		60.411 		54.847
v -51.066 		69.259 		131.825
v -56.929 		98.731 		131.825
v 48.497 		101.068 		41.17
v -54.893 		98.326 		131.825
v -54.893 		98.326 		131.825
v -68.607 		110.098 		90.662
v -60.589 		80.929 		124.171
v -54.893 		98.326 		131.825
v -24.2112 		112.4627 		74.2396
v 35.033 		58.275 		54.597
v -24.2159 		112.9881 		72.4081
v -60.305 		80.739 		124.171
v -59.999 		80.588 		124.171
v -69.373 		111.939 		90.513
v -59.676 		80.478 		124.171
v -24.1827 		109.2233 		81.6818
v -24.1836 		109.328 		81.5503
v 58.218 		72.808 		30.7647
v -59 		102.319 		138.824
v 40.639 		107.84 		48.097
v 57.344 		72.511 		30.6129
v 59.391 		73.386 		30.9903
v -61.522 		102.153 		138.824
v -63.483 		66.27 		134
v 33.093 		59.069 		49.538
v -24.1836 		109.3309 		81.5447
v -64 		101.66 		138.824
v 40.318 		106.049 		48.928
v 33.915 		57.98 		49.435
v -24.1843 		109.4063 		81.3983
v -61.261 		65.828 		134
v -24.21 		112.333 		77.45
v -59 		77.824 		124.681
v -59 		65.679 		134
v -58.324 		77.868 		124.681
v -59 		101.478 		136.346
v 35.577 		58.953 		49.972
v 52.281 		70.433 		32.644
v -65.072 		68.341 		131.825
v -61.412 		101.32 		136.346
v 56.295 		72.888 		32.541
v -57.66 		78 		124.681
v -63.107 		67.674 		131.825
v -63.782 		100.848 		136.346
v 38.842 		102.843 		43.7
v -61.071 		67.269 		131.825
v -63.107 		67.674 		131.825
v -63.107 		67.674 		131.825
v -72.657 		107.844 		89.852
v 39.248 		103.858 		44.905
v -63.107 		67.674 		131.825
v -66.32 		110.118 		83.123
v 34.539 		60.332 		50.102
v -24.2036 		111.596 		77.1445
v -24.2043 		111.6717 		76.9974
v -24.1961 		110.7684 		78.7521
v -59 		67.133 		131.825
v 36.329 		57.396 		49.882
v 56.7186 		72.3353 		30.5088
v 56.7172 		72.335 		30.5085
v -60.981 		78.218 		124.681
v -60.34 		78 		124.681
v 55.696 		72.132 		30.5493
v 54.7115 		72.0671 		30.5931
v 33.255 		61.48 		50.268
v -59 		100.321 		134
v 38.073 		100.923 		41.42
v -59.676 		77.868 		124.681
v -67.043 		111.959 		82.83
v -61.261 		100.172 		134
v -63.483 		99.73 		134
v 52.011 		70.416 		30.662
v -65.628 		99.002 		154
v -29.087 		98.22 		91.521
v 39.48 		105.466 		43.739
v -59 		98.867 		131.825
v 39.039 		104.367 		42.433
v 54.6902 		72.0657 		30.5942
v -66.071 		100.071 		151.654
v -73.761 		109.498 		89.636
v -61.071 		98.731 		131.825
v -30.449 		98.208 		91.655
v -63.107 		98.326 		131.825
v 36.038 		55.545 		54.483
v -68.239 		99.002 		151.654
v -64 		81.66 		124.681
v -66.393 		100.848 		149.176
v -63.782 		81.019 		124.681
v -68.659 		99.73 		149.176
v 34.132 		54.156 		54.36
v 56.979 		72.387 		30.5495
v 57.3193 		72.5026 		30.6086
v 33.326 		57.246 		54.444
v -63.483 		80.412 		124.681
v -78.092 		102.434 		88.762
v -70.76 		98.326 		149.176
v 33.794 		56.275 		54.388
v 34.066 		55.232 		54.36
v 49.391 		73.386 		31.0262
v 36.865 		98.429 		36.916
v 49.152 		73.5457 		31.0671
v 50.0027 		73.0846 		30.9139
v -31.759 		98.197 		92.052
v 50.5505 		72.8146 		30.8687
v -76.196 		104.829 		89.143
v 47.275 		99.124 		38.753
v -66.588 		101.32 		146.611
v 50.5593 		72.8103 		30.868
v -68.914 		100.172 		146.611
v -65.072 		78.341 		125.522
v -32.459 		97.426 		90.345
v 38.206 		102.287 		39.964
v -77.596 		106.231 		88.867
v -71.071 		98.731 		146.611
v -63.107 		79.849 		124.681
v 54.391 		72.046 		30.6103
v -66.654 		101.478 		144
v 50.564 		72.808 		30.8676
v 51.803 		72.387 		30.7753
v 53.085 		72.132 		30.6891
v -69 		100.321 		144
v -62.66 		79.34 		124.681
v -71.175 		98.867 		144
v -62.151 		78.893 		124.681
v -29.08 		97.455 		89.673
v 61.488 		97.534 		64.651
v -61.588 		78.517 		124.681
v -30.802 		97.44 		89.843
v 47.32 		74.975 		31.3564
v -66.588 		101.32 		141.389
v 48.303 		74.113 		31.2126
v 48.2818 		74.1316 		31.216
v 47.7103 		74.6327 		31.3055
v -66.037 		107.902 		73.87
v 36.126 		54.084 		54.483
v 44.751 		71.815 		32.146
v -68.914 		100.172 		141.389
v -73.467 		104.853 		80.144
v -70.134 		107.866 		81.535
v 35.669 		56.96 		54.521
v -71.071 		98.731 		141.389
v -25.5409 		97.1079 		89.7877
v -25.5398 		96.7299 		89.9024
v -60.981 		75.607 		125.522
v -25.563 		97.046 		89.643
v 47.8 		67.766 		31.764
v -25.5419 		97.4861 		89.673
v 57.973 		96.889 		41.287
v 33.948 		49.16 		54.427
v -59.999 		75.412 		125.522
v 59.006 		97.382 		46.451
v 57.157 		95.552 		42.531
v -59 		75.346 		125.522
v -66.393 		100.848 		138.824
v 64.57 		88.924 		41.576
v -68.659 		99.73 		138.824
v -58.001 		75.412 		125.522
v -70.76 		98.326 		138.824
v 36.87 		53.994 		49.837
v 56.387 		94.705 		41.375
v -66.071 		100.071 		136.346
v -68.239 		99.002 		136.346
v -71.175 		109.52 		81.11
v 34.509 		56.749 		49.364
v 34.854 		55.425 		49.328
v -76.718 		103.662 		78.793
v -74.786 		106.256 		79.603
v -65.628 		99.002 		134
v 34.937 		54.059 		49.328
v -65.088 		75.066 		126.679
v 32.718 		72.23 		79.661
v -77.74 		102.291 		78.365
v -64 		74.34 		126.679
v 32.18 		68.572 		76.752
v -24.0857 		98.0993 		91.1231
v -24.087 		98.264 		91.521
v -24.0829 		97.7786 		91.2994
v -24.0837 		97.8691 		91.2496
v 52.837 		91.021 		34.799
v -62.827 		73.761 		126.679
v -64.412 		77.588 		125.522
v 54.932 		93.104 		39.186
v -66.412 		92.659 		159.867
v 31.579 		65.559 		73.189
v -75.251 		102.458 		79.396
v -67.609 		91.609 		159.867
v -63.659 		76.928 		125.522
v 52.417 		90.136 		36.542
v -68.659 		90.412 		159.867
v -62.827 		76.372 		125.522
v -61.929 		75.929 		125.522
v -76.194 		101.193 		79.001
v 32.319 		67.171 		78.172
v 36.765 		55.722 		49.837
v -66.071 		95.247 		158.142
v 57.138 		95.971 		40.034
v 55.561 		94.237 		37.663
v -67.609 		94.22 		158.142
v 36.686 		48.998 		49.904
v 35.942 		49.088 		54.55
v -66.934 		96.741 		156.175
v 36.117 		49.145 		59.251
v -29.206 		111.808 		62.817
v -29.196 		110.6747 		59.082
v -29.1001 		110.8724 		59.7307
v 34.753 		49.063 		49.396
v -28.4341 		111.962 		64.3138
v -68.659 		95.588 		156.175
v -51.929 		70.753 		129.858
v -29.3354 		110.346 		58.1518
v -29.3172 		110.4093 		58.268
v 27.592 		68.288 		43.125
v -29.308 		110.441 		58.3262
v -66.975 		109.557 		73.253
v -29.2982 		110.4615 		58.3925
v -50.391 		71.78 		129.858
v -70.22 		94.22 		156.175
v 30.293 		67.915 		42.76
v 27.841 		66.357 		45.509
v 30.167 		66.035 		45.194
v -71.958 		103.703 		69.889
v -70.222 		106.296 		71.065
v -52.912 		72.456 		128.133
v -29.324 		109.763 		58.4
v -72.878 		102.333 		69.267
v 58.867 		84.37 		35.711
v -51.588 		73.341 		128.133
v 63.649 		88.211 		40.438
v -69.034 		104.892 		71.85
v 27.348 		66.864 		41.744
v -69 		93 		158.142
v -70.637 		102.499 		70.765
v 29.777 		66.528 		41.415
v -70.22 		91.609 		158.142
v -28.665 		111.164 		62.843
v -28.659 		111.781 		62.7125
v -28.6436 		111.8128 		62.817
v 32.094 		65.72 		41.106
v -53.588 		69.934 		129.858
v -71.485 		101.234 		70.191
v 52.248 		53.205 		33.259
v -24.2163 		113.0347 		62.5816
v -55.849 		71.24 		128.133
v -24.2155 		112.9508 		61.8259
v 61.909 		86.864 		38.286
v 52.064 		48.209 		33.326
v -71.588 		92.659 		156.175
v -72.741 		90.934 		156.175
v -54.341 		71.752 		128.133
v 51.936 		58.356 		33.258
v 64.631 		89.274 		39.068
v -24.21 		112.333 		57.55
v -59 		83 		164
v -56.412 		73.341 		126.679
v -24.2145 		112.834 		61.4551
v -65.628 		86.827 		162.478
v -29.21 		112.29 		57.55
v 59.715 		85.991 		33
v 58.828 		86.41 		33
v 57.904 		86.741 		33
v 57.344 		83.7656 		33
v 57.669 		83.5859 		33
v 63.315 		82.727 		33
v -66.071 		90.071 		161.321
v 62.731 		83.515 		33
v 62.072 		84.243 		33
v 61.345 		84.902 		33
v 60.556 		85.486 		33
v -66.934 		89.088 		161.321
v -57.154 		68.979 		129.858
v -55.34 		69.34 		129.858
v -67.66 		88 		161.321
v -24.2044 		111.6872 		57.8173
v -24.2086 		112.1687 		59.3449
v 59.448 		85.11 		33.947
v -68.239 		86.827 		161.321
v 59.4949 		81.92 		33
v 37.827 		58.131 		45.484
v -76.8216 		70.884 		98.498
v -74.4276 		68.9518 		98.498
v -30.207 		106.9419 		52.7178
v -69.544 		89.088 		159.867
v 62.745 		87.814 		36.737
v -60.589 		70.929 		128.133
v 35.588 		61.804 		45.759
v -30.762 		103.8089 		49.527
v 36.887 		60.078 		45.596
v -70.248 		87.659 		159.867
v -74.426 		68.9505 		98.498
v -74.4266 		68.951 		98.498
v 30.948 		74.683 		35.498
v -59 		70.825 		128.133
v -78.072 		71.321 		98.498
v -70.76 		86.151 		159.867
v -57.411 		70.929 		128.133
v 49.708 		86.758 		34.702
v -30.568 		104.498 		50.757
v -30.175 		106.469 		53.088
v -68.9935 		65.75 		98.498
v -68.9916 		65.749 		98.498
v -73.1596 		67.929 		98.498
v -60.305 		73.086 		126.679
v -59 		73 		126.679
v -29.9934 		108.0024 		53.9856
v -29.9501 		108.2172 		54.2424
v -72.894 		67.348 		98.498
v -75.613 		69.165 		98.498
v -57.695 		73.086 		126.679
v -29.967 		107.512 		54.319
v -30.0607 		107.668 		53.5859
v 55.001 		87.171 		33
v 54.021 		87.123 		33
v 53.05 		86.979 		33
v -66.654 		83 		162.478
v -66.588 		82.001 		162.478
v 30.722 		71.426 		39.66
v 52.098 		86.741 		33
v 27.322 		71.897 		40.12
v 54.806 		85.1687 		33
v 56.952 		86.979 		33
v 55.981 		87.123 		33
v 38.915 		61.611 		41.637
v -66.071 		85.929 		162.478
v -69.961 		65.902 		98.498
v 27.056 		70.773 		38.487
v -64.412 		69.934 		129.858
v 49.902 		87.363 		32.805
v -66.393 		84.981 		162.478
v 52.0152 		86.7113 		33
v -65.088 		72.456 		128.133
v -30.4797 		105.5862 		51.097
v -30.4608 		105.68 		51.2091
v -30.5519 		105.2277 		50.6683
v 33.331 		62.779 		43.563
v -63.659 		71.752 		128.133
v -30.6049 		104.8697 		50.3803
v -66.588 		83.999 		162.478
v 32.865 		61.885 		45.008
v -62.151 		71.24 		128.133
v 30.243 		70.331 		38.056
v -68.22 		65.755 		90.662
v 45.212 		95.519 		35.801
v -69 		83 		161.321
v 36.168 		62.495 		44.405
v -61.588 		73.341 		126.679
v 44.978 		94.523 		37.52
v 42.965 		90.735 		35.588
v -68.659 		85.588 		161.321
v -68.914 		84.305 		161.321
v -29.5592 		109.5705 		56.7277
v 46.882 		97.851 		40.244
v 38.617 		58.48 		44.105
v -62.66 		69.34 		129.858
v 37.589 		60.609 		44.227
v -60.846 		68.979 		129.858
v 43.031 		91.415 		33.708
v -59 		68.858 		129.858
v -24.1585 		106.4286 		49.3846
v -71.175 		83 		159.867
v 36.988 		57.922 		43.104
v -71.071 		84.589 		159.867
v -24.189 		109.93 		53.054
v -24.1803 		108.937 		52.3962
v -24.1714 		107.9155 		51.1701
v -29.189 		109.887 		53.054
v 40.109 		59.137 		41.494
v -66.071 		95.247 		129.858
v 56.902 		63.621 		82.028
v -67.609 		94.22 		129.858
v -73.142 		83 		158.142
v 61.681 		65.385 		81.869
v -69 		93 		129.858
v -24.1704 		107.7988 		51.0301
v 34.23 		60.664 		44.832
v -70.22 		91.609 		129.858
v 36.836 		97.362 		38.607
v -71.247 		90.071 		158.142
v -24.1848 		109.4655 		53.3646
v -24.181 		109.0288 		52.5644
v -24.2018 		111.4027 		56.9148
v -24.2005 		111.2637 		56.6601
v -72.066 		88.412 		158.142
v 35.585 		93.309 		36.574
v 61.411 		65.368 		79.887
v -72.66 		86.66 		158.142
v -66.412 		92.659 		128.133
v -73.021 		84.846 		158.142
v -31.2587 		100.0622 		46.9421
v -30.9047 		102.8455 		48.7519
v -30.8403 		103.2803 		49.1019
v -67.609 		91.609 		128.133
v 35.51 		94.037 		34.713
v -68.659 		90.412 		128.133
v -31.0912 		101.5867 		47.7384
v -31.0542 		101.8369 		47.9398
v -31.105 		100.84 		47.849
v -31.1823 		100.7571 		47.305
v -31.1462 		101.0856 		47.4767
v -73.659 		89.072 		156.175
v -69.544 		89.088 		128.133
v 46.909 		83.102 		33.736
v -66.071 		90.071 		126.679
v -24.161 		106.697 		49.116
v -29.161 		106.654 		49.116
v -66.934 		89.088 		126.679
v -74.867 		83 		156.175
v -24.1516 		105.6456 		48.4445
v -29.138 		104.077 		47
v -67.66 		88 		126.679
v 57 		63.739 		80.035
v -74.326 		87.107 		156.175
v -68.239 		86.827 		126.679
v -74.731 		85.071 		156.175
v -24.1033 		100.0728 		46.6342
v 34.368 		88.918 		35.398
v -24.7179 		100.1401 		46.7408
v -47.78 		91.609 		158.142
v -49 		93 		158.142
v 38.926 		82.375 		34.366
v -45.259 		90.934 		156.175
v -24.1099 		100.8262 		47.1047
v -24.1076 		100.5696 		46.8965
v -24.7487 		100.5943 		46.9837
v -65.628 		86.827 		125.522
v -46.412 		92.659 		156.175
v 46.262 		63.254 		79.567
v -47.78 		94.22 		156.175
v 33.232 		84.36 		35.126
v -29.126 		102.715 		45.881
v -67.66 		98 		154
v -69.544 		96.741 		154
v 40.921 		86.634 		34.523
v -49 		83 		161.321
v -24.8752 		101.6892 		45.3129
v -71.247 		90.071 		129.858
v -71.247 		95.247 		154
v -49.086 		84.305 		161.321
v 32.961 		84.344 		33.144
v -72.066 		88.412 		129.858
v -46.825 		83 		159.867
v -46.929 		84.589 		159.867
v -72.741 		93.544 		154
v -24.1191 		101.9631 		45.4557
v -24.126 		102.759 		45.881
v -24.1233 		102.4465 		45.848
v -72.66 		86.66 		129.858
v -24.1252 		102.6634 		46.0241
v -47.24 		86.151 		159.867
v 41.853 		64.085 		75.47
v -24.138 		104.121 		47
v -24.1363 		103.9202 		47.0442
v 34.192 		89.282 		33.44
v -24.1372 		104.0228 		47.1274
v -24.1388 		104.2141 		47.2827
v -47.752 		87.659 		159.867
v -24.1476 		105.2013 		48.0839
v -48.456 		89.088 		159.867
v 53.6109 		77.171 		33
v 52.0971 		77.171 		33
v 53.071 		77.171 		32.9445
v 52.6274 		77.7604 		33
v 46.974 		63.822 		77.787
v -70.248 		87.659 		128.133
v -70.248 		97.659 		151.654
v 41.018 		63.137 		77.019
v -70.76 		86.151 		128.133
v 64.078 		77.445 		35.058
v -72.066 		96.066 		151.654
v 52.1 		78.461 		33.066
v -73.659 		94.248 		151.654
v -45.34 		86.66 		158.142
v -45.934 		88.412 		158.142
v -46.753 		90.071 		158.142
v -31.5969 		96.8062 		45.3845
v -69 		83 		126.679
v -31.558 		96.675 		45.707
v -31.5475 		97.4336 		45.5691
v -43.674 		87.107 		156.175
v 55.553 		81.531 		33.948
v -44.341 		89.072 		156.175
v -68.659 		85.588 		126.679
v -24.0811 		97.5162 		45.2846
v -24.082 		97.6185 		45.3386
v -24.081 		97.499 		45.326
v -68.914 		84.305 		126.679
v -24.0794 		97.3195 		45.1807
v -24.0712 		96.3858 		44.6878
v -24.5353 		97.495 		45.326
v -26.541 		96.4812 		45.0241
v -26.4671 		95.1429 		44.6182
v -72.66 		96.66 		149.176
v -44.858 		83 		158.142
v -66.654 		83 		125.522
v -66.588 		82.001 		125.522
v -44.979 		84.846 		158.142
v 60.278 		75.255 		33.356
v -43.133 		83 		156.175
v -29.087 		98.22 		43.479
v -74 		91.66 		154
v -43.269 		85.071 		156.175
v -26.5934 		95.8298 		42.7471
v -66.071 		85.929 		125.522
v -26.6758 		97.2268 		43.1712
v -26.6505 		96.8 		43.0416
v -66.393 		84.981 		125.522
v -75.002 		92.239 		151.654
v 65.001 		77.171 		33
v -66.588 		83.999 		125.522
v -24.6385 		98.2591 		43.479
v -25.8536 		97.6434 		43.2954
v 64.953 		78.152 		33
v 64.809 		79.122 		33
v 64.57 		80.074 		33
v 64.24 		80.998 		33
v 63.82 		81.885 		33
v 64.1722 		77.6555 		33
v 64.1769 		77.6485 		33
v -44 		91.66 		154
v -74.326 		94.76 		149.176
v -45.259 		93.544 		154
v -75.73 		92.659 		149.176
v -46.753 		95.247 		154
v -76.848 		90.393 		149.176
v 64.791 		78.012 		33.277
v -48.456 		96.741 		154
v -42.998 		92.239 		151.654
v 59.91 		81.5413 		33
v -44.341 		94.248 		151.654
v -45.934 		96.066 		151.654
v 64.4921 		77.171 		33
v -32.536 		88.24 		94.966
v -76.321 		83 		154
v -47.752 		97.659 		151.654
v -75.002 		89.628 		154
v -73.142 		83 		129.858
v -73.021 		84.846 		129.858
v -75.73 		87.483 		154
v 41.471 		75.52 		34.542
v -76.172 		85.261 		154
v -77.478 		83 		151.654
v -71.175 		83 		128.133
v -76.071 		90.071 		151.654
v -41.152 		90.393 		149.176
v 48.637 		75.275 		33.1
v -71.071 		84.589 		128.133
v -76.848 		87.782 		151.654
v -42.27 		92.659 		149.176
v -77.32 		85.412 		151.654
v 44.127 		79.307 		33.682
v -43.674 		94.76 		149.176
v -45.34 		96.66 		149.176
v -78.319 		83 		149.176
v 37.054 		78.125 		35.122
v -77.66 		88 		149.176
v -40.522 		83 		151.654
v -40.68 		85.412 		151.654
v -78.153 		85.522 		149.176
v -68.914 		81.695 		126.679
v -39.681 		83 		149.176
v -39.847 		85.522 		149.176
v -68.659 		80.412 		126.679
v -40.34 		88 		149.176
v -68.239 		79.173 		126.679
v -67.66 		78 		126.679
v -66.393 		81.019 		162.478
v -66.071 		80.071 		162.478
v -41.679 		83 		154
v -66.393 		81.019 		125.522
v -65.628 		79.173 		162.478
v -66.071 		80.071 		125.522
v -41.828 		85.261 		154
v -65.628 		79.173 		125.522
v -68.914 		81.695 		161.321
v -68.659 		80.412 		161.321
v -68.239 		79.173 		161.321
v -67.66 		78 		161.321
v -73.021 		81.154 		129.858
v -72.66 		79.34 		129.858
v -71.071 		81.411 		128.133
v -70.76 		79.849 		128.133
v -71.071 		81.411 		159.867
v -70.248 		78.341 		128.133
v -70.76 		79.849 		159.867
v -70.248 		78.341 		159.867
v -72.066 		77.588 		129.858
v -71.247 		75.929 		129.858
v -70.22 		74.391 		129.858
v -66.934 		76.912 		161.321
v -69.544 		76.912 		128.133
v -66.071 		75.929 		161.321
v -68.659 		75.588 		128.133
v -69.544 		76.912 		159.867
v -67.609 		74.391 		128.133
v -68.659 		75.588 		159.867
v -67.609 		74.391 		159.867
v -66.934 		76.912 		126.679
v -66.071 		75.929 		126.679
v -73.021 		81.154 		158.142
v -72.66 		79.34 		158.142
v -72.066 		77.588 		158.142
v -69 		73 		129.858
v -67.609 		71.78 		129.858
v -71.247 		75.929 		158.142
v -66.071 		70.753 		129.858
v -70.22 		74.391 		158.142
v -66.412 		73.341 		128.133
v -73.659 		76.928 		156.175
v -126 		159 		142
v -126 		159 		102
v -126 		199 		102
v -126 		199 		142
v -166 		199 		142
v -166 		199 		102
v -166 		159 		102
v -166 		159 		142
v -72.741 		75.066 		156.175
# 3615 vertices

g group_5_40919

usemtl color_40919
s 0

f 8580 	8480 	8478
f 8487 	8485 	8489
f 8498 	8526 	8503
f 8495 	8503 	8509
f 8627 	8634 	8510
f 8526 	8498 	8523
f 8503 	8531 	8509
f 8503 	8526 	8531
f 8527 	8558 	8581
f 8544 	8558 	8527
f 8675 	8523 	8520
f 11884 	8535 	8530
f 8526 	8705 	8531
f 8708 	8531 	8705
f 8572 	8580 	8478
f 8580 	8587 	8480
f 8587 	8593 	12073
f 8587 	8619 	8593
f 8613 	8619 	8587
f 8601 	8572 	11998
f 8506 	8581 	8558
f 8506 	8583 	8581
f 8601 	8607 	8572
f 8583 	8510 	8591
f 8506 	8510 	8583
f 8510 	8690 	8591
f 8572 	8607 	8580
f 8607 	8613 	8580
f 8587 	8580 	8613
f 8506 	8558 	8624
f 8624 	8627 	8506
f 8601 	8652 	8607
f 8506 	8627 	8510
f 8614 	8648 	8622
f 8614 	8642 	8648
f 8652 	8601 	8645
f 8648 	8656 	8622
f 8657 	8613 	8607
f 8652 	8657 	8607
f 8622 	8656 	8624
f 11064 	8627 	8624
f 11065 	8634 	8627
f 9546 	8648 	8642
f 8648 	11102 	8656
f 8672 	8675 	8520
f 8672 	8686 	8675
f 8681 	8686 	8672
f 11884 	8614 	8535
f 8544 	8535 	8614
f 8614 	8622 	8544
f 8681 	8672 	8593
f 8544 	8622 	8558
f 8622 	8624 	8558
f 11884 	8642 	8614
f 8737 	8686 	8681
f 8523 	8697 	8526
f 8523 	8675 	8697
f 8697 	8705 	8526
f 8693 	8699 	8760
f 8675 	8686 	8712
f 8712 	8697 	8675
f 8697 	8718 	8705
f 8510 	8634 	8690
f 8697 	8712 	8718
f 8705 	8718 	8726
f 8834 	8693 	8690
f 8705 	8726 	8708
f 8693 	8840 	8699
f 8686 	8742 	8712
f 8742 	8686 	8737
f 8712 	8742 	8745
f 8742 	9273 	9276
f 8742 	9276 	8745
f 8712 	8745 	8718
f 9912 	8718 	8745
f 8752 	8735 	8569
f 8569 	8591 	8752
f 8752 	8760 	8735
f 9273 	8742 	8737
f 8735 	8760 	8738
f 8738 	8766 	8743
f 8760 	8766 	8738
f 8766 	8789 	8743
f 8619 	8681 	8593
f 8657 	8768 	8613
f 8613 	8768 	8619
f 8743 	8789 	8748
f 8619 	8771 	8681
f 8768 	8771 	8619
f 8771 	8737 	8681
f 8591 	8690 	8752
f 8690 	8693 	8752
f 8752 	8693 	8760
f 8699 	8766 	8760
f 8699 	8706 	8766
f 8766 	8706 	8789
f 8786 	8824 	8782
f 8748 	8789 	8792
f 8931 	9058 	8791
f 8792 	8818 	8804
f 8706 	8710 	8789
f 8710 	8792 	8789
f 8710 	8818 	8792
f 11649 	8811 	8804
f 8824 	8813 	8782
f 8813 	8825 	8817
f 8824 	8825 	8813
f 8825 	8830 	8817
f 8817 	8830 	8820
f 8834 	8690 	8634
f 8791 	8838 	8786
f 8834 	8840 	8693
f 8791 	9058 	8838
f 11070 	11076 	8834
f 8786 	8838 	8824
f 8838 	8846 	8824
f 8706 	8699 	8847
f 8840 	8847 	8699
f 8824 	8846 	8825
f 8706 	8851 	8710
f 8825 	8853 	8830
f 8851 	8706 	8847
f 8846 	8853 	8825
f 8853 	8914 	8830
f 9059 	9063 	8846
f 8846 	9063 	8853
f 8840 	8834 	11076
f 8840 	11081 	8847
f 11076 	11081 	8840
f 8851 	8847 	8870
f 8890 	8893 	8871
f 8871 	8820 	8890
f 8820 	8830 	8890
f 8876 	8871 	8893
f 8893 	8888 	8876
f 8893 	8890 	8917
f 8876 	8888 	8868
f 8884 	8908 	8889
f 8897 	8908 	8884
f 8908 	8913 	8889
f 8914 	8890 	8830
f 8914 	8917 	8890
f 11921 	8894 	9084
f 8893 	8906 	8888
f 8906 	8893 	8917
f 8530 	8908 	8897
f 8853 	9096 	8914
f 8913 	8908 	8535
f 8530 	8535 	8908
f 8535 	8544 	8913
f 8913 	8544 	8527
f 9094 	8906 	8917
f 8931 	11607 	11624
f 8939 	8931 	11624
f 8939 	8944 	8931
f 8943 	8990 	8941
f 8931 	8944 	9058
f 8943 	8591 	8569
f 8957 	8963 	8937
f 8937 	8963 	8939
f 8929 	8889 	8913
f 8929 	8527 	8935
f 8913 	8527 	8929
f 8527 	8581 	8935
f 8935 	8581 	8941
f 8583 	8943 	8941
f 8581 	8583 	8941
f 8583 	8591 	8943
f 8965 	8929 	8970
f 8972 	8983 	8952
f 8970 	8980 	9105
f 8952 	8983 	8957
f 8935 	8941 	8980
f 8957 	8994 	8963
f 8983 	8994 	8957
f 8994 	9030 	8963
f 8990 	8980 	8941
f 8972 	11835 	8983
f 8884 	8889 	9119
f 11835 	11838 	8983
f 8889 	8965 	9119
f 8983 	11838 	8994
f 8929 	8965 	8889
f 8929 	8935 	8970
f 8939 	9025 	8944
f 8963 	9025 	8939
f 8970 	8935 	8980
f 8963 	9030 	9025
f 9025 	9032 	9082
f 8990 	8943 	9001
f 9030 	9032 	9025
f 8943 	8569 	9001
f 8838 	9059 	8846
f 9058 	9059 	8838
f 9057 	11903 	9062
f 9057 	11899 	11903
f 9059 	9058 	9074
f 8944 	9074 	9058
f 9074 	9108 	9059
f 9059 	9108 	9063
f 8944 	9025 	9082
f 11899 	9057 	9044
f 9082 	9074 	8944
f 9062 	11903 	9084
f 9062 	9084 	9067
f 9072 	9067 	8894
f 9084 	8894 	9067
f 11905 	11912 	9086
f 8894 	8897 	9072
f 9072 	8897 	8884
f 9086 	11912 	9175
f 8853 	9063 	9096
f 8914 	9099 	8917
f 9096 	9099 	8914
f 9099 	9094 	8917
f 9063 	9114 	9096
f 9108 	9114 	9063
f 9096 	9116 	9099
f 9098 	9119 	9101
f 9114 	9116 	9096
f 9098 	9115 	9119
f 9116 	9107 	9099
f 9103 	9101 	8965
f 9099 	9107 	9094
f 9101 	9119 	8965
f 8965 	8970 	9103
f 9103 	8970 	9105
f 9105 	8980 	9364
f 9114 	9162 	9116
f 9150 	9108 	9074
f 9110 	9072 	9115
f 9110 	9067 	9072
f 9115 	9072 	8884
f 9074 	9082 	9150
f 9150 	9158 	9108
f 9115 	8884 	9119
f 9108 	9158 	9114
f 9158 	9162 	9114
f 9158 	9177 	9162
f 9116 	9148 	9107
f 9162 	9148 	9116
f 9082 	9032 	9086
f 9150 	9082 	9086
f 9158 	9150 	9175
f 9175 	9150 	9086
f 9175 	9177 	9158
f 9179 	9175 	9180
f 9166 	9178 	9167
f 9179 	9183 	9175
f 9175 	9183 	9177
f 9166 	9982 	9178
f 9167 	9178 	9188
f 9179 	9180 	9183
f 9177 	9172 	9162
f 9167 	9188 	9169
f 9169 	9194 	9170
f 9162 	9172 	9148
f 9188 	9194 	9169
f 9170 	9194 	9110
f 11912 	9180 	9175
f 9170 	9110 	9171
f 9180 	11912 	9183
f 9171 	9115 	9098
f 9171 	9110 	9115
f 9178 	9982 	9044
f 8645 	9215 	8652
f 9178 	9057 	9188
f 9209 	9215 	8645
f 9178 	9044 	9057
f 9188 	9057 	9062
f 8652 	9218 	8657
f 9188 	9062 	9194
f 9215 	9218 	8652
f 9067 	9110 	9194
f 9194 	9062 	9067
f 8868 	9232 	9209
f 8868 	8888 	9232
f 9227 	8738 	9230
f 9234 	9215 	9209
f 8735 	8738 	9227
f 9232 	9234 	9209
f 9234 	9240 	9215
f 9240 	9218 	9215
f 9257 	8569 	8735
f 9240 	9333 	9218
f 9257 	8735 	9227
f 9249 	9254 	9232
f 9232 	9254 	9234
f 8738 	8743 	9230
f 9230 	8743 	9238
f 9238 	8748 	9271
f 8743 	8748 	9238
f 8888 	8906 	9249
f 9249 	9232 	8888
f 9249 	9396 	9254
f 9234 	9256 	9240
f 9254 	9256 	9234
f 9256 	9351 	9240
f 9257 	9371 	9001
f 9257 	9227 	9373
f 9388 	9396 	9249
f 9374 	9227 	9230
f 8771 	9270 	8737
f 8737 	9270 	9273
f 9001 	8569 	9257
f 9273 	9270 	9280
f 9270 	9279 	9280
f 9273 	9282 	9276
f 9280 	9282 	9273
f 9286 	9291 	9274
f 9276 	9282 	9928
f 9286 	9274 	9271
f 9286 	9271 	8748
f 9279 	9289 	9296
f 9286 	8804 	9291
f 9279 	9296 	9280
f 9291 	8811 	9299
f 9280 	9296 	9300
f 9300 	9282 	9280
f 8792 	9286 	8748
f 8792 	8804 	9286
f 9289 	9494 	9499
f 9291 	8804 	8811
f 9289 	9499 	9296
f 9218 	9322 	8657
f 8657 	9322 	8768
f 8768 	9329 	8771
f 9322 	9329 	8768
f 9324 	9331 	9416
f 9270 	8771 	9329
f 9333 	9322 	9218
f 9333 	9340 	9322
f 9240 	9351 	9333
f 9322 	9340 	9329
f 9340 	9279 	9329
f 9320 	9274 	9291
f 9354 	9340 	9333
f 9291 	9299 	9320
f 9279 	9340 	9289
f 9320 	9299 	9324
f 9329 	9279 	9270
f 9302 	9331 	9324
f 9299 	9302 	9324
f 9331 	9302 	9353
f 9333 	9351 	9354
f 9331 	9353 	9339
f 9289 	9340 	9354
f 11722 	9339 	9353
f 8980 	8990 	9364
f 9370 	9364 	8990
f 8990 	9001 	9370
f 9370 	9001 	9371
f 9371 	9257 	9373
f 9388 	8906 	9094
f 9374 	9373 	9227
f 8906 	9388 	9249
f 9230 	9376 	9374
f 9376 	9238 	9378
f 9396 	9406 	9254
f 9230 	9238 	9376
f 9396 	9427 	9406
f 9254 	9406 	9256
f 9413 	9388 	9094
f 9094 	9107 	9413
f 9388 	9413 	9419
f 9396 	9388 	9419
f 9419 	9427 	9396
f 9238 	9271 	9378
f 9427 	9430 	9406
f 9411 	9378 	9271
f 9107 	9148 	9437
f 9411 	9274 	9414
f 9437 	9413 	9107
f 9271 	9274 	9411
f 9414 	9320 	9415
f 9419 	9413 	9442
f 9274 	9320 	9414
f 9324 	9416 	9415
f 9320 	9324 	9415
f 9486 	9424 	9422
f 9442 	9413 	9437
f 9448 	9427 	9419
f 9442 	9448 	9419
f 9448 	9452 	9427
f 9427 	9452 	9430
f 9456 	9437 	9148
f 9148 	9172 	9456
f 9437 	9461 	9442
f 9456 	9461 	9437
f 9461 	9361 	9442
f 9442 	9361 	9448
f 9448 	9368 	9452
f 9361 	9368 	9448
f 9421 	9416 	9331
f 9339 	9422 	9421
f 9331 	9339 	9421
f 9422 	9339 	9486
f 9486 	9495 	9424
f 9494 	9289 	9354
f 9486 	11789 	9495
f 9354 	9573 	9494
f 9425 	9424 	9495
f 9494 	9514 	9516
f 9425 	9495 	9502
f 9494 	9516 	9499
f 9296 	9505 	9300
f 9296 	9499 	9505
f 9425 	9502 	9525
f 11722 	11789 	9486
f 9499 	9517 	9505
f 9499 	9516 	9517
f 9505 	9517 	9524
f 9518 	9530 	9519
f 9518 	9531 	9530
f 9530 	10234 	9519
f 9519 	10234 	9520
f 10236 	9455 	9520
f 9517 	9556 	9524
f 9525 	9535 	9526
f 9536 	9512 	9430
f 9525 	9502 	9535
f 9535 	9531 	9526
f 9536 	9537 	9512
f 9526 	9531 	9518
f 9514 	9512 	9537
f 9531 	11781 	9530
f 9368 	9541 	9452
f 9452 	9541 	9536
f 9536 	9542 	9537
f 9541 	9542 	9536
f 9537 	9542 	9543
f 9537 	9543 	9550
f 8648 	9546 	11102
f 9514 	9550 	9516
f 9514 	9537 	9550
f 9516 	9550 	9553
f 9550 	9559 	9553
f 9516 	9553 	9517
f 9556 	9517 	9553
f 9543 	9559 	9550
f 12070 	11792 	9559
f 9351 	9256 	9571
f 9571 	9256 	9406
f 9571 	9573 	9351
f 9351 	9573 	9354
f 9560 	9582 	9565
f 9406 	9430 	9571
f 9568 	9565 	9586
f 9430 	9512 	9571
f 9571 	9512 	9573
f 9514 	9494 	9573
f 9512 	9514 	9573
f 9452 	9536 	9430
f 9586 	9565 	9582
f 9582 	9599 	9604
f 9582 	9604 	9586
f 9584 	9606 	9587
f 9627 	9603 	9584
f 9606 	9584 	9603
f 9587 	9606 	9611
f 9603 	9658 	9606
f 9704 	9604 	9599
f 9603 	9657 	9658
f 9660 	9611 	9606
f 9620 	9630 	9625
f 9557 	9628 	9560
f 9557 	9625 	9628
f 9628 	9582 	9560
f 9625 	9630 	9633
f 9622 	8726 	9632
f 9622 	9632 	9635
f 9625 	9633 	9628
f 9628 	9599 	9582
f 9599 	9628 	9633
f 9622 	9635 	9624
f 9624 	9637 	9627
f 9635 	9637 	9624
f 9627 	9637 	9603
f 9646 	9649 	9652
f 9635 	9713 	9723
f 9723 	9637 	9635
f 9637 	9657 	9603
f 9637 	9723 	9657
f 9646 	9652 	9620
f 9652 	9630 	9620
f 9660 	9606 	9658
f 9657 	9667 	9658
f 9630 	9652 	9692
f 9664 	9667 	9657
f 9658 	9667 	9671
f 9658 	9671 	9660
f 9673 	11063 	9678
f 9743 	9679 	9664
f 9664 	9679 	9682
f 9664 	9682 	9667
f 9667 	9685 	9671
f 9673 	11056 	11063
f 9667 	9682 	9685
f 9678 	11063 	10827
f 9693 	9633 	9630
f 9630 	9692 	9693
f 9679 	9828 	9682
f 9700 	9633 	9693
f 9633 	9700 	9599
f 9704 	9599 	9700
f 9713 	9632 	9703
f 9604 	9704 	12033
f 9635 	9632 	9713
f 9692 	9715 	9722
f 9692 	9722 	9693
f 9693 	9727 	9700
f 9693 	9722 	9727
f 9700 	9668 	9704
f 9700 	9727 	9668
f 9703 	9733 	9740
f 9704 	9668 	12021
f 9713 	9703 	9740
f 9715 	9750 	9722
f 9713 	9740 	9743
f 9740 	9733 	9753
f 9713 	9743 	9723
f 9723 	9664 	9657
f 9664 	9723 	9743
f 9727 	9678 	9668
f 9733 	9746 	9753
f 9715 	9897 	9750
f 9722 	9750 	9673
f 9740 	9757 	9743
f 9740 	9753 	9757
f 11056 	9673 	9750
f 9743 	9757 	9679
f 9727 	9722 	9673
f 9678 	9727 	9673
f 9746 	9862 	9753
f 11056 	9750 	11054
f 9746 	9859 	9862
f 9757 	9810 	9679
f 9826 	9652 	9649
f 9828 	9679 	9810
f 9806 	9826 	9649
f 9692 	9652 	9826
f 9692 	9826 	9715
f 9682 	9828 	9830
f 9828 	11402 	9830
f 9682 	9830 	9685
f 9782 	9834 	9806
f 9782 	9832 	9834
f 9806 	9834 	9842
f 9841 	9810 	9833
f 9828 	9810 	9841
f 9806 	9842 	9826
f 11402 	9828 	9841
f 9826 	9842 	9715
f 9832 	9858 	9867
f 9832 	9867 	9834
f 9875 	9757 	9753
f 9753 	9862 	9875
f 9810 	9757 	9875
f 9885 	9842 	9834
f 9834 	9867 	9885
f 9859 	9895 	9862
f 9842 	9885 	9897
f 9859 	9891 	9895
f 9862 	9895 	9900
f 9885 	11119 	9897
f 9842 	9897 	9715
f 9862 	9900 	9875
f 9833 	9810 	9875
f 9875 	9900 	9833
f 9891 	11490 	11497
f 9891 	11497 	9895
f 11500 	9900 	9895
f 11114 	9885 	9867
f 9895 	11497 	11500
f 11433 	9833 	9900
f 9912 	8726 	8718
f 9897 	11054 	9750
f 9897 	11119 	11054
f 9912 	9632 	8726
f 8745 	9920 	9912
f 8745 	9276 	9920
f 9912 	9920 	9703
f 9920 	9733 	9703
f 9912 	9703 	9632
f 9921 	9942 	9945
f 9921 	9945 	9925
f 9920 	9276 	9928
f 9733 	9920 	9928
f 9982 	9925 	9044
f 9931 	9928 	9282
f 9044 	9925 	9554
f 9282 	9300 	9931
f 9925 	9945 	9554
f 9928 	9931 	9746
f 9746 	9931 	9859
f 9931 	9939 	9859
f 9928 	9746 	9733
f 9505 	9939 	9300
f 9505 	9524 	9939
f 9939 	9931 	9300
f 9914 	9940 	9918
f 9942 	9921 	9918
f 9939 	9891 	9859
f 9942 	9918 	9940
f 9524 	9891 	9939
f 11899 	9044 	9554
f 9940 	9560 	9942
f 9942 	9565 	9945
f 9942 	9560 	9565
f 9945 	9568 	9554
f 9945 	9565 	9568
f 9961 	10028 	9972
f 9963 	9971 	9973
f 9961 	9972 	9964
f 9963 	9973 	9967
f 9964 	9972 	9974
f 9967 	9975 	9969
f 9967 	9973 	9975
f 9974 	9165 	9964
f 9165 	9974 	9982
f 9971 	10268 	9973
f 9165 	9982 	9166
f 10272 	9975 	9973
f 9921 	9974 	9972
f 9974 	9921 	9925
f 9974 	9925 	9982
f 11005 	9999 	9963
f 9963 	9999 	9971
f 9999 	9992 	10021
f 9992 	10016 	10021
f 9971 	9999 	10021
f 9971 	10021 	10392
f 9961 	9958 	10028
f 9958 	10024 	10028
f 10016 	10030 	10034
f 10085 	10008 	10002
f 10034 	10021 	10016
f 10090 	10015 	10008
f 10392 	10021 	10034
f 10098 	9914 	10024
f 10024 	9914 	10028
f 10028 	9918 	9972
f 10028 	9914 	9918
f 9918 	9921 	9972
f 10053 	9914 	10098
f 10098 	10050 	10053
f 10053 	9940 	9914
f 10052 	10071 	10055
f 10068 	10071 	10052
f 10421 	10047 	10107
f 10047 	10060 	10050
f 10047 	10421 	10060
f 10050 	10060 	10065
f 10046 	10095 	10048
f 10046 	10088 	10095
f 10048 	10095 	10068
f 10050 	10065 	10053
f 10048 	10068 	10052
f 10053 	9557 	9940
f 10053 	10065 	9557
f 9557 	9560 	9940
f 10058 	10158 	10150
f 10095 	10114 	10068
f 9969 	9975 	10083
f 10083 	9947 	9969
f 10002 	10078 	10085
f 10083 	10086 	9947
f 10078 	10075 	10104
f 10078 	10104 	10107
f 10078 	10107 	10085
f 9947 	10086 	9951
f 10088 	10046 	9951
f 10008 	10085 	10090
f 10086 	10088 	9951
f 10085 	10047 	10090
f 10085 	10107 	10047
f 10098 	10024 	10015
f 10083 	9975 	10276
f 10015 	10090 	10098
f 10083 	10276 	10283
f 10083 	10283 	10086
f 10086 	10102 	10088
f 10102 	10110 	10088
f 10090 	10047 	10050
f 10088 	10110 	10095
f 10090 	10050 	10098
f 10110 	10114 	10095
f 10114 	10117 	10068
f 10416 	10107 	10104
f 10068 	10117 	10071
f 10134 	10210 	10117
f 10065 	10060 	9620
f 9625 	10065 	9620
f 9557 	10065 	9625
f 10114 	10110 	10327
f 10134 	10117 	10114
f 10134 	10114 	10327
f 10565 	10210 	10134
f 10150 	10153 	11542
f 10142 	10140 	10015
f 10156 	10058 	10055
f 10055 	10071 	10156
f 10140 	10008 	10015
f 10142 	10015 	10024
f 10156 	10158 	10058
f 10142 	10024 	9958
f 10150 	10163 	10153
f 10158 	10163 	10150
f 10160 	10266 	10162
f 10203 	10205 	10158
f 10158 	10205 	10163
f 10162 	10271 	10164
f 10163 	10205 	10237
f 10168 	10220 	10169
f 10163 	10184 	10153
f 10184 	10176 	10153
f 10184 	10186 	10176
f 10190 	10129 	10127
f 10176 	10186 	10178
f 10192 	10130 	10129
f 11833 	10178 	10233
f 10233 	10178 	10186
f 10163 	10237 	10184
f 10192 	10129 	10190
f 10130 	10192 	10197
f 10130 	10197 	10133
f 10117 	10199 	10071
f 10002 	10138 	10133
f 10071 	10199 	10156
f 10002 	10133 	10197
f 10158 	10156 	10203
f 10138 	10008 	10140
f 10008 	10138 	10002
f 10199 	10203 	10156
f 10203 	10218 	10205
f 10197 	10078 	10002
f 10210 	10199 	10117
f 10212 	10203 	10199
f 10210 	10212 	10199
f 10212 	10218 	10203
f 10167 	10217 	10168
f 10217 	10220 	10168
f 10205 	10221 	10237
f 10218 	10221 	10205
f 10169 	10223 	10127
f 10169 	10220 	10223
f 10190 	10127 	10223
f 10220 	10321 	10223
f 9520 	10234 	10236
f 10240 	10186 	10184
f 10241 	10160 	9455
f 9455 	10236 	10241
f 10184 	10237 	10240
f 10248 	10186 	10240
f 10233 	10186 	10248
f 10241 	10266 	10160
f 10248 	10250 	10233
f 10237 	10221 	10649
f 9530 	12031 	10234
f 9530 	11781 	12031
f 10237 	10649 	10240
f 10655 	10250 	10248
f 10236 	12035 	10241
f 10655 	10659 	10250
f 10266 	10271 	10162
f 10268 	10272 	9973
f 10268 	10296 	10272
f 10274 	10165 	10164
f 10164 	10271 	10274
f 10274 	10282 	10165
f 9975 	10272 	10276
f 10165 	10282 	10167
f 10282 	10217 	10167
f 10283 	10102 	10086
f 10392 	10420 	10268
f 10268 	10420 	10296
f 10272 	10296 	10300
f 10266 	10241 	10299
f 10271 	10266 	10347
f 10276 	10272 	10300
f 10347 	10353 	10271
f 10353 	10274 	10271
f 10296 	10345 	10300
f 10315 	10283 	10276
f 10300 	10315 	10276
f 10315 	10319 	10283
f 10217 	10317 	10220
f 10319 	10102 	10283
f 10317 	10321 	10220
f 10102 	10323 	10110
f 10319 	10323 	10102
f 10323 	10327 	10110
f 10223 	10326 	10190
f 10223 	10321 	10326
f 10190 	10326 	10328
f 10190 	10328 	10192
f 10075 	10197 	10192
f 10075 	10192 	10328
f 10075 	10078 	10197
f 10319 	10366 	10323
f 10317 	10517 	10321
f 10321 	10517 	10519
f 10321 	10519 	10326
f 10296 	10458 	10345
f 10266 	10299 	10347
f 10300 	10345 	10354
f 10347 	10375 	10353
f 10300 	10354 	10315
f 10274 	10358 	10282
f 10353 	10358 	10274
f 10360 	10319 	10315
f 10217 	10282 	10364
f 10315 	10354 	10360
f 10364 	10282 	10358
f 10360 	10366 	10319
f 10364 	10317 	10217
f 10299 	12056 	10347
f 10366 	10376 	10323
f 12056 	10375 	10347
f 10323 	10376 	10327
f 10353 	10375 	10382
f 10353 	10382 	10358
f 10345 	10479 	10354
f 10386 	10364 	10358
f 10354 	10479 	10716
f 10386 	10358 	10382
f 10364 	10386 	10564
f 10716 	10719 	10360
f 10366 	10723 	10376
f 10364 	10564 	10317
f 10576 	10382 	10375
f 10382 	10580 	10386
f 10268 	9971 	10392
f 10400 	10075 	10328
f 10400 	10104 	10075
f 10402 	10410 	10030
f 10400 	10404 	10411
f 10030 	10410 	10034
f 10411 	10104 	10400
f 10392 	10034 	10415
f 10415 	10034 	10410
f 10392 	10415 	10420
f 10416 	10104 	10411
f 10107 	10416 	10421
f 10445 	10411 	10404
f 10397 	10504 	10402
f 10416 	10411 	10454
f 10416 	10457 	10421
f 10416 	10454 	10457
f 10448 	10415 	10410
f 10445 	10404 	10481
f 10448 	10453 	10415
f 10454 	10411 	10445
f 10448 	10461 	10453
f 10415 	10453 	10420
f 10420 	10458 	10296
f 10453 	10458 	10420
f 10060 	10421 	9646
f 10421 	10457 	9646
f 9646 	9620 	10060
f 10445 	10498 	10454
f 10453 	10461 	10467
f 10454 	10469 	10457
f 10453 	10467 	10458
f 10457 	9649 	9646
f 10458 	10467 	10473
f 10457 	10469 	9649
f 10458 	10473 	10345
f 10469 	9782 	9806
f 10469 	9806 	9649
f 10479 	10345 	10473
f 10360 	10354 	10716
f 10366 	10360 	10719
f 10480 	10491 	10481
f 10480 	10484 	10491
f 10481 	10491 	10493
f 10445 	10481 	10493
f 10498 	10445 	10493
f 10498 	10469 	10454
f 10504 	10397 	10502
f 10502 	10525 	10504
f 10512 	10410 	10402
f 10493 	10685 	10692
f 10402 	10504 	10512
f 10493 	10692 	10498
f 10512 	10448 	10410
f 10328 	10326 	10526
f 10326 	10519 	10526
f 10400 	10328 	10526
f 10525 	10502 	10521
f 10504 	10525 	10531
f 10504 	10531 	10512
f 10517 	10530 	10537
f 10512 	10536 	10448
f 10512 	10531 	10536
f 10536 	10461 	10448
f 10517 	10537 	10519
f 10519 	10540 	10526
f 10519 	10537 	10540
f 10540 	10404 	10526
f 10526 	10404 	10400
f 10134 	10327 	10608
f 10481 	10404 	10540
f 10327 	10376 	10608
f 10481 	10540 	10480
f 10317 	10564 	10517
f 10608 	10565 	10134
f 10565 	10578 	10210
f 10565 	10734 	10578
f 10576 	10375 	8495
f 10210 	10578 	10212
f 10576 	10580 	10382
f 10212 	10583 	10218
f 10578 	10583 	10212
f 10386 	10587 	10564
f 10386 	10580 	10587
f 10564 	10530 	10517
f 10587 	10530 	10564
f 8495 	8509 	10576
f 10649 	10615 	10682
f 10565 	10728 	10734
f 10602 	10580 	10576
f 10602 	10576 	8509
f 10583 	10610 	10218
f 10625 	10587 	10580
f 10583 	10761 	10610
f 10218 	10610 	10221
f 10610 	10615 	10221
f 10530 	10587 	10629
f 10221 	10615 	10649
f 10366 	10719 	10723
f 10602 	10643 	10644
f 10602 	10625 	10580
f 10644 	10625 	10602
f 10629 	10587 	10625
f 10608 	10728 	10565
f 10537 	10530 	10633
f 10530 	10629 	10633
f 10537 	10633 	10480
f 10537 	10480 	10540
f 8509 	8531 	10643
f 10766 	10615 	10610
f 10602 	8509 	10643
f 10625 	10644 	10646
f 10644 	10729 	10646
f 10644 	10727 	10729
f 10625 	10646 	10629
f 10629 	10652 	10633
f 10240 	10651 	10248
f 10629 	10646 	10652
f 10651 	10240 	10649
f 10651 	10655 	10248
f 10633 	10652 	10484
f 10633 	10484 	10480
f 8531 	8708 	10643
f 10727 	10644 	10643
f 10649 	10682 	10651
f 10651 	10688 	10655
f 10693 	10659 	10655
f 10484 	10672 	10676
f 10484 	10676 	10491
f 10493 	10491 	10685
f 10491 	10676 	10685
f 10682 	10688 	10651
f 10655 	10688 	10693
f 10685 	10701 	10692
f 10498 	9782 	10469
f 10677 	10659 	10696
f 10692 	9782 	10498
f 10659 	10693 	10696
f 10672 	9584 	9587
f 10672 	9587 	10676
f 10676 	9587 	10700
f 9587 	9611 	10700
f 10685 	10676 	10700
f 10701 	10685 	10700
f 10692 	10701 	9832
f 10701 	9858 	9832
f 10692 	9832 	9782
f 10700 	9611 	10712
f 10701 	10700 	10712
f 10701 	10712 	9858
f 11140 	9858 	10712
f 10376 	10726 	10608
f 10643 	8708 	10727
f 10723 	10726 	10376
f 10726 	10728 	10608
f 10652 	10646 	10731
f 10646 	10729 	10731
f 10731 	10672 	10652
f 10734 	10737 	10578
f 10731 	9584 	10672
f 10731 	9627 	9584
f 10652 	10672 	10484
f 9622 	10727 	8708
f 8708 	8726 	9622
f 10727 	9624 	10729
f 9622 	9624 	10727
f 10729 	9624 	9627
f 10729 	9627 	10731
f 10737 	10583 	10578
f 10737 	10761 	10583
f 10761 	10766 	10610
f 10766 	10773 	10615
f 10615 	10773 	10682
f 10773 	10780 	10682
f 10682 	10780 	10688
f 10688 	10780 	10782
f 10781 	10800 	10784
f 10791 	10778 	10754
f 10754 	10756 	10791
f 10778 	10791 	10794
f 10794 	10781 	10778
f 10800 	10781 	10794
f 10800 	11241 	10784
f 10811 	10794 	10791
f 10756 	10762 	10807
f 10807 	10791 	10756
f 10807 	10811 	10791
f 10794 	10812 	10800
f 10811 	10812 	10794
f 10754 	12028 	10833
f 10827 	10838 	10829
f 10827 	10836 	10838
f 10829 	10842 	10833
f 10829 	10838 	10842
f 10833 	10842 	10756
f 10833 	10756 	10754
f 10863 	10842 	10838
f 10836 	10857 	10859
f 10859 	10838 	10836
f 10838 	10859 	10863
f 10756 	10842 	10762
f 10762 	10842 	10863
f 10857 	10954 	10957
f 10857 	10957 	10859
f 10879 	10807 	10762
f 10762 	10877 	10879
f 10807 	10879 	10883
f 10879 	10900 	10883
f 10883 	10811 	10807
f 10886 	10812 	10811
f 10811 	10883 	10886
f 10908 	11262 	10886
f 10897 	10879 	10877
f 10877 	10988 	10897
f 10900 	10879 	10897
f 10886 	10883 	10903
f 10900 	10903 	10883
f 10903 	10908 	10886
f 10897 	10988 	10926
f 10900 	10931 	10903
f 10929 	10900 	10897
f 10897 	10926 	10929
f 10931 	10900 	10929
f 10903 	10933 	10908
f 10931 	10933 	10903
f 10921 	11267 	11260
f 10926 	10936 	10937
f 10921 	11270 	11267
f 10936 	9947 	10937
f 10921 	10516 	11270
f 10929 	10926 	10937
f 10921 	10518 	10516
f 10929 	10941 	10931
f 10921 	10521 	10518
f 10921 	10525 	10521
f 10929 	10937 	10941
f 10921 	10531 	10525
f 10921 	10536 	10531
f 10921 	10461 	10536
f 10921 	10467 	10461
f 10921 	10473 	10467
f 10921 	10479 	10473
f 9969 	10936 	11008
f 10921 	10716 	10479
f 10921 	10719 	10716
f 10936 	9969 	9947
f 10937 	9947 	9951
f 10921 	10723 	10719
f 10937 	9951 	10941
f 10921 	10726 	10723
f 10921 	10728 	10726
f 9951 	10046 	10941
f 10954 	10857 	11097
f 10921 	10734 	10728
f 10921 	10737 	10734
f 10921 	10761 	10737
f 10859 	10957 	10960
f 10975 	10957 	10954
f 10960 	10863 	10859
f 10921 	10789 	10788
f 10921 	10792 	10789
f 10921 	11112 	10792
f 10921 	11115 	11112
f 10921 	11093 	11092
f 11101 	11093 	10921
f 10975 	10954 	10971
f 10921 	11026 	11101
f 10921 	11455 	11026
f 10971 	10996 	10999
f 10999 	10975 	10971
f 10863 	10960 	10877
f 10877 	10762 	10863
f 10984 	10957 	10975
f 10975 	11002 	10984
f 10957 	10984 	10960
f 10988 	10960 	10984
f 10988 	10877 	10960
f 10975 	10999 	11002
f 10984 	11003 	10988
f 11115 	10921 	11092
f 10996 	11005 	10999
f 10996 	11004 	11005
f 11003 	10984 	11002
f 10926 	10988 	11003
f 11251 	11004 	10996
f 10921 	11460 	11455
f 10921 	11464 	11460
f 10999 	11007 	11002
f 10921 	11473 	11464
f 10999 	11005 	11007
f 11002 	11007 	11008
f 11473 	10921 	11478
f 11007 	9967 	11008
f 10921 	11479 	11478
f 11002 	11008 	11003
f 11003 	10936 	10926
f 11003 	11008 	10936
f 11004 	9999 	11005
f 11004 	9992 	9999
f 11005 	9963 	11007
f 9967 	11007 	9963
f 11008 	9967 	9969
f 10908 	10933 	11019
f 10931 	10941 	11024
f 11024 	10933 	10931
f 11025 	11019 	10933
f 10933 	11024 	11025
f 11025 	11028 	11019
f 10941 	10046 	11024
f 11024 	10046 	10048
f 11025 	11024 	10048
f 11025 	10052 	11028
f 10048 	10052 	11025
f 10052 	10055 	11028
f 11471 	11462 	10055
f 11028 	10055 	11462
f 10055 	10058 	11474
f 10055 	11474 	11471
f 10921 	10766 	10761
f 10921 	10773 	10766
f 10921 	10780 	10773
f 10782 	10780 	10921
f 10782 	10921 	10788
f 10153 	11547 	11542
f 11547 	10153 	10176
f 11549 	10178 	11041
f 10176 	10178 	11549
f 10677 	10696 	11050
f 10178 	11833 	11041
f 11041 	11833 	8972
f 11050 	10792 	11055
f 11233 	11235 	11051
f 10688 	10782 	10693
f 10788 	10693 	10782
f 11064 	8624 	8656
f 11064 	11065 	8627
f 10693 	10788 	10696
f 11050 	10696 	10789
f 11119 	11067 	11054
f 10789 	10696 	10788
f 8634 	11070 	8834
f 11056 	11054 	11072
f 10789 	10792 	11050
f 8634 	11065 	11070
f 11054 	11067 	11072
f 11078 	11056 	11072
f 11072 	11097 	11078
f 11078 	11063 	11056
f 11081 	8870 	8847
f 11063 	11078 	10836
f 11064 	8656 	11107
f 11063 	10836 	10827
f 11065 	11172 	11070
f 11067 	11089 	11091
f 11085 	11092 	11093
f 11088 	11092 	11085
f 11076 	11186 	11081
f 11067 	11091 	11072
f 11085 	11093 	11082
f 11097 	11072 	11091
f 10857 	10836 	11078
f 11097 	10857 	11078
f 11093 	11101 	11082
f 11102 	11107 	8656
f 11102 	11122 	11107
f 11192 	11223 	11089
f 11089 	11203 	11091
f 11089 	11223 	11203
f 11064 	11111 	11065
f 11205 	11097 	11091
f 11107 	11111 	11064
f 11112 	11057 	11055
f 11112 	11055 	10792
f 11112 	11115 	11057
f 9546 	11113 	11118
f 11115 	11088 	11057
f 11114 	11119 	9885
f 11115 	11092 	11088
f 11102 	9546 	11118
f 11118 	11122 	11102
f 11107 	11124 	11111
f 11122 	11124 	11107
f 11114 	11127 	11119
f 11114 	11125 	11127
f 11119 	11127 	11067
f 11113 	11145 	11118
f 11125 	11187 	11192
f 11192 	11127 	11125
f 11067 	11127 	11089
f 11146 	11131 	11130
f 11131 	11146 	10016
f 11122 	11152 	11124
f 9992 	11131 	10016
f 9858 	11140 	11147
f 11139 	11145 	11113
f 11130 	11143 	11146
f 11145 	11148 	11118
f 11140 	11158 	11147
f 11155 	11146 	11143
f 9858 	11147 	9867
f 11147 	11114 	9867
f 11148 	11122 	11118
f 11148 	11152 	11122
f 11136 	11150 	11153
f 11143 	11201 	11155
f 11136 	11153 	11140
f 11146 	10030 	10016
f 11158 	11140 	11153
f 11146 	11155 	10030
f 11147 	11125 	11114
f 11147 	11158 	11125
f 11153 	11150 	11182
f 11148 	11286 	11152
f 11150 	11178 	11182
f 11286 	11345 	11152
f 11172 	11065 	11111
f 11172 	11177 	11070
f 11172 	11196 	11177
f 11193 	11196 	11172
f 11162 	11184 	11167
f 11153 	11185 	11158
f 11070 	11177 	11076
f 11177 	11186 	11076
f 11162 	11329 	11184
f 11153 	11182 	11185
f 11167 	11184 	11138
f 11187 	11158 	11185
f 11167 	11138 	11174
f 11174 	11143 	11130
f 11174 	11138 	11143
f 11125 	11158 	11187
f 11184 	11200 	11138
f 11187 	11185 	11318
f 11111 	11124 	11193
f 11193 	11172 	11111
f 11089 	11127 	11192
f 11375 	11194 	11162
f 11194 	11329 	11162
f 11196 	11197 	11177
f 11313 	11185 	11182
f 11177 	11197 	11186
f 11318 	11185 	11313
f 11138 	11200 	11201
f 11187 	11324 	11192
f 11213 	11193 	11124
f 11187 	11318 	11324
f 11138 	11201 	11143
f 11192 	11324 	11223
f 11216 	11196 	11193
f 11219 	11197 	11196
f 11091 	11203 	11205
f 10954 	11097 	11205
f 11203 	11212 	11205
f 11198 	11207 	11215
f 11152 	11213 	11124
f 11205 	11212 	10971
f 11213 	11216 	11193
f 11198 	11215 	11200
f 11205 	10971 	10954
f 11200 	11217 	11201
f 10971 	11212 	10996
f 11200 	11215 	11217
f 11216 	11219 	11196
f 11553 	11545 	11197
f 10397 	11201 	11217
f 11219 	11553 	11197
f 11345 	11213 	11152
f 11155 	11201 	10397
f 11155 	10402 	10030
f 11216 	11348 	11219
f 10402 	11155 	10397
f 11203 	11223 	11234
f 11223 	11229 	11234
f 12017 	10784 	11233
f 11234 	11212 	11203
f 11241 	11233 	10784
f 11233 	11242 	11235
f 11241 	11242 	11233
f 11207 	11245 	11215
f 11250 	11217 	11215
f 11217 	10502 	10397
f 10502 	11217 	11250
f 11234 	11251 	11212
f 11243 	11245 	11207
f 10800 	10812 	11249
f 11234 	11229 	11246
f 11234 	11246 	11251
f 11215 	11245 	11250
f 10800 	11249 	11241
f 11249 	11252 	11241
f 11246 	11259 	11264
f 11246 	11264 	11251
f 11242 	11241 	11252
f 10996 	11212 	11251
f 10812 	10886 	11262
f 11262 	11249 	10812
f 11265 	11259 	11266
f 11266 	11259 	11299
f 11265 	11268 	11259
f 11259 	11268 	11264
f 11265 	11266 	11268
f 11004 	11251 	11264
f 10516 	11245 	11243
f 10516 	11243 	11270
f 10908 	11406 	11262
f 11250 	11245 	10518
f 11139 	11051 	11235
f 11245 	10516 	10518
f 11299 	11130 	11266
f 11139 	11275 	11145
f 11250 	10518 	10521
f 11268 	11131 	11264
f 11250 	10521 	10502
f 11275 	11139 	11235
f 11268 	11266 	11130
f 11268 	11130 	11131
f 11264 	11131 	9992
f 11278 	11145 	11275
f 11264 	9992 	11004
f 11148 	11145 	11278
f 11286 	11148 	11278
f 11288 	11229 	11225
f 11225 	11281 	11288
f 11246 	11229 	11288
f 11235 	11242 	11295
f 11295 	11275 	11235
f 11278 	11275 	11298
f 11281 	11296 	11299
f 11295 	11298 	11275
f 11298 	11303 	11278
f 11288 	11281 	11299
f 11204 	11386 	11302
f 11288 	11259 	11246
f 11288 	11299 	11259
f 11278 	11303 	11286
f 11386 	11297 	11302
f 11302 	11243 	11204
f 11267 	11302 	11297
f 11162 	11167 	11379
f 11302 	11270 	11243
f 11167 	11296 	11379
f 11204 	11243 	11207
f 11296 	11174 	11299
f 11167 	11174 	11296
f 11299 	11174 	11130
f 11321 	11298 	11295
f 11178 	11310 	11182
f 11294 	11260 	11297
f 11313 	11182 	11310
f 11242 	11316 	11295
f 11297 	11260 	11267
f 11252 	11316 	11242
f 11310 	11334 	11313
f 11316 	11321 	11295
f 11302 	11267 	11270
f 11298 	11327 	11303
f 11298 	11321 	11327
f 11329 	11194 	11323
f 11327 	11366 	11303
f 11252 	11395 	11316
f 11310 	11332 	11334
f 11313 	11334 	11338
f 11333 	11386 	11339
f 11400 	11327 	11321
f 11313 	11338 	11318
f 11324 	11318 	11225
f 11323 	11343 	11329
f 11323 	11339 	11343
f 11318 	11338 	11225
f 11329 	11343 	11198
f 11324 	11225 	11229
f 11324 	11229 	11223
f 11343 	11207 	11198
f 11213 	11347 	11216
f 11345 	11347 	11213
f 11184 	11329 	11198
f 11347 	11348 	11216
f 11198 	11200 	11184
f 11303 	11352 	11286
f 11332 	11363 	11334
f 11303 	11366 	11352
f 11286 	11352 	11345
f 11345 	11354 	11347
f 11352 	11354 	11345
f 11355 	11348 	11347
f 11339 	11204 	11343
f 11338 	11281 	11225
f 11347 	11354 	11355
f 11204 	11207 	11343
f 11363 	11332 	11359
f 11362 	11377 	11365
f 11338 	11334 	11368
f 11334 	11363 	11368
f 11366 	11370 	11352
f 11281 	11338 	11368
f 11352 	11370 	11354
f 11447 	11421 	11359
f 11370 	11376 	11354
f 11359 	11375 	11363
f 11374 	11362 	11720
f 11359 	11421 	11375
f 11363 	11375 	11379
f 11355 	11354 	11376
f 11374 	11377 	11362
f 11368 	11363 	11379
f 11365 	11377 	11381
f 11368 	11296 	11281
f 11366 	11327 	11485
f 11379 	11296 	11368
f 11365 	11381 	11333
f 11386 	11333 	11381
f 11162 	11379 	11375
f 11366 	11489 	11370
f 11204 	11339 	11386
f 11136 	9611 	9660
f 11369 	11287 	11374
f 9611 	11136 	10712
f 11136 	11140 	10712
f 11374 	11292 	11377
f 11249 	11393 	11252
f 11136 	9660 	11150
f 11374 	11287 	11292
f 9660 	9671 	11150
f 11381 	11377 	11294
f 9671 	9685 	11178
f 11393 	11249 	11262
f 11377 	11292 	11294
f 11395 	11252 	11393
f 11381 	11294 	11297
f 9671 	11178 	11150
f 11381 	11297 	11386
f 11316 	11396 	11321
f 9685 	11398 	11178
f 11395 	11396 	11316
f 9685 	9830 	11398
f 11398 	11310 	11178
f 11396 	11400 	11321
f 11485 	11327 	11400
f 11398 	9830 	11405
f 11406 	11393 	11262
f 9830 	11402 	11405
f 11398 	11405 	11332
f 11406 	11409 	11393
f 11398 	11332 	11310
f 11393 	11409 	11395
f 11395 	11411 	11396
f 11409 	11411 	11395
f 11402 	9841 	11441
f 11396 	11413 	11400
f 11411 	11413 	11396
f 11405 	11359 	11332
f 11359 	11405 	11447
f 11418 	11410 	10921
f 11418 	10921 	11423
f 10908 	11019 	11406
f 11423 	11427 	11292
f 11421 	11467 	11682
f 11421 	11682 	11194
f 11292 	11427 	11294
f 11194 	11375 	11421
f 11427 	11260 	11294
f 11481 	11479 	10921
f 11453 	11413 	11411
f 10921 	11397 	11481
f 9841 	9833 	11438
f 11397 	10921 	11401
f 11438 	9833 	11433
f 10921 	11407 	11401
f 10921 	11410 	11407
f 11406 	11442 	11409
f 11441 	9841 	11438
f 11019 	11442 	11406
f 11402 	11441 	11447
f 11461 	11441 	11438
f 11427 	11423 	10921
f 11442 	11448 	11409
f 11442 	11462 	11448
f 10921 	11260 	11427
f 11405 	11402 	11447
f 11448 	11411 	11409
f 11448 	11453 	11411
f 11433 	11457 	11438
f 11433 	11454 	11457
f 11019 	11028 	11442
f 11438 	11457 	11461
f 11442 	11028 	11462
f 11462 	11468 	11448
f 11441 	11467 	11447
f 11470 	11462 	11471
f 11441 	11461 	11467
f 11470 	11474 	11462
f 11447 	11467 	11421
f 11462 	11474 	11468
f 11470 	11471 	11474
f 11448 	11468 	11453
f 11468 	11542 	11453
f 11468 	10150 	11542
f 11737 	11457 	11454
f 10058 	11468 	11474
f 11528 	11481 	11397
f 11468 	10058 	10150
f 11397 	11534 	11528
f 11401 	11534 	11397
f 11366 	11485 	11489
f 9524 	9556 	11490
f 11490 	9556 	11509
f 11490 	9891 	9524
f 11489 	11493 	11370
f 11506 	11510 	11489
f 11489 	11510 	11493
f 11370 	11493 	11376
f 11400 	11413 	11502
f 11433 	9900 	11500
f 11400 	11502 	11485
f 9553 	9559 	11505
f 11489 	11485 	11506
f 11505 	9556 	9553
f 11485 	11502 	11506
f 11369 	11508 	11287
f 11506 	11537 	11510
f 11505 	11509 	9556
f 11490 	11509 	11512
f 11513 	11509 	11514
f 11499 	11401 	11407
f 11514 	11509 	11505
f 11513 	11517 	11509
f 11499 	11407 	11501
f 11509 	11517 	11512
f 11508 	11501 	11410
f 11513 	11514 	11517
f 11490 	11512 	11497
f 11410 	11501 	11407
f 11497 	11512 	11523
f 11508 	11410 	11418
f 11508 	11418 	11287
f 11497 	11523 	11500
f 11287 	11418 	11423
f 11506 	11502 	11536
f 11500 	11454 	11433
f 11287 	11423 	11292
f 11500 	11523 	11454
f 11506 	11536 	11537
f 9559 	11792 	11505
f 11502 	11413 	11532
f 11453 	11532 	11413
f 11532 	11536 	11502
f 11514 	11819 	11517
f 11478 	11590 	11473
f 11539 	8870 	11081
f 11081 	11186 	11539
f 11527 	11481 	11528
f 11479 	11481 	11527
f 11532 	11453 	11542
f 11186 	11197 	11545
f 11532 	11547 	11536
f 11534 	11401 	11499
f 11532 	11542 	11547
f 11545 	11539 	11186
f 11536 	11549 	11537
f 11545 	11551 	11539
f 11547 	11549 	11536
f 11537 	11549 	11041
f 11552 	11554 	12034
f 11553 	11555 	11545
f 11101 	11026 	11552
f 11552 	11026 	11554
f 11545 	11555 	11551
f 11555 	11562 	11551
f 11552 	11082 	11101
f 10176 	11549 	11547
f 11026 	11455 	11554
f 11560 	11554 	11455
f 11455 	11460 	11560
f 11553 	11219 	11573
f 11573 	11219 	11348
f 11553 	11573 	11575
f 11573 	11587 	11575
f 11553 	11575 	11555
f 11555 	11580 	11562
f 11575 	11580 	11555
f 11580 	8782 	11562
f 11348 	11355 	11583
f 11573 	11348 	11583
f 11581 	11588 	11576
f 11583 	11587 	11573
f 11587 	11589 	11575
f 11575 	11589 	11580
f 11589 	8786 	11580
f 11580 	8786 	8782
f 11596 	11583 	11355
f 11560 	11460 	11581
f 11355 	11376 	11596
f 11581 	11464 	11588
f 11596 	11603 	11583
f 11596 	11622 	11603
f 11460 	11464 	11581
f 11464 	11473 	11588
f 11583 	11603 	11587
f 11589 	11587 	11607
f 11588 	11473 	11590
f 11603 	11607 	11587
f 11590 	11478 	11593
f 11589 	8791 	8786
f 11607 	8791 	11589
f 11593 	11479 	11527
f 11593 	11478 	11479
f 11620 	11596 	11376
f 11620 	11622 	11596
f 8931 	8791 	11607
f 11376 	11493 	11620
f 11619 	11501 	11623
f 11622 	11624 	11603
f 11628 	8937 	11622
f 11774 	11623 	11369
f 11622 	8937 	11624
f 11603 	11624 	11607
f 11493 	11510 	11627
f 11627 	11620 	11493
f 11622 	11620 	11628
f 11610 	11534 	11616
f 11627 	11628 	11620
f 11610 	11528 	11534
f 11616 	11534 	11499
f 8952 	11628 	11627
f 11616 	11499 	11619
f 11628 	8957 	8937
f 8952 	8957 	11628
f 11499 	11501 	11619
f 8937 	8939 	11624
f 11623 	11501 	11508
f 11623 	11508 	11369
f 11634 	11627 	11510
f 11510 	11537 	11634
f 11634 	8952 	11627
f 8972 	8952 	11634
f 11537 	11041 	11634
f 11041 	8972 	11634
f 8804 	8818 	11649
f 11652 	11730 	8811
f 11649 	11652 	8811
f 12063 	11653 	11636
f 11636 	11656 	11639
f 11653 	11656 	11636
f 11656 	11657 	11639
f 8818 	11664 	11649
f 11639 	11657 	11646
f 11649 	11697 	11652
f 11657 	11610 	11646
f 11700 	11655 	11652
f 11576 	11588 	11647
f 8710 	8851 	11661
f 11647 	11590 	11653
f 11588 	11590 	11647
f 11661 	8818 	8710
f 11590 	11593 	11653
f 11661 	11664 	8818
f 11653 	11593 	11656
f 11593 	11527 	11656
f 11667 	11661 	8851
f 11656 	11527 	11657
f 11657 	11528 	11610
f 8851 	8870 	11667
f 11657 	11527 	11528
f 11667 	11674 	11661
f 11661 	11674 	11664
f 11675 	11467 	11461
f 11674 	11683 	11664
f 11682 	11467 	11675
f 11674 	11902 	11683
f 11675 	11689 	11693
f 11682 	11675 	11693
f 11682 	11693 	11323
f 11649 	11664 	11697
f 11697 	11700 	11652
f 11682 	11323 	11194
f 11713 	11700 	11697
f 11689 	11333 	11693
f 11693 	11333 	11339
f 11693 	11339 	11323
f 11461 	11705 	11675
f 11683 	11697 	11664
f 11683 	11713 	11697
f 11737 	11709 	11715
f 11713 	11714 	11700
f 11715 	11705 	11737
f 11705 	11689 	11675
f 11705 	11715 	11689
f 11908 	11965 	11713
f 11715 	11709 	11362
f 11722 	9486 	9339
f 11709 	11720 	11362
f 11715 	11362 	11365
f 11715 	11365 	11689
f 11365 	11333 	11689
f 9299 	8811 	11730
f 11774 	11369 	11720
f 11730 	9302 	9299
f 11720 	11369 	11374
f 11735 	9353 	9302
f 11730 	11735 	9302
f 11737 	11454 	11736
f 9353 	11735 	11738
f 11735 	11748 	11738
f 10129 	10130 	11719
f 9353 	11738 	11722
f 10130 	10133 	11719
f 11461 	11457 	11705
f 11738 	11742 	11722
f 11457 	11737 	11705
f 10140 	10142 	11719
f 11652 	11655 	11730
f 10142 	9958 	11719
f 11735 	11730 	11655
f 11736 	11761 	11709
f 11736 	11709 	11737
f 11655 	11748 	11735
f 9964 	9165 	11719
f 11748 	11754 	11738
f 9165 	9166 	11719
f 9166 	9167 	11719
f 11738 	11754 	11742
f 9169 	11719 	9167
f 11750 	11769 	11758
f 9170 	11719 	9169
f 11742 	11760 	11814
f 11754 	11760 	11742
f 11736 	11823 	11761
f 11719 	9170 	9171
f 9171 	9098 	11719
f 9098 	9101 	11719
f 11805 	11768 	11750
f 9101 	9103 	11719
f 9103 	9105 	11719
f 11768 	11769 	11750
f 9105 	9364 	11719
f 11758 	11769 	11774
f 11754 	11851 	11760
f 11851 	11853 	11760
f 9364 	9370 	11719
f 9370 	9371 	11719
f 11758 	11774 	11761
f 11781 	9531 	11780
f 11761 	11720 	11709
f 9371 	9373 	11719
f 11761 	11774 	11720
f 9373 	9374 	11719
f 9374 	9376 	11719
f 11803 	11809 	11780
f 9376 	9378 	11719
f 11768 	11619 	11769
f 9378 	9411 	11719
f 11616 	11619 	11768
f 9411 	9414 	11719
f 11619 	11623 	11769
f 11769 	11623 	11774
f 11794 	9495 	11789
f 11742 	11814 	11789
f 9422 	9424 	11719
f 11789 	11814 	11794
f 9424 	9425 	11719
f 9495 	11794 	9502
f 9425 	9525 	11719
f 9502 	11794 	11803
f 9525 	9526 	11719
f 11792 	11805 	11819
f 11801 	11805 	11792
f 9519 	11719 	9518
f 9502 	11803 	9535
f 9535 	11780 	9531
f 9519 	9520 	11719
f 11803 	11780 	9535
f 9520 	9455 	11719
f 9455 	10160 	11719
f 11796 	11646 	11801
f 11639 	11646 	11796
f 11781 	12040 	12031
f 11801 	11646 	11811
f 11789 	11722 	11742
f 11801 	11811 	11805
f 11811 	11768 	11805
f 11794 	11815 	11803
f 11811 	11616 	11768
f 11814 	11815 	11794
f 11815 	11809 	11803
f 11811 	11646 	11610
f 11811 	11610 	11616
f 9415 	9416 	11719
f 11505 	11792 	11819
f 11819 	11514 	11505
f 11512 	11517 	11821
f 11814 	11827 	11815
f 11819 	11821 	11517
f 11512 	11821 	11823
f 11823 	11523 	11512
f 11736 	11454 	11523
f 11823 	11736 	11523
f 11719 	9526 	9518
f 11821 	11819 	11750
f 11827 	11814 	11760
f 11805 	11750 	11819
f 11827 	11825 	11815
f 11750 	11758 	11821
f 11821 	11758 	11823
f 9421 	11719 	9416
f 11823 	11758 	11761
f 11815 	11825 	11809
f 9421 	9422 	11719
f 11835 	8972 	11833
f 11827 	11836 	11825
f 11719 	10160 	10162
f 8994 	11841 	9030
f 10164 	11719 	10162
f 11655 	11700 	11843
f 11719 	10164 	10165
f 11838 	11841 	8994
f 10167 	11719 	10165
f 11655 	11843 	11748
f 11848 	11754 	11748
f 11901 	9032 	9030
f 11843 	11848 	11748
f 11848 	11851 	11754
f 11852 	11833 	10233
f 11833 	11852 	11835
f 11852 	11857 	11835
f 11827 	11760 	11853
f 11835 	11857 	11838
f 11841 	11838 	11859
f 11853 	11836 	11827
f 11857 	11859 	11838
f 11852 	10233 	10250
f 11700 	11714 	11843
f 11868 	11852 	10250
f 11714 	11865 	11843
f 11848 	11843 	11865
f 11719 	10167 	10168
f 11719 	9414 	9415
f 11879 	11853 	11851
f 10250 	10659 	11868
f 11852 	11868 	11857
f 11857 	11871 	11859
f 11872 	8478 	11836
f 11868 	11871 	11857
f 11859 	11871 	11875
f 10169 	11719 	10168
f 11871 	11890 	11875
f 8572 	8478 	11872
f 10127 	11719 	10169
f 11875 	11866 	11859
f 10129 	11719 	10127
f 11877 	11851 	11848
f 10138 	11719 	10133
f 10138 	10140 	11719
f 11865 	11877 	11848
f 11875 	11878 	11866
f 11879 	11851 	11877
f 11719 	9958 	9961
f 9961 	9964 	11719
f 11853 	11872 	11836
f 11879 	11872 	11853
f 11883 	11884 	8530
f 10659 	10677 	11868
f 11714 	12000 	11865
f 11868 	10677 	11871
f 11865 	12000 	12003
f 11891 	11883 	11939
f 11893 	11884 	11883
f 11877 	11865 	12003
f 10677 	11890 	11871
f 11891 	11893 	11883
f 11890 	11968 	11875
f 11893 	8642 	11884
f 11998 	11872 	11879
f 11875 	11968 	11878
f 11896 	8870 	11539
f 11539 	11551 	11896
f 8870 	11896 	11667
f 11891 	11988 	11893
f 10677 	11050 	11890
f 11667 	11897 	11674
f 11050 	11055 	11890
f 11896 	11897 	11667
f 9030 	11841 	11901
f 11897 	11902 	11674
f 9554 	9568 	11906
f 9032 	11905 	9086
f 11906 	11899 	9554
f 11899 	11907 	11903
f 11901 	11905 	9032
f 11683 	11908 	11713
f 11899 	11906 	11907
f 11903 	11907 	11914
f 11907 	11937 	11914
f 11905 	11932 	11912
f 11902 	11908 	11683
f 11929 	11932 	11905
f 11903 	11914 	9084
f 11914 	11921 	9084
f 11714 	11713 	11965
f 11923 	8897 	8894
f 11921 	11923 	8894
f 11866 	11901 	11841
f 8897 	11923 	8530
f 11841 	11859 	11866
f 11866 	11929 	11901
f 11906 	11961 	11907
f 11901 	11929 	11905
f 11551 	11930 	11896
f 11897 	11896 	11930
f 11897 	11934 	11902
f 11938 	11939 	11921
f 11921 	11939 	11923
f 11866 	11878 	11929
f 11930 	11934 	11897
f 11923 	11883 	8530
f 11939 	11883 	11923
f 11934 	11936 	11902
f 11914 	11938 	11921
f 11937 	11938 	11914
f 11908 	11902 	11936
f 11961 	11944 	11937
f 11937 	11944 	11946
f 11957 	11934 	11930
f 11878 	11947 	11929
f 11938 	11937 	11946
f 11939 	11938 	11886
f 11946 	11886 	11938
f 11886 	11891 	11939
f 11551 	11562 	11930
f 11562 	11957 	11930
f 11906 	9568 	11958
f 9586 	11958 	9568
f 11941 	11959 	11960
f 11961 	11906 	11958
f 11937 	11907 	11961
f 8782 	11957 	11562
f 9586 	11963 	11958
f 11957 	8782 	8813
f 9586 	9604 	11963
f 11958 	11963 	11966
f 11963 	9604 	12033
f 11958 	11966 	11961
f 11961 	11966 	11944
f 11878 	11971 	11947
f 11908 	11972 	11965
f 11971 	11878 	11968
f 11936 	11972 	11908
f 11966 	8487 	11944
f 11972 	12008 	11965
f 11971 	11974 	11947
f 11946 	8474 	11984
f 11934 	11985 	11936
f 11947 	11974 	11951
f 11984 	11886 	11946
f 11959 	11941 	11951
f 11957 	11985 	11934
f 11986 	11891 	11886
f 11985 	11987 	11936
f 11974 	11959 	11951
f 11886 	11984 	11986
f 11988 	11891 	11986
f 11960 	11959 	11082
f 11987 	11972 	11936
f 11085 	11082 	11959
f 11893 	11991 	8642
f 11987 	11989 	11972
f 11988 	11991 	11893
f 11082 	11552 	11960
f 11991 	9546 	8642
f 8813 	11985 	11957
f 11992 	11984 	8474
f 11968 	11890 	11055
f 8813 	8817 	11985
f 8474 	8489 	11992
f 11987 	11985 	8817
f 11984 	11992 	11994
f 11057 	11971 	11968
f 11987 	8820 	11989
f 11055 	11057 	11968
f 8817 	8820 	11987
f 8871 	11989 	8820
f 11984 	11994 	11986
f 11986 	11995 	11988
f 11971 	11088 	11974
f 11872 	11998 	8572
f 11986 	11994 	11995
f 11057 	11088 	11971
f 11995 	11999 	11988
f 11088 	11085 	11974
f 11988 	11999 	11991
f 11974 	11085 	11959
f 11991 	11113 	9546
f 11999 	11113 	11991
f 12000 	11714 	11965
f 12013 	11992 	8489
f 9183 	11912 	12002
f 11877 	12005 	11879
f 12003 	12005 	11877
f 11994 	12017 	11995
f 12005 	11998 	11879
f 8601 	11998 	12006
f 12009 	8489 	8485
f 11965 	12008 	12000
f 12011 	12002 	11912
f 12009 	8485 	12028
f 12000 	12012 	12003
f 12009 	12013 	8489
f 12008 	12012 	12000
f 11912 	11932 	12011
f 12003 	12014 	12005
f 12011 	12007 	12002
f 12009 	10778 	12013
f 12012 	12014 	12003
f 11994 	11992 	12016
f 12014 	12006 	12005
f 12002 	12007 	12001
f 12016 	11992 	12013
f 12017 	11994 	12016
f 11998 	12005 	12006
f 12006 	8645 	8601
f 11999 	11995 	11051
f 11929 	11947 	11932
f 11972 	11989 	12008
f 12017 	11051 	11995
f 11051 	11139 	11999
f 11951 	11932 	11947
f 11999 	11139 	11113
f 12012 	12023 	12014
f 11932 	11951 	12011
f 12014 	12018 	12006
f 12009 	10754 	10778
f 12011 	11941 	12007
f 8645 	12006 	12018
f 11951 	11941 	12011
f 10781 	12016 	12013
f 10778 	10781 	12013
f 10781 	10784 	12016
f 12016 	10784 	12017
f 11233 	11051 	12017
f 12002 	9177 	9183
f 11989 	12020 	12008
f 12002 	12001 	9177
f 12008 	12020 	12012
f 9177 	12001 	9172
f 12020 	12023 	12012
f 11941 	12024 	12007
f 11989 	8871 	12020
f 12020 	8876 	12023
f 12021 	9668 	12025
f 12025 	9668 	9678
f 12018 	12014 	12023
f 12021 	12025 	12026
f 12018 	9209 	8645
f 9209 	12018 	8868
f 12021 	12026 	12022
f 12022 	12028 	8485
f 12022 	12026 	12028
f 12020 	8871 	8876
f 12025 	9678 	10827
f 8876 	8868 	12023
f 12025 	10829 	12026
f 12018 	12023 	8868
f 12025 	10827 	10829
f 12026 	10833 	12028
f 12029 	12038 	12030
f 12026 	10829 	10833
f 12036 	12038 	12029
f 12028 	10754 	12009
f 10236 	10234 	12032
f 11960 	12024 	11941
f 12034 	12027 	12024
f 12031 	12032 	10234
f 12024 	11960 	12034
f 12032 	12035 	10236
f 12034 	12036 	12027
f 12037 	11963 	12033
f 9704 	12021 	12033
f 11960 	11552 	12034
f 12033 	12022 	12037
f 12033 	12021 	12022
f 12037 	11966 	11963
f 12027 	12036 	12029
f 12035 	10299 	10241
f 8487 	11966 	12037
f 12022 	8485 	12037
f 12039 	11781 	11780
f 12037 	8485 	8487
f 12030 	12038 	11576
f 11809 	12039 	11780
f 12038 	11581 	11576
f 12039 	12040 	11781
f 8474 	11946 	11944
f 11944 	8487 	8474
f 8489 	8474 	8487
f 12031 	12041 	12032
f 12040 	12041 	12031
f 12041 	12042 	12032
f 12034 	11554 	12036
f 12036 	11560 	12038
f 12032 	12042 	12035
f 11554 	11560 	12036
f 11560 	11581 	12038
f 12043 	9172 	12001
f 12043 	12044 	9456
f 11809 	12047 	12039
f 12044 	9461 	9456
f 12049 	12050 	12040
f 12040 	12050 	12041
f 12045 	12043 	12001
f 12001 	12007 	12045
f 12045 	12046 	12043
f 12045 	12027 	12046
f 12024 	12027 	12045
f 12043 	12046 	12044
f 12046 	12048 	12044
f 11809 	11825 	12047
f 12039 	12047 	12049
f 12047 	12065 	12049
f 12045 	12007 	12024
f 12039 	12049 	12040
f 12046 	12029 	12048
f 12027 	12029 	12046
f 12029 	12030 	12048
f 9461 	12051 	9361
f 12044 	12051 	9461
f 12051 	12052 	9361
f 9361 	12052 	9368
f 9541 	9368 	12053
f 12052 	12053 	9368
f 12035 	12054 	10299
f 12042 	12054 	12035
f 12048 	12051 	12044
f 12055 	12052 	12051
f 12054 	12056 	10299
f 12048 	12055 	12051
f 12055 	12057 	12052
f 12041 	12058 	12042
f 12052 	12057 	12053
f 12057 	12059 	12053
f 12041 	12050 	12058
f 12058 	12060 	12042
f 12058 	12071 	12060
f 12060 	12054 	12042
f 12054 	12061 	12056
f 12048 	12030 	12055
f 12055 	12062 	12057
f 12060 	12061 	12054
f 12056 	12061 	8495
f 12030 	12062 	12055
f 12062 	12063 	12057
f 12056 	8495 	10375
f 12057 	12063 	12059
f 12059 	11636 	12072
f 11636 	12059 	12063
f 12030 	11576 	12062
f 12063 	12062 	11647
f 11576 	11647 	12062
f 11647 	11653 	12063
f 11825 	11836 	12064
f 12064 	12047 	11825
f 9172 	12043 	9456
f 12064 	12065 	12047
f 12053 	12067 	9541
f 12066 	12050 	12049
f 12053 	12059 	12067
f 12067 	9542 	9541
f 12065 	12066 	12049
f 12066 	12069 	12050
f 12068 	9543 	9542
f 12067 	12068 	9542
f 12068 	12070 	9543
f 12058 	12050 	12069
f 12070 	9559 	9543
f 12069 	12071 	12058
f 12060 	8498 	12061
f 12060 	12071 	8498
f 12068 	12067 	12072
f 8498 	8503 	12061
f 12059 	12072 	12067
f 12070 	12068 	11796
f 12061 	8503 	8495
f 8478 	12064 	11836
f 12072 	11796 	12068
f 11796 	11801 	12070
f 12070 	11801 	11792
f 12064 	8480 	12065
f 8478 	8480 	12064
f 12073 	12065 	8480
f 11636 	11639 	12072
f 11639 	11796 	12072
f 12065 	12073 	12066
f 12066 	12082 	12069
f 12073 	12082 	12066
f 12082 	8520 	12069
f 8672 	8520 	12082
f 8593 	8672 	12082
f 12069 	8520 	12071
f 12071 	8523 	8498
f 12071 	8520 	8523
f 12073 	8480 	8587
f 12073 	8593 	12082
# 2232 faces

g group_5_7720667

usemtl color_7720667
s 0

f 8538 	8623 	8537
f 8612 	8540 	8617
f 8610 	8589 	8612
f 8541 	8617 	8540
f 8542 	8620 	8541
f 8537 	8623 	8542
f 8548 	8635 	8547
f 8549 	8638 	8548
f 8550 	8638 	8549
f 8547 	8633 	8546
f 8628 	8553 	8551
f 8553 	8628 	8552
f 8555 	9888 	8556
f 8589 	8610 	8588
f 8588 	8608 	8578
f 8576 	8578 	8606
f 8606 	8600 	8576
f 8540 	8612 	8589
f 8588 	9870 	8589
f 9869 	8540 	8589
f 8600 	8829 	8576
f 8606 	8578 	8608
f 8608 	8588 	8610
f 8617 	8541 	8620
f 8608 	8610 	11733
f 8610 	8612 	11733
f 8612 	8617 	11724
f 8552 	8626 	8538
f 8617 	8620 	11724
f 8620 	8542 	8623
f 8623 	8538 	8626
f 8626 	8552 	8628
f 8546 	8551 	8553
f 11787 	8626 	8628
f 11777 	11787 	8551
f 8628 	8551 	11787
f 8551 	8546 	8633
f 8633 	8547 	8635
f 8551 	8633 	11777
f 8635 	8548 	8638
f 8635 	8638 	11783
f 8702 	8703 	8640
f 8638 	8640 	8703
f 8640 	8554 	8643
f 8640 	8643 	8709
f 8646 	8643 	8555
f 8554 	8555 	8643
f 8638 	8550 	8640
f 8554 	8640 	8550
f 8716 	8717 	8556
f 8749 	8765 	8687
f 9888 	8685 	8556
f 8704 	8640 	8709
f 8646 	8711 	8643
f 8709 	8643 	8711
f 8646 	8684 	8713
f 8719 	8713 	8684
f 8555 	8556 	8646
f 8765 	8716 	8685
f 8685 	8687 	8765
f 8694 	8749 	8687
f 8691 	8722 	8684
f 8695 	8749 	8694
f 8695 	9822 	8755
f 8702 	8640 	8704
f 8713 	8711 	8646
f 8691 	8556 	8721
f 8691 	8684 	8556
f 8684 	8646 	8556
f 8719 	8684 	8722
f 8721 	8724 	8691
f 8722 	8691 	8724
f 8556 	8685 	8716
f 8746 	8749 	8695
f 8695 	8755 	8746
f 8755 	9822 	8757
f 9821 	8759 	8757
f 8717 	8721 	8556
f 8779 	8835 	8778
f 8780 	8781 	8778
f 8777 	8778 	8781
f 8848 	8849 	9838
f 8777 	9837 	8778
f 8779 	8778 	8784
f 9837 	8784 	8778
f 8788 	8785 	8841
f 8779 	8785 	8790
f 8784 	8785 	8779
f 8788 	8790 	8785
f 9837 	9894 	8784
f 8803 	9892 	8805
f 8784 	8798 	8785
f 8809 	8785 	8798
f 8809 	8798 	8808
f 8801 	8808 	8798
f 8803 	8807 	8801
f 8807 	8808 	8801
f 8805 	8807 	8803
f 8809 	11977 	11973
f 8809 	11973 	8785
f 11978 	11977 	8808
f 8809 	8808 	11977
f 8808 	8807 	11978
f 8821 	8575 	8822
f 8805 	8575 	8821
f 11980 	11979 	8821
f 8822 	11980 	8821
f 8807 	8821 	11979
f 8805 	8821 	8807
f 8822 	8575 	8829
f 8822 	8829 	11980
f 8575 	8576 	8829
f 8780 	8778 	8835
f 8835 	8779 	8790
f 8845 	8777 	8781
f 8849 	11414 	9838
f 8924 	9821 	8923
f 9825 	8923 	9821
f 8924 	8936 	9821
f 9821 	8936 	8759
f 9825 	8863 	8864
f 9825 	8864 	8923
f 9896 	9846 	8867
f 9845 	8900 	9846
f 9896 	8873 	8874
f 8863 	9824 	8865
f 8865 	9824 	8874
f 9896 	8867 	8873
f 8874 	8873 	8877
f 8877 	8867 	8869
f 8877 	8873 	8867
f 8879 	8865 	8874
f 8880 	8879 	8874
f 8874 	8877 	8881
f 8881 	8883 	8874
f 8880 	8874 	8883
f 8867 	8898 	8899
f 8904 	8869 	8905
f 8905 	8869 	8907
f 8867 	8907 	8869
f 8907 	8867 	8899
f 8877 	8911 	8881
f 8877 	8869 	8911
f 8904 	8911 	8869
f 9821 	9822 	9823
f 9821 	9823 	9825
f 9824 	9825 	9823
f 9886 	9823 	8694
f 9823 	9822 	8694
f 9821 	8757 	9822
f 9896 	8874 	9824
f 8695 	8694 	9822
f 8863 	9825 	9824
f 10285 	9863 	9838
f 10285 	10286 	9863
f 9846 	9876 	9845
f 8845 	8848 	9838
f 8898 	9846 	8900
f 10298 	11595 	9845
f 8777 	9838 	9837
f 8777 	8845 	9838
f 9864 	9865 	9863
f 9863 	9865 	9866
f 9863 	9866 	9868
f 9863 	9868 	9869
f 9863 	9869 	9870
f 9863 	9870 	9871
f 9863 	9871 	9872
f 9863 	9872 	9873
f 9892 	9893 	9863
f 9880 	10298 	9879
f 9878 	9879 	10298
f 9877 	9878 	10298
f 9881 	10298 	9880
f 9883 	10298 	9881
f 9863 	10298 	9883
f 9888 	9896 	9887
f 9889 	9896 	9888
f 9890 	9896 	9889
f 9876 	9896 	9890
f 9886 	9887 	9896
f 9873 	9892 	9863
f 9893 	9894 	9863
f 9894 	9837 	9863
f 9838 	9863 	9837
f 10298 	9845 	9877
f 9876 	9877 	9845
f 9846 	9896 	9876
f 9823 	9886 	9896
f 9823 	9896 	9824
f 8575 	8805 	9873
f 8575 	9873 	8576
f 8576 	9872 	8578
f 9871 	9870 	8578
f 8588 	8578 	9870
f 9869 	8589 	9870
f 8537 	8542 	9864
f 9864 	9863 	8538
f 9864 	8538 	8537
f 9883 	8552 	9863
f 9881 	8553 	8552
f 9881 	8546 	8553
f 8548 	8547 	9878
f 9878 	8549 	8548
f 9879 	8547 	8546
f 8549 	9877 	8550
f 8550 	9876 	8554
f 8555 	8554 	9889
f 9890 	9889 	8554
f 8555 	9889 	9888
f 9888 	9887 	8685
f 9887 	9886 	8685
f 8687 	8685 	9886
f 9886 	8694 	8687
f 8798 	8784 	9894
f 9894 	8801 	8798
f 9873 	8805 	9892
f 8898 	8867 	9846
f 9872 	8576 	9873
f 9871 	8578 	9872
f 9868 	8540 	9869
f 8540 	9868 	8541
f 9866 	8541 	9868
f 9866 	9865 	8541
f 8542 	9865 	9864
f 8538 	9863 	8552
f 8547 	9879 	9878
f 8542 	8541 	9865
f 9883 	9881 	8552
f 8546 	9881 	9880
f 9880 	9879 	8546
f 8549 	9878 	9877
f 9876 	8550 	9877
f 9890 	8554 	9876
f 9892 	8803 	8801
f 9894 	9893 	8801
f 9893 	9892 	8801
f 10288 	9863 	10287
f 10289 	9863 	10288
f 10290 	9863 	10289
f 10291 	9863 	10290
f 10292 	9863 	10291
f 10286 	10287 	9863
f 10293 	9863 	10292
f 10294 	9863 	10293
f 10295 	9863 	10294
f 10297 	9863 	10295
f 10298 	9863 	10297
f 11435 	10286 	10285
f 11530 	10291 	11529
f 11525 	11526 	10289
f 10295 	11565 	10297
f 11488 	11484 	10287
f 10287 	10286 	11488
f 10297 	11597 	10298
f 11415 	11424 	10285
f 11435 	10285 	11424
f 11415 	10285 	11414
f 10285 	9838 	11414
f 11435 	11437 	10286
f 10288 	10287 	11484
f 11488 	10286 	11437
f 11529 	10290 	11526
f 11487 	11558 	10288
f 11557 	11525 	10289
f 11558 	11557 	10288
f 10290 	10289 	11526
f 11582 	10291 	11544
f 11544 	10291 	11530
f 11567 	10297 	11565
f 10294 	11584 	10295
f 11584 	10294 	11585
f 11585 	10293 	11586
f 10292 	11586 	10293
f 11586 	10292 	11582
f 10291 	11582 	10292
f 10290 	11529 	10291
f 11565 	10295 	11568
f 10293 	11585 	10294
f 10289 	10288 	11557
f 10288 	11484 	11487
f 11568 	10295 	11570
f 11574 	10295 	11584
f 11570 	10295 	11574
f 8900 	9845 	8903
f 11595 	10298 	11599
f 11597 	10297 	11567
f 8903 	9845 	11595
f 11599 	10298 	11598
f 11597 	11598 	10298
f 11726 	11727 	11725
f 11727 	11728 	11725
f 11724 	11725 	11728
f 11733 	11734 	11743
f 11728 	11743 	11734
f 11724 	11728 	11734
f 11729 	8829 	8600
f 8600 	8606 	11731
f 8600 	11731 	11729
f 8606 	8608 	11732
f 8606 	11732 	11731
f 8608 	11733 	11732
f 11733 	8612 	11734
f 8612 	11724 	11734
f 11724 	8620 	11725
f 8620 	8623 	11726
f 8620 	11726 	11725
f 8623 	8626 	11726
f 11732 	11733 	11743
f 11779 	11785 	11778
f 11783 	11785 	11779
f 11777 	11778 	11785
f 11726 	11786 	11727
f 11786 	11787 	11727
f 11785 	11727 	11787
f 11777 	11785 	11787
f 8626 	11786 	11726
f 8626 	11787 	11786
f 11777 	8633 	11778
f 11779 	11778 	8635
f 8633 	8635 	11778
f 8635 	11783 	11779
f 8703 	11795 	8638
f 11783 	11795 	11785
f 11783 	8638 	11795
f 11924 	11925 	11926
f 11924 	11927 	11925
f 8841 	8785 	11996
f 11973 	11996 	8785
f 11979 	11993 	11978
f 11977 	11978 	11982
f 11980 	11993 	11979
f 11729 	11993 	11981
f 11981 	11993 	11980
f 11982 	11983 	11977
f 11983 	11996 	11977
f 11978 	8807 	11979
f 11980 	8829 	11981
f 8829 	11729 	11981
f 11731 	11993 	11729
f 11743 	11993 	11732
f 11982 	11978 	11993
f 11731 	11732 	11993
f 11973 	11977 	11996
# 344 faces

g group_5_8273816

usemtl color_8273816
s 0

f 8475 	8471 	8473
f 8493 	8491 	8470
f 8490 	8491 	11579
f 8490 	11579 	8488
f 9149 	11579 	8494
f 8491 	8493 	11579
f 8492 	8562 	8533
f 8492 	8568 	8562
f 11579 	8561 	8488
f 8484 	8468 	8515
f 8767 	8511 	8513
f 8828 	8517 	8518
f 8496 	11767 	11765
f 8516 	8826 	8519
f 8490 	8515 	8491
f 8522 	8494 	8493
f 8516 	8519 	8524
f 8605 	8524 	8519
f 8515 	8512 	8483
f 8515 	8483 	8484
f 8468 	8469 	8491
f 8491 	8515 	8468
f 8545 	8468 	8484
f 8518 	8517 	8524
f 8566 	8518 	8524
f 8511 	8518 	8566
f 8514 	8508 	10816
f 8484 	8483 	8545
f 8525 	8502 	8562
f 8533 	8797 	8492
f 8539 	8501 	8500
f 8532 	8513 	8565
f 10816 	8775 	8514
f 8513 	8532 	8767
f 8647 	8543 	8479
f 8483 	8682 	8545
f 8579 	8536 	8534
f 8500 	8499 	8539
f 8560 	9400 	8758
f 8504 	8488 	8561
f 8499 	8504 	8561
f 8499 	8561 	8539
f 8559 	8528 	8761
f 8559 	8723 	8521
f 8565 	8564 	8529
f 8529 	8532 	8565
f 8513 	8511 	8565
f 8566 	8565 	8511
f 8562 	8502 	8533
f 8797 	8533 	8799
f 11818 	8562 	8568
f 8570 	8662 	8577
f 8536 	8579 	8475
f 8586 	8579 	8534
f 8483 	8512 	8592
f 8512 	8604 	8592
f 8586 	8794 	11672
f 8534 	8795 	8586
f 8502 	8799 	8533
f 8599 	8590 	8639
f 8604 	8639 	8590
f 8590 	8592 	8604
f 8517 	8516 	8524
f 8594 	8605 	8519
f 8595 	8605 	8594
f 8639 	8636 	8596
f 8596 	8599 	8639
f 8632 	8630 	8584
f 8584 	8611 	8632
f 8676 	8653 	8584
f 8636 	8632 	8611
f 8611 	8597 	8636
f 8597 	8596 	8636
f 8651 	8673 	8647
f 8676 	8660 	8654
f 8676 	8654 	8653
f 8655 	8641 	8650
f 8641 	8655 	8649
f 8679 	8650 	8725
f 8570 	8571 	8662
f 8650 	8720 	8655
f 8696 	8692 	8641
f 8758 	8751 	8661
f 8637 	8609 	8670
f 8661 	8662 	8758
f 8670 	8609 	8631
f 8479 	8668 	8773
f 8670 	11291 	8637
f 8674 	8673 	8651
f 8674 	8651 	8660
f 8630 	8676 	8584
f 8674 	8660 	8676
f 8668 	8678 	8773
f 8773 	8678 	8856
f 8671 	8680 	11800
f 8671 	8679 	8680
f 8688 	8683 	10616
f 8692 	8680 	8679
f 8592 	8590 	8682
f 8682 	8483 	8592
f 8486 	8734 	8700
f 8688 	8661 	8751
f 8574 	8727 	8573
f 8700 	8698 	8505
f 8696 	8473 	8692
f 8700 	8734 	8698
f 11788 	8609 	8637
f 8584 	8653 	8744
f 8698 	8707 	8505
f 8747 	8596 	8597
f 8496 	8700 	8505
f 8747 	8732 	8596
f 8682 	8590 	8732
f 8774 	8696 	8641
f 8774 	8536 	8696
f 8707 	8543 	8505
f 8611 	8584 	8744
f 8615 	8616 	8754
f 8753 	8754 	8616
f 8723 	8559 	8689
f 8725 	8650 	8641
f 8621 	8753 	8616
f 8559 	8761 	8689
f 8753 	8621 	8625
f 8679 	8725 	8692
f 8725 	8641 	8692
f 8729 	8573 	8727
f 8704 	8709 	11793
f 8728 	8649 	8896
f 8727 	8574 	8501
f 8800 	8723 	8689
f 8573 	8729 	8582
f 8711 	11793 	8709
f 8715 	10667 	8730
f 8599 	8596 	8732
f 8568 	8492 	8733
f 8711 	8713 	11793
f 8719 	11793 	8713
f 8719 	8722 	11793
f 8716 	11793 	8722
f 8730 	8783 	8715
f 8599 	8732 	8590
f 8492 	8731 	8733
f 8717 	8716 	8722
f 8721 	8717 	8722
f 8582 	8729 	8625
f 8724 	8721 	8722
f 8731 	8631 	8733
f 8842 	8729 	8727
f 8734 	8810 	8698
f 8707 	8698 	8810
f 8727 	8539 	8842
f 8501 	8539 	8727
f 10515 	8810 	8734
f 11504 	11289 	8740
f 8733 	8631 	8609
f 8597 	8611 	8747
f 8744 	8747 	8611
f 8736 	8750 	8746
f 8750 	8749 	8746
f 8625 	8729 	8753
f 8762 	8641 	8649
f 8746 	8755 	8736
f 8757 	8736 	8755
f 8728 	8762 	8649
f 8728 	8764 	8762
f 8757 	8759 	8736
f 8707 	8668 	8479
f 8543 	8707 	8479
f 8728 	8852 	8764
f 8758 	8662 	8571
f 8728 	8855 	8852
f 8741 	11707 	11716
f 8750 	11822 	8749
f 8819 	8689 	8761
f 8571 	8507 	8758
f 8631 	8731 	8741
f 8774 	8641 	8762
f 8764 	8774 	8762
f 8756 	9060 	9064
f 8763 	8902 	8787
f 8668 	8770 	8772
f 8765 	11822 	8716
f 8772 	8678 	8668
f 8767 	8677 	8701
f 8532 	8529 	8677
f 8856 	8744 	8773
f 8772 	9000 	8665
f 8532 	8677 	8767
f 8856 	8772 	8665
f 8514 	8775 	8769
f 8856 	8678 	8772
f 8744 	8653 	8773
f 8654 	8660 	8773
f 8479 	8773 	8660
f 8507 	8560 	8758
f 8651 	8479 	8660
f 8774 	8776 	8534
f 8534 	8536 	8774
f 8774 	8764 	8776
f 8528 	8793 	8761
f 8795 	8534 	8776
f 8795 	8796 	8797
f 8666 	8793 	8667
f 8795 	8797 	8799
f 8800 	8802 	10533
f 8794 	8795 	8799
f 8707 	8816 	8770
f 8770 	8668 	8707
f 8669 	8667 	8793
f 8528 	8669 	8793
f 8688 	8751 	8806
f 8761 	8793 	8763
f 8816 	8707 	8810
f 8756 	9100 	9551
f 9551 	9060 	8756
f 8654 	8773 	8653
f 8663 	8664 	8815
f 8754 	8815 	8664
f 8767 	8701 	8812
f 8666 	8663 	8815
f 8701 	8715 	8812
f 8783 	8812 	8715
f 8664 	8615 	8754
f 8815 	8793 	8666
f 10515 	10506 	8810
f 8796 	8492 	8797
f 8754 	8902 	8815
f 8802 	8689 	8819
f 8794 	8586 	8795
f 8819 	8823 	11311
f 8492 	8796 	8731
f 8827 	8731 	8796
f 8732 	8567 	8682
f 8741 	8731 	8831
f 8827 	8831 	8731
f 8832 	8629 	8602
f 8795 	8833 	8796
f 8828 	8511 	8767
f 8832 	8602 	8567
f 8827 	8796 	8833
f 8859 	8644 	8832
f 8832 	8644 	8629
f 8781 	8780 	8790
f 8788 	10772 	8790
f 8516 	8517 	8826
f 8828 	8826 	8517
f 8827 	8855 	8831
f 8732 	8859 	8832
f 8780 	8835 	8790
f 8823 	8819 	8763
f 8567 	8732 	8832
f 8761 	8763 	8819
f 8802 	8800 	8689
f 8839 	8729 	8842
f 8763 	8787 	8823
f 8843 	8563 	8603
f 8833 	8795 	8776
f 8837 	8836 	8850
f 8603 	8882 	8843
f 8618 	8839 	8598
f 8598 	8839 	8842
f 8781 	8790 	8845
f 8841 	10772 	8788
f 8844 	8837 	8850
f 8848 	8845 	10772
f 8833 	8852 	8827
f 8856 	8644 	8859
f 8827 	8852 	8855
f 8814 	9473 	8858
f 8665 	8644 	8856
f 9473 	9484 	8858
f 9484 	8843 	8858
f 8859 	8732 	8747
f 8856 	8859 	8747
f 8744 	8856 	8747
f 8852 	8833 	8776
f 8850 	9397 	8844
f 8776 	8764 	8852
f 8858 	8843 	8882
f 8758 	8850 	8836
f 8723 	8857 	8860
f 8521 	8723 	8860
f 8844 	9397 	9381
f 8751 	8758 	8836
f 10787 	8857 	8723
f 9397 	8850 	8758
f 9439 	8814 	8872
f 8858 	8872 	8814
f 8839 	8618 	8659
f 9160 	8519 	8826
f 8862 	8861 	8659
f 8518 	8511 	8828
f 8659 	8658 	8862
f 8861 	8839 	8659
f 8861 	8862 	8754
f 8753 	8861 	8754
f 8729 	8839 	8861
f 8886 	8864 	8863
f 8863 	8865 	8886
f 8714 	8895 	8896
f 8861 	8753 	8729
f 8879 	8880 	8886
f 8865 	8879 	8886
f 8896 	8720 	8714
f 8783 	9012 	8812
f 8883 	8881 	8886
f 8880 	8883 	8886
f 8866 	8887 	8901
f 8754 	8862 	8902
f 8902 	8763 	8793
f 8866 	8901 	8854
f 8902 	8793 	8815
f 8901 	8910 	8854
f 8878 	8909 	8926
f 8740 	8909 	8878
f 11446 	8740 	8878
f 8862 	8787 	8902
f 8881 	8911 	8886
f 11602 	8886 	8904
f 8862 	8658 	8787
f 8899 	8898 	8907
f 8898 	11602 	8907
f 8900 	8903 	11602
f 8903 	11595 	11602
f 8904 	8886 	8911
f 8910 	11704 	8671
f 8946 	8836 	8837
f 8602 	8629 	8922
f 11602 	8920 	8886
f 8858 	8882 	11686
f 8629 	8921 	8922
f 8946 	8751 	8836
f 8504 	8499 	8932
f 8488 	8504 	8932
f 8499 	8500 	8932
f 8500 	8501 	8928
f 8574 	8925 	8501
f 8736 	8886 	8920
f 11716 	8740 	8557
f 8928 	8932 	8500
f 8481 	8736 	8920
f 9346 	8887 	8866
f 9309 	9346 	8866
f 8490 	8488 	8932
f 8919 	8490 	8932
f 8494 	8918 	8932
f 8918 	8919 	8932
f 8736 	8924 	8923
f 8923 	8864 	8736
f 8926 	8909 	11707
f 8886 	8736 	8864
f 8912 	8930 	9102
f 8940 	8942 	8669
f 8759 	8936 	8736
f 8924 	8736 	8936
f 8946 	8912 	8933
f 8942 	8945 	8667
f 8912 	8946 	8930
f 8667 	8669 	8942
f 8915 	8916 	8618
f 8915 	8618 	8598
f 8664 	8663 	8948
f 8663 	8666 	8948
f 8945 	8948 	8666
f 8666 	8667 	8945
f 8616 	8615 	8951
f 8921 	8629 	8947
f 8947 	8629 	8644
f 8878 	8926 	8927
f 11997 	8946 	8933
f 8837 	8930 	8946
f 8615 	8664 	8948
f 8615 	8948 	8951
f 8947 	8665 	8949
f 8949 	8665 	9000
f 8951 	8955 	8616
f 8946 	11997 	8806
f 8947 	8644 	8665
f 8946 	8806 	8751
f 8621 	8616 	8955
f 8625 	8621 	8961
f 8955 	8961 	8621
f 8962 	8625 	8961
f 8960 	8658 	8659
f 8959 	8938 	8896
f 8960 	8956 	8658
f 8895 	8959 	8896
f 8574 	8573 	8925
f 8928 	8501 	8925
f 8964 	8925 	8573
f 8964 	8573 	8582
f 8964 	8582 	8962
f 8959 	8895 	8885
f 8954 	8959 	8885
f 8960 	8659 	8618
f 8960 	8618 	8916
f 8625 	8962 	8582
f 8728 	8938 	8969
f 8974 	8991 	8973
f 8960 	8916 	11046
f 8981 	9005 	8979
f 8982 	8993 	8981
f 8988 	8978 	8985
f 8989 	8974 	8988
f 8991 	8974 	8989
f 8992 	8973 	8991
f 8985 	8978 	8984
f 8997 	8973 	8996
f 8996 	8973 	8992
f 8993 	8984 	8978
f 8926 	8976 	8975
f 8927 	8926 	8975
f 8998 	9003 	8997
f 8999 	8971 	8998
f 8978 	8988 	8974
f 8938 	9015 	8969
f 9002 	8971 	8999
f 8973 	8997 	9003
f 9003 	8998 	8971
f 9000 	8772 	8770
f 8984 	8993 	8982
f 9005 	8981 	8993
f 8927 	8975 	10243
f 8658 	8956 	8787
f 9010 	9021 	9009
f 9011 	9015 	8954
f 9012 	8958 	8967
f 9015 	8959 	8954
f 9012 	8967 	9004
f 8823 	9018 	8986
f 8976 	11712 	9015
f 9022 	9009 	9021
f 9020 	9010 	9019
f 8823 	8787 	9018
f 8976 	9015 	8975
f 9023 	9009 	9022
f 9024 	9008 	9023
f 9020 	9021 	9010
f 9013 	9019 	9010
f 9007 	9008 	9026
f 9027 	9007 	9026
f 9024 	9026 	9008
f 8812 	9012 	9004
f 8975 	9015 	9011
f 8826 	9004 	8967
f 9018 	11378 	8986
f 9015 	8938 	8959
f 8767 	8812 	9004
f 9017 	9130 	8950
f 9004 	8826 	8828
f 11058 	9018 	8956
f 8979 	9006 	9031
f 9029 	9031 	9006
f 9028 	9029 	9006
f 9018 	8787 	8956
f 8828 	8767 	9004
f 9079 	8977 	9083
f 9006 	8979 	9005
f 9006 	9007 	9028
f 9027 	9028 	9007
f 9009 	9023 	9008
f 8649 	8720 	8896
f 9079 	8987 	8977
f 8649 	8655 	8720
f 8728 	8896 	8938
f 9040 	9034 	9039
f 9039 	9035 	9036
f 9042 	9033 	9041
f 9041 	9034 	9040
f 9055 	9033 	9047
f 9046 	9047 	9033
f 9035 	9039 	9034
f 9045 	9048 	9049
f 9048 	9045 	9540
f 8969 	8855 	8728
f 9016 	9013 	9050
f 9047 	9050 	9055
f 9016 	9019 	9013
f 9055 	9050 	9013
f 9042 	9046 	9033
f 9034 	9041 	9033
f 8730 	9043 	8783
f 9051 	9052 	9081
f 9049 	9069 	9045
f 9065 	9014 	9045
f 8995 	11496 	10650
f 9038 	9075 	9037
f 9075 	9081 	9037
f 9081 	9066 	9068
f 8934 	8974 	8973
f 9065 	9045 	9069
f 9069 	9118 	9065
f 9043 	8730 	8739
f 9056 	9045 	9014
f 8932 	8974 	8934
f 9070 	9071 	9081
f 9051 	9081 	9071
f 9052 	9037 	9081
f 9043 	8739 	9061
f 9081 	9073 	9070
f 8932 	8978 	8974
f 9068 	9073 	9081
f 8928 	8978 	8932
f 8928 	8925 	8993
f 9065 	8968 	9014
f 9077 	9085 	9076
f 9053 	9085 	9077
f 8928 	8993 	8978
f 9065 	8950 	8968
f 9054 	9085 	9053
f 9054 	9066 	9085
f 9093 	9076 	9085
f 9078 	9087 	9080
f 9005 	8993 	8925
f 10061 	10966 	10093
f 9061 	9080 	9043
f 8979 	8604 	8981
f 8982 	8981 	8512
f 9081 	9085 	9066
f 8984 	8515 	8985
f 9078 	9224 	9223
f 9089 	9078 	9223
f 8982 	8512 	8984
f 8515 	8984 	8512
f 9078 	9089 	9087
f 8985 	8515 	8988
f 8515 	8490 	8988
f 8919 	8988 	8490
f 9089 	8958 	9087
f 8918 	8989 	8919
f 8988 	8919 	8989
f 9076 	9093 	9090
f 9080 	9087 	9043
f 8989 	8918 	8991
f 8522 	8991 	8494
f 8958 	9012 	9087
f 9092 	9168 	9017
f 9087 	9012 	8783
f 8494 	8991 	8918
f 9087 	8783 	9043
f 9161 	9597 	8769
f 9088 	9120 	9091
f 8998 	9164 	8999
f 9092 	9069 	9100
f 9049 	9100 	9069
f 8997 	9155 	8998
f 9106 	8837 	8844
f 9093 	9120 	9090
f 8999 	9163 	9002
f 9109 	9102 	8930
f 9088 	9090 	9120
f 8837 	9109 	8930
f 9005 	8925 	8964
f 9113 	9091 	9121
f 8950 	9065 	9017
f 8962 	9006 	8964
f 9117 	9017 	9065
f 9109 	8837 	9106
f 9065 	9118 	9117
f 9006 	9005 	8964
f 9120 	9121 	9091
f 8962 	9007 	9006
f 8961 	9007 	8962
f 8955 	9008 	8961
f 9121 	9122 	9113
f 9112 	9113 	9122
f 8995 	11320 	9111
f 9117 	9092 	9017
f 10887 	9852 	9122
f 9092 	9117 	9118
f 8961 	9008 	9007
f 9009 	9008 	8955
f 9125 	9126 	9124
f 9123 	9124 	9126
f 8951 	9009 	8955
f 9129 	9131 	9128
f 9366 	9572 	9106
f 9140 	8950 	9130
f 9131 	9132 	9128
f 9127 	9128 	9132
f 9133 	9127 	9132
f 9010 	9009 	8951
f 9207 	8912 	9102
f 9130 	9017 	9168
f 9136 	9138 	9135
f 8948 	9010 	8951
f 9139 	9135 	9138
f 9141 	9142 	9143
f 9145 	9143 	9142
f 8948 	9013 	9010
f 8967 	8958 	9137
f 8945 	9013 	8948
f 8932 	8934 	8494
f 9140 	9130 	9168
f 9154 	8934 	9147
f 8826 	8967 	9137
f 9149 	8494 	8934
f 9149 	8934 	9154
f 9137 	9555 	9160
f 9146 	9147 	8934
f 9161 	9144 	9159
f 8940 	9034 	9033
f 9152 	8769 	8775
f 9156 	9191 	9155
f 9137 	9160 	8826
f 9152 	9161 	8769
f 9069 	9092 	9118
f 9161 	9152 	9144
f 8519 	9160 	8594
f 9102 	9109 	9600
f 9042 	11759 	9046
f 9050 	8674 	9016
f 9137 	9570 	9555
f 9163 	9164 	9193
f 9174 	9163 	9193
f 9161 	9661 	9663
f 9159 	9661 	9161
f 9050 	8673 	8674
f 11419 	9134 	9104
f 9191 	9164 	9155
f 9191 	9156 	8934
f 9016 	8674 	9019
f 8676 	9019 	8674
f 9146 	8934 	9156
f 9095 	11428 	9111
f 9019 	8676 	9020
f 9049 	9048 	9100
f 9021 	8630 	9022
f 9193 	9196 	9174
f 9164 	9191 	9193
f 9187 	9198 	9185
f 9020 	8676 	9021
f 8630 	9021 	8676
f 9022 	8630 	9023
f 8632 	9023 	8630
f 9187 	9185 	9190
f 9189 	9190 	9185
f 9184 	9189 	9185
f 9210 	9186 	9176
f 9023 	8632 	9024
f 9192 	9176 	9186
f 9182 	9173 	9196
f 9173 	9174 	9196
f 8636 	9026 	8632
f 9182 	9195 	9181
f 8632 	9026 	9024
f 9176 	9192 	9064
f 9075 	9181 	9195
f 9027 	9026 	8636
f 9196 	9195 	9182
f 9187 	9197 	9198
f 9028 	8639 	9029
f 9075 	9038 	9181
f 9201 	9235 	9198
f 9197 	9201 	9198
f 9027 	8636 	9028
f 8639 	9028 	8636
f 8604 	8979 	9031
f 9029 	8639 	9031
f 8639 	8604 	9031
f 9083 	8977 	9185
f 9202 	9205 	9206
f 8512 	8981 	8604
f 9060 	9176 	9064
f 8942 	9055 	8945
f 8669 	9204 	8940
f 9207 	9595 	9208
f 9055 	9013 	8945
f 8942 	8940 	9033
f 9214 	9244 	9213
f 9212 	9213 	9246
f 9083 	9185 	9198
f 9210 	9266 	9290
f 9033 	9055 	8942
f 9211 	9212 	9219
f 9221 	9211 	9220
f 9226 	9233 	9225
f 9192 	9186 	9229
f 9201 	9197 	11637
f 9190 	11637 	9187
f 9200 	9192 	9229
f 9223 	8958 	9089
f 11759 	9042 	9041
f 9187 	11637 	9197
f 9216 	9225 	9233
f 9226 	9228 	9233
f 9199 	9198 	9235
f 9219 	9220 	9211
f 9211 	9221 	9222
f 9222 	9225 	9216
f 9211 	9222 	9216
f 11637 	9235 	9201
f 9237 	9241 	9214
f 9224 	9585 	9223
f 8971 	9002 	9237
f 9046 	8673 	9047
f 9235 	11640 	9199
f 9241 	9237 	9239
f 9239 	9237 	9002
f 9242 	9214 	9241
f 9244 	9214 	9242
f 9245 	9213 	9244
f 9047 	8673 	9050
f 9223 	9243 	8958
f 9217 	9219 	9212
f 9246 	9217 	9212
f 9246 	9213 	9245
f 11511 	9203 	9231
f 9243 	9137 	8958
f 9144 	9152 	11031
f 9538 	9540 	9045
f 9056 	9987 	9045
f 9213 	9212 	9081
f 11031 	9277 	9144
f 9252 	9250 	9253
f 9210 	9290 	9186
f 9121 	9120 	9233
f 9252 	9253 	9083
f 9083 	9253 	9079
f 9595 	9593 	9208
f 9120 	9093 	9216
f 9290 	9229 	9186
f 9216 	9233 	9120
f 9198 	9261 	9083
f 9048 	9540 	9100
f 9102 	9595 	9207
f 9093 	9085 	9211
f 9198 	9199 	9261
f 9211 	9216 	9093
f 9265 	9261 	9264
f 9263 	9264 	9261
f 9262 	9263 	9261
f 9262 	9261 	9199
f 9212 	9211 	9085
f 9236 	9260 	11842
f 9212 	9085 	9081
f 9298 	9259 	9269
f 9261 	9265 	9268
f 9267 	9268 	9265
f 9634 	9137 	9243
f 9261 	9268 	9252
f 9250 	9252 	9268
f 9252 	9083 	9261
f 9263 	9262 	11640
f 9038 	9037 	9245
f 9052 	9246 	9037
f 9199 	11640 	9262
f 9157 	11690 	9203
f 9264 	9263 	11640
f 9264 	11640 	11650
f 9051 	9217 	9052
f 9231 	11763 	9236
f 9053 	9220 	9054
f 9219 	9054 	9220
f 9264 	11650 	9265
f 10653 	9255 	9275
f 9051 	9071 	9219
f 9071 	9066 	9219
f 9054 	9219 	9066
f 9283 	9284 	10361
f 9596 	9267 	11650
f 9051 	9219 	9217
f 9277 	9358 	9285
f 11763 	9260 	9236
f 9255 	9292 	9275
f 9277 	9159 	9144
f 9247 	11829 	9151
f 9220 	9053 	9221
f 9053 	9077 	9221
f 9285 	9159 	9277
f 9222 	9747 	9225
f 9288 	10433 	9287
f 9287 	10433 	9328
f 9255 	9259 	9292
f 9292 	9272 	9275
f 9226 	9739 	9228
f 9292 	9405 	9272
f 9292 	9298 	9405
f 9293 	9260 	11880
f 11888 	11880 	9260
f 9290 	9294 	9229
f 9229 	9294 	9297
f 9305 	10372 	9295
f 10385 	10380 	9295
f 11842 	9260 	9293
f 9316 	10135 	9363
f 9259 	9298 	9292
f 9290 	9399 	9389
f 9290 	9389 	9390
f 9301 	9310 	9311
f 9312 	9281 	9305
f 9311 	9303 	9301
f 9309 	9307 	9306
f 9310 	9301 	9314
f 10361 	9284 	9305
f 9312 	9305 	9284
f 10340 	10357 	9315
f 9305 	9315 	10361
f 10363 	10361 	9315
f 9399 	9290 	9266
f 9325 	9326 	9327
f 9328 	10183 	9327
f 9330 	9326 	9325
f 9123 	9459 	9124
f 9410 	9321 	9412
f 10338 	10340 	9315
f 10338 	9315 	9332
f 9379 	9358 	9277
f 9128 	9463 	9129
f 9127 	9464 	9128
f 9336 	9342 	10144
f 9343 	10144 	9342
f 9341 	10144 	9343
f 9318 	9317 	9380
f 9306 	10144 	9341
f 9332 	9315 	11328
f 9277 	9444 	9379
f 9318 	9380 	9348
f 9338 	9335 	9346
f 9335 	9334 	9346
f 9346 	9334 	9319
f 9316 	9319 	9334
f 10183 	9328 	10434
f 9325 	9327 	10183
f 9308 	11858 	11918
f 9306 	9341 	9309
f 9346 	9309 	9341
f 9347 	9313 	9348
f 9490 	9344 	9350
f 9301 	9303 	9344
f 9343 	9346 	9341
f 9325 	11086 	9352
f 9352 	9330 	9325
f 9349 	9344 	9355
f 9355 	9344 	9303
f 9608 	9614 	9159
f 8571 	8570 	9356
f 8577 	10901 	8570
f 9453 	9451 	9355
f 9318 	9348 	9313
f 11880 	11949 	9293
f 9346 	9343 	9342
f 9453 	9355 	9303
f 9310 	9467 	9311
f 9356 	9357 	8571
f 9453 	9303 	9311
f 8507 	8571 	9357
f 11953 	10563 	9293
f 9338 	9346 	9336
f 8560 	8507 	9359
f 9357 	9359 	8507
f 9342 	9336 	9346
f 8814 	9379 	9473
f 9366 	9367 	9369
f 9728 	9285 	9358
f 9363 	9362 	9319
f 9366 	9106 	8844
f 9348 	9365 	9347
f 9316 	9363 	9319
f 10322 	9459 	9123
f 9348 	9431 	9365
f 9460 	10329 	9463
f 9128 	9464 	9463
f 10245 	9366 	9360
f 9133 	9465 	9127
f 9385 	9366 	9384
f 9382 	9714 	9372
f 9136 	9468 	9138
f 10575 	9468 	9136
f 10585 	9468 	10575
f 9381 	9384 	9366
f 9141 	9474 	9142
f 10556 	9474 	9141
f 9377 	9431 	9348
f 9366 	8844 	9381
f 9439 	9386 	9387
f 9377 	9348 	9380
f 9386 	9372 	9387
f 9213 	9081 	9075
f 9385 	9367 	9366
f 9214 	9213 	9075
f 9392 	9393 	9395
f 9381 	9397 	9400
f 9401 	9381 	9400
f 9384 	9381 	9401
f 9195 	9214 	9075
f 9398 	9337 	11904
f 9195 	9237 	9214
f 8736 	9398 	11904
f 9195 	9196 	9237
f 9403 	9436 	9395
f 9402 	9403 	9395
f 9377 	9380 	9394
f 9398 	9391 	9337
f 9196 	8971 	9237
f 9394 	9405 	9418
f 9397 	8758 	9400
f 9404 	9386 	9443
f 9404 	9407 	9408
f 9193 	8971 	9196
f 9294 	9290 	9390
f 8560 	9359 	10003
f 9394 	9272 	9405
f 9395 	9404 	9402
f 9003 	9193 	9191
f 9394 	9380 	9317
f 9401 	9400 	10003
f 8481 	9398 	8736
f 9317 	9272 	9394
f 9408 	9402 	9404
f 9400 	8560 	10003
f 9193 	9003 	8971
f 9191 	8934 	8973
f 9395 	9417 	9404
f 10003 	10029 	9401
f 9420 	9386 	9404
f 9410 	9412 	9375
f 9418 	9405 	9298
f 9423 	9382 	9372
f 9386 	9423 	9372
f 9003 	9191 	8973
f 9146 	8992 	9147
f 8991 	9147 	8992
f 9375 	9383 	9410
f 9409 	11495 	11559
f 9420 	9404 	9417
f 8522 	9154 	8991
f 9147 	8991 	9154
f 9386 	9420 	9423
f 8992 	9146 	8996
f 9156 	8996 	9146
f 9155 	8997 	9156
f 8996 	9156 	8997
f 9163 	8999 	9164
f 9390 	9297 	9294
f 9164 	8998 	9155
f 10803 	9426 	9418
f 9426 	10803 	9377
f 9174 	9002 	9163
f 9173 	9239 	9174
f 9002 	9174 	9239
f 9181 	9242 	9182
f 9241 	9182 	9242
f 9426 	9377 	9394
f 9426 	9394 	9418
f 9239 	9173 	9241
f 9182 	9241 	9173
f 9503 	9429 	9390
f 9242 	9181 	9244
f 9038 	9244 	9181
f 8481 	11371 	9398
f 8565 	10009 	8564
f 9244 	9038 	9245
f 9390 	9429 	9297
f 10010 	10009 	8565
f 9245 	9037 	9246
f 9429 	9409 	9297
f 9052 	9217 	9246
f 9433 	9434 	9435
f 9402 	9408 	11685
f 9204 	8528 	9433
f 9434 	8528 	9435
f 9431 	9432 	9365
f 9407 	11685 	9408
f 10019 	10017 	8524
f 9392 	9395 	9436
f 10014 	8566 	10017
f 9034 	9433 	9435
f 9435 	9206 	9034
f 9433 	9034 	9204
f 9393 	9392 	11678
f 8605 	10023 	8524
f 9204 	9034 	8940
f 9403 	11685 	9436
f 9428 	9391 	9398
f 9441 	9386 	9439
f 10225 	9432 	9431
f 9386 	9441 	9443
f 9438 	9440 	9445
f 9440 	9446 	9445
f 8605 	8595 	10342
f 9407 	9404 	9447
f 9443 	9447 	9404
f 9269 	9529 	9496
f 8521 	9446 	9440
f 9439 	8872 	9441
f 9441 	8872 	9443
f 9496 	8860 	9269
f 9444 	9277 	9278
f 9202 	8528 	9438
f 9278 	11157 	9444
f 9387 	8814 	9439
f 9202 	9438 	9035
f 9438 	9445 	9035
f 9202 	9035 	9205
f 9459 	9467 	9458
f 9460 	9453 	9459
f 9462 	9445 	9446
f 9464 	9451 	9463
f 9451 	9453 	9463
f 9465 	9451 	9464
f 9466 	9450 	9465
f 9449 	9450 	9468
f 9469 	9449 	9468
f 9460 	9463 	9453
f 9467 	9459 	9453
f 9454 	9449 	9474
f 9472 	9454 	9474
f 9472 	9470 	9454
f 9488 	9454 	9476
f 9470 	9476 	9454
f 9469 	9474 	9449
f 9466 	9468 	9450
f 9451 	9465 	9450
f 9362 	10135 	9478
f 9480 	9488 	9479
f 9476 	9479 	9488
f 9481 	9487 	9480
f 8814 	9358 	9379
f 9482 	9483 	9485
f 9036 	9035 	9483
f 10430 	10435 	9475
f 9481 	9482 	9485
f 9485 	9483 	9035
f 9477 	9475 	9489
f 9487 	9488 	9480
f 9487 	9481 	9485
f 9206 	9205 	9034
f 9477 	9489 	9478
f 9489 	9319 	9478
f 9362 	9478 	9319
f 9473 	9444 	9484
f 9490 	9492 	9491
f 9492 	9493 	9491
f 9493 	9504 	9491
f 9269 	9491 	9529
f 9491 	9259 	9255
f 9205 	9035 	9034
f 9491 	9269 	9259
f 9255 	9490 	9491
f 9473 	9379 	9444
f 9446 	9496 	9462
f 9497 	9462 	9496
f 11641 	10670 	11209
f 9449 	9493 	9492
f 9446 	8521 	9496
f 8521 	8860 	9496
f 9462 	9497 	9485
f 9485 	9035 	9462
f 9504 	9534 	9491
f 9454 	9504 	9493
f 9496 	9507 	9508
f 9497 	9496 	9508
f 9449 	9454 	9493
f 9349 	9350 	9344
f 9350 	9345 	9490
f 9510 	9506 	9532
f 9511 	9490 	9345
f 9492 	9490 	9511
f 9471 	9736 	9509
f 9492 	9511 	9449
f 9450 	9449 	9511
f 11419 	9104 	9097
f 9457 	9471 	9617
f 9503 	9409 	9429
f 9471 	9509 	9617
f 11445 	9111 	11428
f 10460 	9515 	9506
f 9496 	9529 	9507
f 9450 	9511 	9345
f 9350 	9451 	9450
f 9345 	9350 	9450
f 9350 	9349 	9451
f 9480 	9479 	8875
f 9349 	9355 	9451
f 9617 	9509 	9498
f 11790 	9481 	8875
f 9467 	9453 	9311
f 9482 	9481 	11790
f 11475 	8995 	11477
f 9417 	9395 	9515
f 9736 	9471 	9522
f 9533 	9532 	9506
f 9506 	9515 	9395
f 9521 	9500 	9548
f 9040 	11773 	9041
f 9528 	9506 	9510
f 9513 	9507 	9529
f 9527 	9513 	9529
f 11496 	11492 	10650
f 9501 	9389 	9399
f 9501 	9500 	9389
f 9393 	9533 	9395
f 9506 	9395 	9533
f 9527 	9529 	9534
f 9529 	9491 	9534
f 9500 	9390 	9389
f 9454 	9488 	9534
f 9208 	9523 	9207
f 9393 	11784 	9533
f 9534 	9504 	9454
f 9384 	10029 	9385
f 9521 	9390 	9500
f 9403 	9402 	11685
f 11253 	11279 	10673
f 9390 	9521 	9503
f 9384 	9401 	10029
f 8814 	9729 	9358
f 9644 	9399 	9266
f 10864 	9428 	10483
f 8866 	9501 	9309
f 9464 	9127 	9465
f 9538 	9539 	9540
f 9142 	9474 	10577
f 9472 	10560 	9470
f 10560 	9472 	9474
f 10673 	11483 	11482
f 9545 	8594 	9160
f 11483 	10650 	11492
f 8594 	9545 	8595
f 9544 	8595 	9545
f 9445 	9462 	9035
f 9644 	9501 	9399
f 9544 	9555 	9547
f 10014 	10012 	8566
f 9487 	9508 	9507
f 9508 	9485 	9497
f 8566 	10012 	8565
f 9487 	9485 	9508
f 9488 	9513 	9527
f 8524 	10017 	8566
f 8524 	10023 	10019
f 9548 	8854 	8910
f 10314 	10312 	11109
f 10023 	8605 	10341
f 9551 	9100 	9540
f 8595 	9544 	9549
f 9544 	9547 	9549
f 9980 	10962 	9981
f 9507 	9513 	9487
f 9488 	9487 	9513
f 9540 	9539 	9551
f 9500 	9501 	8854
f 9527 	9534 	9488
f 9552 	9566 	9347
f 10084 	10081 	10934
f 9476 	10557 	9479
f 9480 	8875 	9481
f 9548 	9500 	8854
f 9347 	9558 	9552
f 9544 	9545 	9555
f 9545 	9160 	9555
f 8866 	8854 	9501
f 9482 	11790 	9483
f 9538 	9561 	9539
f 9538 	9566 	9561
f 9521 	9548 	9503
f 9566 	9538 	9347
f 9561 	9566 	9551
f 9539 	9561 	9551
f 10351 	9567 	9562
f 9567 	9569 	9562
f 9467 	9562 	9458
f 9578 	9551 	9566
f 9563 	10351 	9562
f 9137 	9634 	9570
f 9569 	9458 	9562
f 9566 	9552 	9578
f 9314 	9562 	9467
f 9548 	8910 	11800
f 9153 	11710 	9095
f 9590 	9591 	9347
f 9589 	9594 	9365
f 9347 	9365 	9590
f 9910 	9588 	9909
f 9575 	9576 	9677
f 9558 	9347 	9577
f 9347 	9618 	9619
f 9677 	9588 	9575
f 9579 	9575 	9588
f 9558 	9578 	9552
f 11775 	9231 	9203
f 10245 	9572 	9366
f 9551 	9578 	9176
f 9741 	9849 	9580
f 9564 	9106 	9572
f 9564 	9109 	9106
f 9558 	9577 	9578
f 9618 	9347 	9591
f 9594 	9590 	9365
f 9597 	9268 	9596
f 9598 	9268 	9597
f 9267 	9596 	9268
f 9616 	9613 	9598
f 9268 	9613 	9250
f 9109 	9564 	9600
f 9594 	9589 	9601
f 9151 	11721 	9153
f 9612 	9613 	9614
f 9498 	9609 	9615
f 9268 	9598 	9613
f 9591 	9601 	9605
f 9595 	9102 	9600
f 9617 	9498 	9615
f 9629 	9250 	9613
f 9614 	9608 	9612
f 9591 	9590 	9601
f 9601 	9590 	9594
f 9577 	9347 	9619
f 9578 	9577 	9605
f 9619 	9605 	9577
f 9623 	9612 	9737
f 9619 	9618 	9605
f 9591 	9605 	9618
f 9578 	9605 	9176
f 9605 	9210 	9176
f 9617 	9615 	11548
f 10051 	9250 	9629
f 9629 	9623 	10051
f 9551 	9176 	9060
f 9224 	9761 	9585
f 9613 	9612 	9629
f 9623 	9629 	9612
f 9581 	9602 	9675
f 9661 	9159 	9614
f 9672 	9631 	9626
f 9617 	11548 	11569
f 9638 	9159 	9641
f 9910 	9579 	9588
f 9266 	9210 	9605
f 9585 	9634 	9223
f 9223 	9634 	9243
f 9608 	9638 	9612
f 9651 	9639 	9432
f 9639 	9640 	9432
f 9365 	9432 	9640
f 9638 	9641 	9612
f 9365 	9640 	9643
f 9643 	9589 	9365
f 9621 	9680 	9636
f 9608 	9159 	9638
f 9285 	9641 	9159
f 9639 	9644 	9640
f 9643 	9640 	9644
f 9596 	8769 	9597
f 9643 	9601 	9589
f 9644 	9601 	9643
f 9321 	10718 	9412
f 9265 	11650 	9267
f 9651 	9432 	9655
f 9655 	9691 	9644
f 9687 	9644 	9691
f 9655 	9644 	9651
f 9639 	9651 	9644
f 9659 	10732 	9337
f 9659 	9337 	10722
f 10744 	9308 	10743
f 9712 	9641 	9285
f 9597 	9161 	9598
f 9656 	9607 	9610
f 9656 	9610 	9654
f 9598 	9161 	9616
f 9605 	9601 	9266
f 9644 	9266 	9601
f 9661 	9614 	9613
f 9662 	9663 	9613
f 9661 	9613 	9663
f 9613 	9616 	9662
f 9663 	9662 	9161
f 9308 	11970 	9304
f 9644 	9687 	9501
f 9616 	9161 	9662
f 11969 	11976 	9304
f 10708 	9375 	10707
f 9647 	9609 	9498
f 9670 	9626 	9592
f 9670 	9592 	9648
f 9626 	9670 	9672
f 9676 	9695 	9669
f 9648 	9755 	9670
f 10431 	9631 	9672
f 9675 	9588 	9677
f 9675 	9602 	9588
f 10905 	10709 	9428
f 9691 	10225 	9690
f 10710 	10714 	9391
f 9843 	9593 	9595
f 9621 	9666 	9680
f 9665 	9653 	9600
f 9691 	9655 	9432
f 9665 	9600 	9564
f 9739 	9726 	9681
f 9674 	9697 	9676
f 9653 	9595 	9600
f 9610 	9636 	9680
f 9654 	9610 	9680
f 9843 	9595 	9653
f 9686 	9581 	9675
f 9726 	9669 	9681
f 9684 	9697 	9674
f 9725 	9555 	9570
f 9555 	9725 	10337
f 9593 	9850 	9851
f 9691 	9690 	9687
f 9694 	10225 	9699
f 9699 	9687 	9694
f 9690 	9694 	9687
f 9688 	9698 	9720
f 9555 	10337 	9547
f 9683 	9697 	9684
f 9695 	9676 	9697
f 9687 	9699 	9309
f 9307 	9309 	9699
f 9724 	9927 	9731
f 9702 	9731 	9701
f 9701 	9731 	9927
f 9642 	9647 	9706
f 9702 	9706 	9731
f 10308 	9547 	10337
f 9501 	9687 	9309
f 9301 	9709 	10232
f 9641 	9712 	9612
f 9612 	9712 	9714
f 9970 	9716 	9710
f 9717 	9648 	9592
f 9736 	9498 	9509
f 9719 	9714 	9718
f 9718 	9714 	9712
f 9717 	9592 	9689
f 9965 	9090 	9088
f 9709 	9572 	10232
f 9088 	9091 	9965
f 9688 	9720 	9721
f 9709 	9665 	9564
f 9709 	9564 	9572
f 9714 	9730 	9372
f 9688 	9721 	9717
f 9719 	9728 	9714
f 9717 	9689 	9688
f 9970 	9977 	9716
f 9729 	9714 	9728
f 9729 	9730 	9714
f 9710 	9745 	9711
f 9726 	9739 	9716
f 9570 	9634 	9725
f 9732 	9387 	9372
f 9735 	9372 	9730
f 9732 	9372 	9735
f 9634 	9645 	9725
f 9714 	9382 	9737
f 9656 	9705 	9607
f 9612 	9714 	9737
f 9225 	9739 	9226
f 9737 	9382 	10204
f 9681 	9228 	9739
f 9731 	9738 	9724
f 10204 	9623 	9737
f 9735 	9730 	8814
f 9739 	9747 	9716
f 9695 	9681 	9669
f 9725 	9645 	10377
f 9729 	8814 	9730
f 9076 	9957 	9077
f 9745 	9077 	9957
f 9728 	9358 	9729
f 9741 	9580 	9705
f 9706 	9647 	9731
f 9957 	9076 	9090
f 9656 	9741 	9705
f 9731 	9647 	9498
f 9705 	9580 	9583
f 9718 	9712 	9285
f 9221 	9747 	9222
f 9734 	9742 	9736
f 9747 	9221 	9077
f 9747 	9077 	9745
f 9738 	9736 	9742
f 9728 	9719 	9285
f 9739 	9225 	9747
f 9738 	9742 	9724
f 9718 	9285 	9719
f 9736 	9738 	9498
f 9762 	9707 	9745
f 9710 	9716 	9747
f 9747 	9745 	9710
f 9711 	9745 	9707
f 9749 	9752 	9748
f 9731 	9498 	9738
f 9387 	9732 	8814
f 9734 	9736 	9522
f 9758 	9754 	9755
f 9745 	9957 	9762
f 9708 	9707 	9763
f 9762 	9763 	9707
f 9735 	8814 	9732
f 8953 	10154 	9593
f 9754 	9759 	9755
f 9831 	9761 	9751
f 9523 	9734 	9522
f 9762 	9957 	9066
f 9763 	9071 	10031
f 9070 	10031 	9071
f 9760 	9763 	10031
f 9224 	9751 	9761
f 9752 	9755 	9759
f 9073 	10035 	9070
f 10031 	9070 	10035
f 9751 	8987 	9079
f 9759 	9748 	9752
f 9957 	10035 	9068
f 9066 	9071 	9763
f 9066 	9763 	9762
f 9756 	9744 	9760
f 9744 	9708 	9763
f 9760 	9744 	9763
f 9819 	9634 	9585
f 9654 	9754 	9758
f 9754 	9680 	9759
f 9761 	9831 	9819
f 9819 	9585 	9761
f 9839 	9820 	9675
f 9820 	9874 	9675
f 9666 	10487 	9748
f 9752 	9670 	9755
f 9874 	9686 	9675
f 9061 	9686 	9874
f 9899 	9861 	9829
f 9752 	9749 	9670
f 9672 	9670 	9749
f 9899 	9829 	9827
f 9676 	9669 	9829
f 9758 	9656 	9654
f 9819 	9831 	9908
f 9645 	9634 	9819
f 9654 	9680 	9754
f 9759 	9680 	9748
f 9680 	9666 	9748
f 9653 	9781 	9843
f 9758 	9755 	9848
f 9820 	9840 	9783
f 9113 	9112 	9844
f 9851 	9850 	9898
f 9014 	9851 	9898
f 9648 	9717 	9755
f 9091 	9113 	9844
f 9851 	9014 	8968
f 9574 	9849 	9847
f 9849 	9758 	9856
f 9839 	9675 	9677
f 9848 	9856 	9758
f 9721 	9856 	9717
f 9839 	9840 	9820
f 9781 	9850 	9843
f 9741 	9758 	9849
f 9855 	9857 	9938
f 9851 	8968 	8953
f 9874 	9820 	9783
f 9849 	9856 	9847
f 9721 	9720 	9847
f 9847 	9856 	9721
f 9848 	9717 	9856
f 9848 	9755 	9717
f 9684 	9674 	9861
f 9758 	9741 	9656
f 9843 	9850 	9593
f 9574 	9580 	9849
f 9674 	9676 	9829
f 9851 	8953 	9593
f 9829 	9861 	9674
f 9783 	9836 	9874
f 9684 	9861 	9683
f 9056 	9014 	9898
f 9898 	9902 	10000
f 9903 	10972 	9697
f 9836 	9080 	9874
f 9986 	9840 	9839
f 9677 	9985 	9839
f 9907 	9576 	9575
f 9907 	9575 	9579
f 10609 	9996 	9905
f 9930 	10844 	9583
f 9697 	9683 	9903
f 9683 	9860 	9903
f 9860 	9882 	9903
f 9904 	9903 	9882
f 9904 	9882 	9884
f 9910 	9909 	9907
f 9898 	9850 	9902
f 9835 	9916 	9911
f 9579 	9910 	9907
f 9902 	9850 	9781
f 9677 	10020 	9985
f 9923 	9698 	9901
f 9952 	9949 	9919
f 9923 	9720 	9698
f 9253 	9919 	9079
f 9922 	9831 	9751
f 9751 	9079 	9922
f 9701 	9924 	9702
f 9706 	9702 	9924
f 9927 	9724 	9926
f 9919 	9922 	9079
f 9919 	9831 	9922
f 9919 	9949 	9908
f 9954 	9720 	9923
f 9919 	9908 	9831
f 9574 	9959 	9580
f 9926 	9924 	9927
f 9701 	9927 	9924
f 9930 	9583 	9580
f 9854 	9929 	9853
f 9840 	9983 	9978
f 10037 	9935 	9932
f 9932 	9935 	9929
f 9819 	9936 	10442
f 9645 	9819 	10442
f 9835 	9917 	9780
f 9938 	9932 	9929
f 9706 	9937 	9642
f 9924 	9937 	9706
f 9934 	9917 	9835
f 9936 	9908 	9949
f 9938 	9929 	9855
f 9936 	9819 	9908
f 9854 	9855 	9929
f 10429 	9781 	9653
f 9642 	9946 	9647
f 9948 	9647 	9946
f 9937 	9946 	9642
f 9937 	9948 	9946
f 9915 	9943 	9955
f 9943 	10022 	9956
f 9943 	9956 	9955
f 10100 	10099 	9937
f 10860 	9933 	9941
f 10301 	9950 	9944
f 9953 	9954 	9955
f 9950 	10301 	10227
f 9956 	9953 	9955
f 9954 	9953 	9959
f 9957 	9965 	10040
f 9960 	9953 	9956
f 9253 	9250 	9962
f 9988 	9985 	10020
f 9989 	9985 	9988
f 9962 	9952 	9919
f 9957 	9090 	9965
f 9986 	9839 	9985
f 9962 	9919 	9253
f 9835 	9780 	9965
f 9844 	9835 	9965
f 9965 	9091 	9844
f 9917 	10040 	9780
f 9907 	10925 	9576
f 9710 	9711 	9970
f 10112 	9966 	9968
f 10051 	9962 	9250
f 9884 	9882 	9968
f 10051 	9623 	10066
f 9954 	9959 	9574
f 9978 	9979 	9980
f 9829 	9977 	9827
f 9980 	9981 	9978
f 9829 	9669 	9977
f 10605 	9902 	9781
f 9983 	9979 	9978
f 9984 	9990 	10045
f 9923 	9915 	9954
f 9987 	9538 	9045
f 9941 	9953 	9960
f 9987 	9347 	9538
f 9726 	9716 	9977
f 9955 	9954 	9915
f 9994 	10983 	9993
f 9726 	9977 	9669
f 9970 	10064 	9998
f 9996 	9993 	9995
f 9930 	9580 	9959
f 9983 	9840 	9986
f 9977 	9970 	9998
f 9941 	9933 	9953
f 9991 	9996 	9997
f 9991 	9997 	10001
f 9930 	9959 	9933
f 9953 	9933 	9959
f 9993 	9996 	9991
f 9977 	9998 	9827
f 9847 	9954 	9574
f 9984 	9976 	9990
f 10006 	10005 	10001
f 10004 	10005 	10009
f 10010 	10004 	10009
f 9347 	10007 	9313
f 9347 	9987 	10007
f 9988 	10925 	9989
f 9720 	9954 	9847
f 9707 	9708 	10013
f 10011 	10013 	9708
f 10014 	10003 	10012
f 10007 	10000 	9313
f 10013 	9970 	9711
f 10020 	9677 	9576
f 10013 	9711 	9707
f 10341 	10348 	10023
f 10018 	10062 	10022
f 10011 	9708 	9744
f 9987 	9056 	10007
f 10007 	9056 	9898
f 10007 	9898 	10000
f 10025 	9966 	10112
f 9988 	10020 	9576
f 9756 	10011 	9744
f 9991 	10001 	10005
f 10006 	10009 	10005
f 10010 	10012 	10004
f 10017 	10003 	10014
f 10029 	10003 	10019
f 10019 	10023 	10029
f 10017 	10019 	10003
f 10004 	10012 	10003
f 9949 	9952 	10026
f 10043 	10733 	10026
f 9960 	10032 	9941
f 10025 	10027 	10033
f 9980 	9979 	10962
f 10860 	9941 	10032
f 10096 	10094 	10035
f 10031 	10035 	10094
f 10962 	9979 	9985
f 9989 	10962 	9985
f 9068 	9066 	9957
f 9911 	10037 	9990
f 9983 	9985 	9979
f 9318 	9313 	10000
f 9983 	9986 	9985
f 10125 	9911 	9990
f 9073 	9068 	10035
f 9911 	9916 	10037
f 9935 	10037 	9916
f 9960 	9956 	10041
f 9929 	9935 	9916
f 10039 	9960 	10041
f 9929 	9916 	10106
f 10045 	9990 	10037
f 10032 	9960 	10039
f 9965 	9780 	10040
f 10037 	9932 	10045
f 10044 	10072 	10042
f 10041 	9956 	10022
f 10025 	9899 	10027
f 10038 	10032 	10039
f 9359 	10004 	10003
f 9913 	10049 	9917
f 9357 	10004 	9359
f 9356 	10005 	9357
f 9932 	10614 	10045
f 10040 	9917 	10049
f 10032 	10038 	10036
f 10026 	9952 	10051
f 9998 	10054 	9944
f 9952 	9962 	10051
f 10004 	9357 	10005
f 9998 	10064 	10054
f 10051 	10066 	10026
f 10005 	9356 	9991
f 10066 	10043 	10026
f 9998 	9944 	9950
f 9998 	9950 	9827
f 10033 	10027 	10229
f 10044 	10042 	10061
f 10061 	10093 	10044
f 10063 	10061 	10042
f 10087 	10033 	10229
f 10006 	8564 	10009
f 10059 	10067 	10042
f 10042 	10067 	10063
f 10022 	10062 	10057
f 9948 	10099 	10044
f 10041 	10022 	10057
f 10069 	10059 	10042
f 10079 	10054 	10064
f 10066 	10204 	10043
f 10042 	10072 	10069
f 10010 	8565 	10012
f 10070 	10025 	10033
f 10063 	10067 	10966
f 11404 	10043 	10204
f 10059 	10966 	10067
f 10043 	10752 	10733
f 10069 	9924 	10059
f 9924 	10966 	10059
f 10126 	10073 	10056
f 10072 	9937 	10069
f 9924 	10069 	9937
f 10070 	9966 	10025
f 10081 	10084 	10077
f 10108 	10077 	10084
f 9423 	10118 	9382
f 10699 	9984 	10045
f 10108 	10109 	10077
f 9420 	9417 	10123
f 9647 	9948 	10077
f 10123 	10124 	9420
f 10079 	10011 	10080
f 10070 	10033 	10087
f 9609 	9647 	10077
f 10076 	10713 	10082
f 10091 	10044 	10093
f 9336 	10139 	9338
f 10091 	10081 	10044
f 10077 	10044 	10081
f 9307 	10144 	9306
f 10044 	10077 	9948
f 10087 	10261 	10674
f 10044 	10099 	10100
f 10072 	10044 	10100
f 10097 	10089 	10177
f 10093 	10934 	10091
f 10091 	10934 	10081
f 10013 	10011 	10079
f 9478 	10183 	9477
f 10064 	9970 	10079
f 9515 	10123 	9417
f 10079 	9970 	10013
f 9515 	10185 	10123
f 10099 	9948 	9937
f 10040 	10049 	10096
f 10049 	10194 	10096
f 10106 	9916 	9835
f 9957 	10040 	10096
f 10204 	9382 	10105
f 10106 	9835 	9844
f 10072 	10100 	9937
f 10106 	9844 	9112
f 10177 	10193 	10097
f 10096 	10035 	9957
f 9852 	10106 	9112
f 10126 	10151 	10073
f 11643 	11642 	10109
f 9852 	9853 	10106
f 10025 	10112 	9861
f 10151 	10101 	10073
f 10105 	9382 	10118
f 9683 	10112 	9860
f 10084 	10934 	10108
f 10112 	9882 	9860
f 9420 	10124 	10118
f 9683 	9861 	10112
f 9906 	10113 	10427
f 9423 	9420 	10118
f 10112 	9968 	9882
f 10027 	9899 	9827
f 10182 	10119 	10113
f 10244 	10116 	10758
f 9827 	9950 	10027
f 9724 	9742 	10121
f 10025 	9861 	9899
f 10121 	10120 	9724
f 9906 	9944 	10113
f 10111 	10122 	10115
f 10106 	9853 	9929
f 9742 	9734 	10154
f 10111 	10215 	10122
f 10131 	10076 	10132
f 10918 	10122 	10215
f 10092 	10076 	10131
f 10121 	8950 	10120
f 9334 	10139 	10135
f 10137 	10141 	10870
f 10082 	10146 	10132
f 10076 	10082 	10132
f 9523 	9208 	9734
f 10145 	10170 	10195
f 10125 	10128 	10136
f 10125 	10136 	9911
f 9783 	10174 	10149
f 10057 	10062 	10131
f 10145 	10195 	10049
f 10036 	10126 	10056
f 9783 	10149 	9836
f 10121 	9742 	10154
f 10128 	10148 	10166
f 10151 	10152 	10103
f 9913 	10145 	10049
f 10143 	10155 	11044
f 10151 	10103 	10101
f 10183 	9478 	10135
f 9734 	9208 	10154
f 9334 	10135 	9316
f 9362 	9363 	10135
f 10139 	9334 	9335
f 10062 	10092 	10131
f 9336 	10144 	10139
f 9335 	9338 	10139
f 9208 	9593 	10154
f 10161 	10137 	10870
f 10038 	10126 	10036
f 9224 	9836 	10149
f 10141 	10074 	10870
f 11154 	10118 	10124
f 9224 	9078 	9836
f 9783 	9840 	10172
f 10082 	10171 	10146
f 10145 	10147 	10170
f 10171 	10082 	10116
f 9783 	10172 	10174
f 11168 	10139 	10144
f 10173 	10325 	10387
f 9751 	10149 	8987
f 11160 	10124 	10123
f 9751 	9224 	10149
f 10113 	9944 	10054
f 10179 	10193 	10532
f 10159 	10119 	10182
f 10039 	10041 	10181
f 10038 	10039 	10181
f 10180 	10166 	10330
f 10189 	10038 	10181
f 10183 	9475 	9477
f 8953 	8968 	10154
f 10182 	10239 	10159
f 10057 	10196 	10181
f 10196 	10057 	10131
f 10041 	10057 	10181
f 10136 	10128 	10180
f 10172 	8977 	8987
f 8987 	10174 	10172
f 10113 	10054 	10182
f 10149 	10174 	8987
f 10183 	10430 	9475
f 10179 	10851 	10097
f 10054 	10191 	10182
f 10194 	10094 	10096
f 9694 	9690 	10225
f 10196 	10189 	10181
f 10121 	8968 	8950
f 10097 	10193 	10179
f 10154 	8968 	10121
f 10180 	10128 	10166
f 10189 	10196 	10188
f 10175 	10115 	10074
f 10195 	10194 	10049
f 10226 	10263 	10120
f 10141 	10175 	10074
f 10259 	10262 	10120
f 10175 	10111 	10115
f 10204 	10066 	9623
f 10198 	9696 	10202
f 10202 	10128 	10198
f 10054 	10079 	10191
f 10148 	10128 	10202
f 8950 	10228 	10120
f 10216 	10094 	10194
f 9696 	10198 	9976
f 10196 	10206 	10188
f 10194 	10195 	10216
f 9976 	10198 	9990
f 10195 	10249 	10216
f 10206 	10208 	10188
f 10146 	10171 	10208
f 10211 	10188 	10208
f 10200 	10171 	10243
f 10200 	10243 	10201
f 10226 	10120 	10228
f 10182 	10191 	10230
f 10131 	10132 	10196
f 10204 	10105 	11404
f 10206 	10196 	10132
f 10200 	10208 	10171
f 10144 	9307 	9699
f 10208 	10206 	10146
f 10132 	10146 	10206
f 10230 	10191 	10079
f 10038 	10189 	10126
f 11168 	10144 	10225
f 10189 	10188 	10126
f 10144 	9699 	10225
f 10152 	10151 	10211
f 10188 	10211 	10151
f 10188 	10151 	10126
f 9691 	9432 	10225
f 10278 	10152 	10211
f 8950 	9140 	10228
f 10219 	10264 	10230
f 10080 	10219 	10230
f 10238 	10227 	10187
f 10245 	10246 	10232
f 10235 	9314 	10232
f 10230 	10079 	10080
f 10227 	10214 	10229
f 10201 	10277 	10200
f 10261 	10087 	10229
f 9301 	10232 	9314
f 10208 	10200 	10278
f 10214 	10261 	10229
f 10232 	9572 	10245
f 10208 	10278 	10211
f 9140 	9168 	10228
f 10230 	10264 	10239
f 10227 	10238 	10214
f 10089 	10207 	10177
f 10182 	10230 	10239
f 10171 	10116 	10243
f 10243 	10116 	10244
f 10247 	10232 	10246
f 10235 	10232 	10247
f 10259 	10120 	10263
f 10177 	10207 	10242
f 10231 	10242 	10207
f 10243 	10244 	8927
f 10911 	10239 	10264
f 10301 	10187 	10227
f 10244 	8878 	8927
f 10027 	9950 	10227
f 9369 	9360 	9366
f 10245 	9360 	10253
f 10246 	10245 	10253
f 10229 	10027 	10227
f 10239 	10911 	10157
f 10125 	9990 	10198
f 10277 	10254 	10278
f 10255 	10278 	10254
f 10239 	10157 	10159
f 8977 	10172 	9185
f 8885 	10254 	8954
f 10339 	10253 	9360
f 10128 	10125 	10198
f 10252 	10215 	10111
f 10258 	10226 	10228
f 10256 	10195 	10170
f 10339 	9360 	9369
f 10238 	10281 	10214
f 10258 	10228 	9168
f 10256 	10249 	10195
f 10207 	10222 	10231
f 9724 	10120 	10262
f 9724 	10262 	9926
f 10255 	10254 	10257
f 10257 	10254 	10260
f 10224 	10215 	10252
f 10252 	10251 	10224
f 10311 	10172 	9840
f 10254 	8885 	10260
f 10318 	10351 	9549
f 10265 	10214 	10213
f 10255 	10257 	10103
f 10152 	10255 	10103
f 10214 	10265 	10261
f 10152 	10278 	10255
f 9562 	9314 	10235
f 10213 	11080 	10265
f 9467 	9310 	9314
f 10201 	10243 	8975
f 10235 	10247 	9562
f 9563 	9562 	10247
f 10173 	10281 	10238
f 8954 	10254 	10277
f 11110 	10281 	10173
f 8954 	10277 	9011
f 10238 	10187 	10173
f 10262 	10259 	10258
f 10262 	10258 	9924
f 10262 	9924 	9926
f 10277 	10201 	8975
f 10214 	10281 	10213
f 10209 	10216 	10280
f 10258 	10259 	10263
f 10200 	10277 	10278
f 11110 	10173 	9772
f 10280 	10216 	10249
f 10226 	10258 	10263
f 10256 	10922 	10280
f 8975 	9011 	10277
f 10249 	10256 	10280
f 10279 	10275 	10371
f 10301 	10427 	10187
f 10279 	10371 	10284
f 10209 	10280 	10302
f 10231 	10222 	10279
f 10231 	10279 	10284
f 10209 	10302 	11680
f 9906 	10427 	10301
f 10503 	10303 	10505
f 10269 	10251 	10273
f 10306 	10335 	9124
f 10269 	10224 	10251
f 10307 	10335 	10306
f 9567 	10318 	9569
f 10310 	10312 	10311
f 9569 	10309 	9458
f 10313 	9184 	9185
f 9124 	9458 	10306
f 9458 	10309 	10306
f 10311 	10314 	9185
f 10312 	10314 	10311
f 10313 	9185 	10314
f 10308 	10307 	10309
f 10306 	10309 	10307
f 10311 	9978 	9981
f 10311 	9981 	10310
f 9917 	9934 	10136
f 9978 	10311 	9840
f 9917 	10136 	9913
f 10136 	10180 	9913
f 9631 	10431 	10316
f 9547 	10308 	10318
f 10309 	10318 	10308
f 10351 	10318 	9567
f 9934 	9911 	10136
f 9934 	9835 	9911
f 10301 	9944 	9906
f 10309 	9569 	10318
f 9549 	9547 	10318
f 9131 	10463 	9132
f 10463 	9123 	9126
f 10324 	10463 	9129
f 10311 	9185 	10172
f 10324 	10322 	10463
f 10322 	9123 	10463
f 10251 	10252 	10567
f 9129 	9463 	10324
f 9125 	10335 	9126
f 9981 	11109 	10310
f 10310 	11109 	10312
f 9184 	10313 	11171
f 9459 	10329 	9460
f 10387 	9772 	10173
f 9458 	9124 	9459
f 10329 	9459 	10322
f 10324 	9463 	10329
f 10314 	11171 	10313
f 10324 	10329 	10322
f 10166 	10331 	10330
f 10334 	10374 	10333
f 10352 	10374 	10334
f 10372 	10383 	9295
f 10380 	10378 	9295
f 10251 	10567 	10273
f 10363 	9315 	10357
f 10333 	10374 	9281
f 10603 	10231 	10284
f 9283 	10361 	10344
f 10343 	10339 	10342
f 10341 	10342 	10348
f 10346 	10339 	10343
f 9725 	10335 	10337
f 9125 	9124 	10335
f 10348 	10342 	10339
f 10308 	10337 	10307
f 10335 	10307 	10337
f 10029 	10023 	10348
f 10340 	10338 	10349
f 10439 	10349 	10338
f 10373 	10374 	10352
f 9305 	9281 	10374
f 9131 	9129 	10463
f 10339 	10346 	9563
f 10351 	9563 	10350
f 10350 	9563 	10346
f 10463 	9126 	10335
f 10267 	10269 	10356
f 10273 	10356 	10269
f 10332 	10414 	9709
f 10344 	10361 	10359
f 10246 	9563 	10247
f 10246 	10253 	9563
f 10339 	9563 	10253
f 10332 	9709 	9301
f 10349 	10357 	10340
f 10348 	9369 	9367
f 10339 	9369 	10348
f 10377 	10463 	10335
f 10367 	10361 	10365
f 10359 	10361 	10367
f 10349 	10365 	10361
f 10361 	10363 	10349
f 10029 	10348 	9385
f 10349 	10363 	10357
f 9367 	9385 	10348
f 10427 	10325 	10173
f 10367 	10365 	10370
f 10427 	10173 	10187
f 10372 	9305 	10374
f 10385 	9295 	10383
f 9725 	10377 	10335
f 8595 	10343 	10342
f 10871 	9295 	10378
f 10371 	10275 	10362
f 10374 	10381 	10372
f 10341 	8605 	10342
f 9549 	10346 	8595
f 10343 	8595 	10346
f 11942 	10378 	10381
f 10381 	10378 	10380
f 9645 	10442 	10377
f 10371 	10362 	10369
f 10346 	9549 	10350
f 10377 	10442 	10368
f 11834 	10355 	10379
f 10351 	10350 	9549
f 10380 	10385 	10381
f 11834 	10379 	10305
f 10383 	10381 	10385
f 10305 	10379 	10475
f 10381 	10425 	11942
f 10383 	10372 	10381
f 11956 	11942 	10425
f 10374 	10373 	10381
f 10373 	10390 	10381
f 10365 	10381 	10390
f 10390 	10370 	10365
f 10356 	10391 	10384
f 11956 	10393 	10394
f 10394 	10636 	11956
f 10325 	10427 	10389
f 10446 	10143 	10538
f 10384 	10267 	10356
f 10401 	10460 	10399
f 10462 	10143 	10446
f 10320 	10388 	10395
f 10462 	10155 	10143
f 10419 	10460 	10403
f 10387 	11309 	9772
f 10406 	10407 	10405
f 10407 	10419 	10405
f 10388 	10413 	10607
f 10368 	10463 	10377
f 10365 	10412 	10381
f 10381 	10408 	10409
f 10395 	10388 	10607
f 10408 	10381 	10412
f 10412 	10365 	10349
f 10412 	10349 	10405
f 10412 	10403 	10401
f 10412 	10401 	10399
f 10403 	10412 	10405
f 10406 	10405 	10349
f 10407 	10406 	10349
f 10403 	10405 	10419
f 10485 	10418 	10384
f 10428 	10137 	10161
f 10349 	10439 	10419
f 10349 	10419 	10407
f 10429 	9653 	10414
f 10305 	10423 	10424
f 10330 	10331 	10417
f 10424 	10304 	10305
f 10424 	9621 	10304
f 10391 	10485 	10384
f 9665 	9709 	10414
f 10426 	11956 	10425
f 9653 	9665 	10414
f 10424 	10423 	10303
f 10381 	10409 	10425
f 10414 	10606 	10429
f 10438 	10338 	9332
f 10423 	10305 	10475
f 9332 	9515 	10439
f 9515 	9332 	10185
f 9288 	10432 	10433
f 10434 	9328 	10433
f 10430 	10183 	10434
f 9749 	10431 	9672
f 9489 	9475 	10435
f 10435 	10430 	10434
f 10427 	10113 	10119
f 10434 	10433 	10435
f 10438 	9332 	10439
f 10389 	10427 	10119
f 10432 	10440 	10433
f 10433 	10440 	10441
f 10433 	10441 	10435
f 10141 	10137 	10422
f 10422 	10137 	10428
f 10443 	10449 	10435
f 10441 	10443 	10435
f 10424 	10487 	9666
f 10338 	10438 	10439
f 9666 	9621 	10424
f 10442 	9936 	10437
f 10436 	10320 	10316
f 10330 	10417 	10147
f 10436 	10316 	10431
f 9936 	9949 	10447
f 10447 	10742 	10437
f 10451 	10452 	10450
f 10330 	10147 	10145
f 10145 	9913 	10330
f 10447 	10437 	9936
f 10452 	9506 	10476
f 10330 	9913 	10180
f 10155 	10462 	10456
f 9506 	9528 	10476
f 10648 	10371 	10369
f 10451 	10396 	10452
f 10273 	10663 	10356
f 10437 	10368 	10442
f 10398 	10399 	10460
f 10658 	10648 	10369
f 10396 	10398 	10452
f 10452 	10398 	10460
f 10675 	10413 	10455
f 10460 	9506 	10452
f 10401 	10403 	10460
f 10388 	10459 	10455
f 10663 	10391 	10356
f 10460 	10470 	9515
f 10455 	10413 	10388
f 10450 	10452 	10466
f 10465 	10466 	10452
f 10645 	9132 	10463
f 10477 	10465 	10452
f 10459 	10320 	10436
f 10460 	10419 	10470
f 10468 	11342 	10464
f 10470 	10439 	9515
f 10474 	10465 	10472
f 10464 	10389 	10468
f 10466 	10465 	10474
f 10419 	10439 	10470
f 10477 	10452 	10476
f 10387 	10464 	11309
f 10444 	10478 	10949
f 10368 	10645 	10463
f 10472 	10465 	10471
f 10477 	9375 	10465
f 10475 	10379 	10695
f 10476 	9375 	10477
f 9510 	9375 	9528
f 10468 	10389 	10528
f 9528 	9375 	10476
f 10388 	10320 	10459
f 10387 	10325 	10464
f 10483 	9489 	10482
f 10435 	10449 	10486
f 10435 	10486 	10482
f 10487 	10424 	10303
f 10482 	9489 	10435
f 10489 	11717 	10418
f 10418 	10485 	10489
f 10389 	10464 	10325
f 10428 	10161 	10478
f 10488 	8734 	8486
f 10422 	10520 	10175
f 10177 	10242 	10529
f 10494 	9749 	9748
f 10242 	10611 	10529
f 10177 	10529 	10532
f 10494 	10431 	9749
f 10522 	8734 	10488
f 10505 	10490 	10455
f 10539 	10496 	10492
f 8770 	8816 	11305
f 10143 	10179 	10538
f 10503 	10459 	10436
f 10417 	10496 	10539
f 10193 	10177 	10532
f 10503 	10505 	10459
f 10369 	10362 	10495
f 11621 	10495 	10362
f 10336 	10496 	10331
f 10455 	10459 	10505
f 10417 	10331 	10496
f 10490 	10505 	10527
f 10527 	10992 	10490
f 10523 	10111 	10175
f 10175 	10141 	10422
f 10523 	10252 	10111
f 10431 	10494 	10436
f 10503 	10436 	10494
f 10515 	8734 	10522
f 10497 	11694 	10524
f 9748 	10487 	10494
f 11694 	11711 	10524
f 10303 	10494 	10487
f 10520 	9583 	10523
f 10755 	10497 	10524
f 10527 	10303 	10423
f 10423 	10475 	10527
f 10475 	10697 	10527
f 10992 	10527 	10697
f 10494 	10303 	10503
f 10157 	10820 	10528
f 10303 	10527 	10505
f 10389 	10119 	10528
f 10391 	10706 	10485
f 10355 	10535 	10379
f 10695 	10379 	10535
f 10119 	10159 	10528
f 10159 	10157 	10528
f 10179 	10532 	10538
f 10147 	10539 	10170
f 11301 	10533 	8802
f 8802 	8819 	11301
f 10147 	10417 	10539
f 10539 	10256 	10170
f 10446 	10538 	9689
f 10535 	11892 	10589
f 10839 	10256 	10539
f 10175 	10520 	10523
f 9607 	10520 	10422
f 11766 	8875 	10542
f 10541 	10735 	10771
f 9143 	10664 	9141
f 10556 	9141 	10664
f 10599 	10252 	10523
f 10539 	10492 	10839
f 10523 	9583 	10599
f 9470 	10557 	9476
f 10557 	9470 	10560
f 10563 	11953 	10562
f 8875 	9479 	10557
f 10562 	10566 	10568
f 10556 	10560 	9474
f 9469 	10585 	9474
f 10569 	10562 	10568
f 10570 	10571 	10569
f 10571 	10572 	10569
f 10562 	10569 	10572
f 10560 	10543 	10557
f 10556 	10543 	10560
f 8875 	10557 	10543
f 8875 	10543 	10542
f 9135 	10669 	9136
f 10563 	10562 	10574
f 10572 	10574 	10562
f 10562 	10579 	10566
f 11950 	11954 	10562
f 10577 	10669 	9142
f 10694 	11569 	9696
f 10582 	9321 	10581
f 10747 	9321 	10751
f 10571 	10570 	9321
f 9466 	9138 	9468
f 10581 	9321 	10586
f 9468 	10585 	9469
f 10586 	9321 	10570
f 10577 	9474 	10585
f 10577 	10585 	10575
f 9132 	10645 	9133
f 9323 	9293 	10574
f 10574 	10572 	9323
f 9321 	9323 	10571
f 10590 	10645 	9138
f 10588 	10645 	10590
f 9133 	10645 	10588
f 9857 	10591 	9938
f 10273 	10567 	10584
f 10567 	10845 	10584
f 10572 	10571 	9323
f 10596 	10618 	9308
f 10593 	10622 	10591
f 9938 	10591 	10622
f 10597 	8677 	8529
f 10596 	9308 	10595
f 10567 	10599 	10845
f 10597 	8529 	10609
f 10632 	11967 	9308
f 10599 	10567 	10252
f 9465 	10601 	9466
f 9133 	10588 	9465
f 10601 	9465 	10588
f 9884 	9968 	10600
f 11222 	10604 	10594
f 9466 	10601 	10590
f 9138 	9466 	10590
f 10590 	10601 	10588
f 10603 	10242 	10231
f 10611 	10242 	10603
f 11928 	10607 	10559
f 9904 	9884 	9905
f 10600 	9905 	9884
f 10598 	9905 	10600
f 10598 	10597 	9905
f 10609 	9905 	10597
f 8564 	10609 	8529
f 10562 	10613 	10579
f 10665 	10535 	10617
f 10606 	10605 	9781
f 10614 	10616 	10045
f 8688 	10616 	10614
f 10535 	10589 	10617
f 10628 	10632 	9308
f 10653 	10414 	10332
f 10414 	10653 	10612
f 10414 	10612 	10606
f 9932 	9938 	10622
f 10623 	10624 	10562
f 10621 	10691 	10906
f 10562 	10624 	10613
f 10636 	10635 	10562
f 10607 	10621 	10559
f 10606 	9781 	10429
f 10562 	11956 	10636
f 10628 	9308 	10627
f 10618 	10627 	9308
f 9932 	10622 	10614
f 10607 	10413 	10621
f 10640 	11967 	10632
f 10631 	10603 	10284
f 10332 	9301 	9344
f 10616 	8683 	10699
f 10605 	10000 	9902
f 8662 	8661 	10614
f 10622 	8662 	10614
f 9272 	10605 	10606
f 10605 	9317 	10000
f 8577 	8662 	10622
f 10623 	10562 	10635
f 8577 	10622 	10593
f 8688 	10614 	8661
f 10447 	9949 	10742
f 8715 	8701 	10637
f 10639 	10640 	10641
f 10634 	10626 	10592
f 11964 	11967 	10654
f 10642 	11967 	10639
f 10632 	10641 	10640
f 10648 	10631 	10284
f 10647 	8701 	8677
f 10070 	10637 	9966
f 10575 	9136 	10669
f 10637 	8701 	10647
f 10669 	9135 	10645
f 10648 	10284 	10371
f 10597 	10647 	8677
f 10018 	10631 	10648
f 9966 	10637 	10647
f 9139 	9138 	10645
f 10653 	9275 	10612
f 10647 	9968 	9966
f 9344 	9490 	9255
f 10598 	10647 	10597
f 9255 	10653 	9344
f 9968 	10647 	10600
f 10598 	10600 	10647
f 10620 	10619 	10656
f 10653 	10332 	9344
f 10657 	10620 	10656
f 10645 	10368 	10684
f 10668 	11964 	10661
f 11159 	10662 	10993
f 8739 	8730 	10679
f 11183 	10657 	10656
f 10273 	10584 	10663
f 10679 	10674 	8739
f 10664 	10542 	10543
f 11183 	10656 	10662
f 10543 	10556 	10664
f 10663 	10875 	10638
f 9145 	10669 	9143
f 10664 	9143 	10669
f 10577 	10575 	10669
f 10087 	10667 	10070
f 10663 	10638 	10391
f 9142 	10669 	9145
f 10667 	8715 	10637
f 10706 	10391 	10638
f 9139 	10645 	9135
f 10637 	10070 	10667
f 10495 	10497 	10724
f 10368 	10437 	10698
f 11483 	10673 	10650
f 10691 	10621 	10413
f 10087 	10674 	10679
f 11284 	10678 	10673
f 10869 	11964 	10680
f 8730 	10667 	10679
f 10678 	10634 	10673
f 10679 	10667 	10087
f 10678 	10670 	10630
f 10413 	10675 	10691
f 9272 	10606 	9275
f 10695 	10697 	10475
f 10673 	10736 	10650
f 10694 	9696 	9976
f 10437 	10742 	10698
f 10694 	9976 	9984
f 10634 	10736 	10673
f 10684 	10368 	10698
f 10045 	10616 	10699
f 10626 	10634 	10678
f 10665 	10695 	10535
f 10735 	10541 	10489
f 10698 	10742 	10775
f 10699 	10694 	9984
f 10626 	10678 	10630
f 10697 	10695 	10665
f 10606 	10612 	9275
f 10694 	10699 	8683
f 8966 	9097 	10702
f 10488 	8486 	10705
f 10665 	10666 	10697
f 10711 	10703 	10702
f 10704 	10664 	10669
f 10617 	10767 	10665
f 8966 	10702 	10703
f 10711 	10702 	10573
f 10706 	10638 	10073
f 10703 	10620 	10657
f 10468 	10759 	11342
f 10664 	10704 	10705
f 10711 	10620 	10703
f 10497 	10713 	10724
f 10714 	10721 	9391
f 10724 	10658 	10369
f 10621 	10715 	10785
f 10621 	10906 	10715
f 10369 	10495 	10724
f 10702 	10561 	10573
f 10785 	10559 	10621
f 10718 	9321 	10717
f 10645 	10704 	10669
f 10720 	9412 	10718
f 10707 	9375 	10720
f 10592 	10594 	10634
f 10684 	10704 	10645
f 10722 	9337 	10721
f 9337 	9391 	10721
f 10594 	10739 	10736
f 8476 	8756 	9064
f 10604 	10739 	10594
f 9418 	9298 	8857
f 8860 	8857 	9298
f 9269 	8860 	9298
f 9650 	10717 	9321
f 10092 	10724 	10713
f 9317 	9318 	10000
f 9317 	10605 	9272
f 10740 	9321 	10747
f 10730 	9321 	10741
f 9650 	9321 	10730
f 10743 	9337 	10732
f 10748 	9308 	10745
f 10594 	10736 	10634
f 10073 	10735 	10706
f 10736 	10739 	8995
f 10741 	9321 	10740
f 10733 	9949 	10026
f 10733 	10742 	9949
f 10745 	9308 	10744
f 8995 	10650 	10736
f 10753 	9308 	10748
f 10775 	10742 	10733
f 10739 	11320 	8995
f 10751 	9321 	10582
f 10485 	10706 	10735
f 10595 	9308 	10753
f 9337 	10743 	9308
f 10485 	10735 	10489
f 10043 	10746 	10752
f 10497 	10755 	10713
f 11931 	8472 	10725
f 10759 	10468 	10528
f 10725 	10763 	11931
f 10116 	10755 	10758
f 10764 	10776 	10869
f 10764 	10869 	10681
f 10116 	10082 	10755
f 10698 	10768 	10684
f 10763 	10858 	10867
f 10768 	10704 	10684
f 10775 	10752 	10806
f 10774 	10839 	10492
f 10763 	10589 	11931
f 10776 	10786 	10869
f 10763 	10765 	10589
f 10774 	10492 	10963
f 10733 	10752 	10775
f 10617 	10589 	10765
f 10698 	10775 	10768
f 10767 	10617 	10765
f 10768 	10790 	10704
f 10769 	10841 	10770
f 10785 	11915 	10559
f 10786 	10793 	10869
f 11104 	10869 	10783
f 9418 	10787 	10803
f 10820 	10750 	10759
f 10771 	10257 	10772
f 10785 	10826 	10831
f 10257 	10260 	10772
f 10759 	10528 	10820
f 10715 	10826 	10785
f 10790 	10488 	10705
f 10793 	10795 	10869
f 10775 	10806 	10790
f 10767 	10967 	10920
f 10783 	10795 	10796
f 10796 	10801 	10783
f 10783 	10869 	10795
f 10704 	10790 	10705
f 10768 	10775 	10790
f 10844 	10599 	9583
f 10785 	10831 	10850
f 9626 	10446 	9592
f 9418 	8857 	10787
f 9592 	10446 	9689
f 10850 	10738 	10785
f 10804 	10783 	10801
f 10787 	8800 	10533
f 10428 	9607 	10422
f 10935 	10950 	10799
f 8723 	8800 	10787
f 11856 	11752 	10814
f 9607 	10428 	9610
f 10808 	10783 	10809
f 8476 	9064 	10856
f 10809 	10783 	10804
f 10856 	8477 	8476
f 10810 	11099 	10808
f 10814 	11802 	11799
f 9626 	10462 	10446
f 10797 	11677 	10750
f 10858 	10763 	10725
f 10522 	10790 	10806
f 9631 	10456 	9626
f 10522 	10488 	10790
f 10815 	11099 	10810
f 9626 	10456 	10462
f 10763 	10867 	10865
f 10746 	11218 	10806
f 8497 	10738 	10813
f 10738 	10850 	10813
f 10806 	10752 	10746
f 10813 	8508 	8497
f 10444 	9636 	10478
f 11799 	11797 	10814
f 9636 	10444 	9621
f 8508 	10813 	10816
f 10428 	9636 	9610
f 10428 	10478 	9636
f 10532 	10529 	9698
f 10803 	10787 	10533
f 9698 	9688 	10532
f 10538 	10532 	9689
f 10750 	10820 	10821
f 10805 	10760 	10757
f 9689 	10532 	9688
f 10819 	10750 	10821
f 10816 	9152 	8775
f 10823 	11099 	10825
f 10520 	9705 	9583
f 10910 	10819 	10821
f 10911 	10910 	10821
f 10620 	10711 	10828
f 9607 	9705 	10520
f 10828 	10619 	10620
f 10157 	10821 	10820
f 10611 	10603 	9901
f 10805 	10619 	10828
f 10830 	11099 	10824
f 10855 	10832 	10603
f 9901 	10603 	10832
f 10832 	9943 	9915
f 10157 	10911 	10821
f 10830 	10835 	11099
f 9943 	10832 	10855
f 10847 	10779 	10822
f 9923 	10832 	9915
f 10805 	10757 	10834
f 9923 	9901 	10832
f 10770 	10841 	10798
f 10529 	10611 	9901
f 10798 	10799 	10770
f 10839 	10837 	10256
f 10777 	10592 	10769
f 9930 	9933 	10845
f 10802 	10866 	10878
f 10592 	10841 	10769
f 10774 	10779 	10839
f 10839 	10779 	10837
f 10844 	9930 	10845
f 10763 	10865 	10765
f 10837 	10779 	10847
f 10599 	10844 	10845
f 10626 	10798 	10841
f 10592 	10626 	10841
f 10846 	10849 	11086
f 10818 	10862 	10885
f 10018 	10022 	10855
f 10750 	10819 	10797
f 10855 	10603 	10631
f 11856 	10814 	10802
f 10852 	10851 	10179
f 10849 	10853 	11086
f 10871 	11863 	10854
f 10852 	10179 	10143
f 9192 	10856 	9064
f 10847 	10822 	10818
f 10802 	10854 	11861
f 11860 	11861 	10854
f 10856 	9192 	9200
f 10022 	9943 	10855
f 10858 	10856 	9200
f 10852 	10881 	10757
f 10878 	10854 	10802
f 10884 	10818 	10885
f 10725 	8477 	10856
f 10860 	10845 	9933
f 10760 	10852 	10757
f 10725 	10856 	10858
f 10851 	10852 	10760
f 10584 	10845 	10860
f 10864 	10868 	9428
f 10819 	10872 	10797
f 10875 	10584 	10860
f 10874 	10876 	9428
f 10769 	10115 	10777
f 11874 	10862 	10818
f 9901 	9698 	10529
f 10378 	11940 	10871
f 10814 	10797 	10872
f 10683 	10680 	11964
f 10868 	10873 	9428
f 10802 	10814 	10872
f 10680 	10681 	10869
f 9428 	10873 	10874
f 10631 	10018 	10855
f 10770 	10870 	10769
f 11863 	11864 	10854
f 10870 	10074 	10769
f 10902 	10895 	9375
f 10770 	10890 	10848
f 10888 	9428 	10891
f 10770 	10848 	10870
f 10871 	11029 	9295
f 10872 	10866 	10802
f 10032 	10875 	10860
f 10769 	10074 	10115
f 10876 	10882 	9428
f 10056 	10875 	10036
f 10032 	10036 	10875
f 10161 	10870 	10848
f 10663 	10584 	10875
f 10895 	10471 	9375
f 10880 	10994 	10881
f 10073 	10638 	10056
f 10878 	10866 	10990
f 10891 	9428 	10882
f 10062 	10018 	10658
f 10834 	10757 	10881
f 10648 	10658 	10018
f 10881 	10994 	10834
f 10892 	9852 	10887
f 9412 	10720 	9375
f 9112 	9122 	9852
f 10889 	10899 	9428
f 10724 	10062 	10658
f 10638 	10875 	10056
f 10709 	10710 	9428
f 9391 	9428 	10710
f 9852 	10892 	9853
f 9854 	10892 	9855
f 10889 	9428 	10888
f 9853 	10892 	9854
f 10848 	10890 	10749
f 10847 	10818 	10884
f 10770 	10799 	10890
f 9855 	10892 	9857
f 10799 	10749 	10890
f 10892 	10893 	9857
f 11592 	10207 	10089
f 10898 	9857 	10893
f 10902 	9375 	10708
f 10713 	10076 	10092
f 10089 	10894 	11592
f 10092 	10062 	10724
f 10465 	9375 	10471
f 10905 	9428 	10899
f 9857 	10898 	10591
f 10896 	10894 	10089
f 10735 	10101 	10771
f 10591 	10898 	10593
f 10896 	10089 	10097
f 10101 	10103 	10771
f 10904 	10675 	10997
f 10573 	10561 	10894
f 10871 	10854 	10878
f 10871 	10878 	11029
f 10898 	10901 	10593
f 10735 	10073 	10101
f 10573 	10894 	10896
f 10593 	10901 	8577
f 11224 	10244 	10758
f 10691 	10675 	10904
f 10828 	10711 	10573
f 9356 	8570 	10901
f 10828 	10573 	10896
f 10906 	10904 	10946
f 9228 	10912 	10909
f 9228 	10909 	9233
f 10713 	10755 	10082
f 10914 	10909 	10912
f 10915 	10907 	10914
f 10819 	10910 	10913
f 10805 	10896 	10760
f 10906 	10691 	10904
f 10103 	10257 	10771
f 10853 	9352 	11086
f 10907 	10915 	10916
f 10828 	10896 	10805
f 10270 	10910 	10911
f 10896 	10851 	10760
f 10909 	10914 	10907
f 10264 	10270 	10911
f 10896 	10097 	10851
f 10666 	10665 	10920
f 10918 	10594 	10592
f 10920 	10919 	10666
f 10922 	10847 	10930
f 10892 	10977 	10893
f 10592 	10777 	10918
f 10122 	10918 	10777
f 10837 	10847 	10922
f 10777 	10115 	10122
f 10922 	10256 	10837
f 10666 	10919 	10923
f 10280 	10922 	10930
f 10907 	10969 	10887
f 9122 	10907 	10887
f 10665 	10767 	10920
f 10670 	11644 	10932
f 10909 	10907 	9122
f 9121 	10909 	9122
f 9233 	10909 	9121
f 9228 	9681 	10912
f 9681 	9695 	10914
f 10912 	9681 	10914
f 9695 	10915 	10914
f 9988 	9576 	10925
f 11643 	10109 	10932
f 9697 	10970 	10916
f 10915 	9695 	10916
f 9697 	10916 	9695
f 10919 	10920 	10965
f 10920 	10967 	10965
f 10970 	9697 	10972
f 10976 	11834 	10927
f 9903 	10973 	10972
f 10826 	10715 	10906
f 10161 	10848 	10949
f 10913 	10910 	10270
f 10935 	10932 	10934
f 10913 	10270 	10943
f 9905 	10983 	9904
f 9997 	9996 	10609
f 9995 	9905 	9996
f 10826 	10946 	11179
f 10938 	10904 	10997
f 10944 	10956 	10947
f 10904 	10938 	10946
f 10961 	10956 	10944
f 10749 	10950 	10945
f 10935 	10951 	10950
f 10947 	10956 	10953
f 10928 	8892 	10948
f 10930 	10928 	10948
f 10956 	10492 	10496
f 10946 	10826 	10906
f 10749 	10799 	10950
f 10930 	10948 	10302
f 10935 	10934 	10951
f 10953 	10956 	10496
f 10280 	10930 	10302
f 10959 	10765 	10865
f 10959 	10767 	10765
f 8891 	8892 	10987
f 10958 	10962 	10925
f 10959 	10967 	10767
f 10979 	10962 	10958
f 10963 	10779 	10774
f 10456 	11850 	10952
f 10492 	10956 	10963
f 10962 	9989 	10925
f 10961 	10963 	10956
f 10964 	10866 	10913
f 11109 	9981 	10962
f 10872 	10819 	10913
f 10866 	10872 	10913
f 10949 	10917 	10444
f 11221 	10967 	10959
f 10970 	10969 	10916
f 10972 	10969 	10970
f 10973 	10969 	10972
f 10949 	10478 	10161
f 10913 	10943 	10964
f 10939 	10964 	10943
f 10964 	10990 	10866
f 10973 	10974 	10977
f 10950 	10968 	10945
f 10917 	11837 	10444
f 10969 	10973 	10977
f 10907 	10916 	10969
f 10934 	10966 	10968
f 10061 	10063 	10966
f 10934 	10093 	10966
f 10887 	10969 	10892
f 10986 	8892 	10928
f 10950 	10951 	10968
f 10977 	10892 	10969
f 10965 	11227 	11255
f 10884 	10986 	10928
f 10981 	10980 	10989
f 10930 	10884 	10928
f 10974 	9904 	10982
f 10973 	9903 	10974
f 10955 	11876 	10981
f 10930 	10847 	10884
f 10940 	10979 	10958
f 10982 	10983 	9994
f 9995 	9993 	10983
f 10982 	9994 	10974
f 10978 	10861 	10869
f 10978 	10862 	10861
f 10885 	10862 	10978
f 10977 	10974 	9994
f 10968 	10951 	10934
f 10965 	10985 	10919
f 10923 	10919 	10985
f 9991 	9356 	10901
f 10987 	8892 	10986
f 9993 	9991 	10901
f 10998 	10991 	10834
f 11315 	10985 	11255
f 9993 	10901 	10898
f 9994 	9993 	10898
f 11315 	11000 	10985
f 10898 	10893 	9994
f 10991 	10656 	10619
f 10964 	10942 	10990
f 10893 	10977 	9994
f 10942 	10964 	10939
f 10619 	10805 	10991
f 10991 	10662 	10656
f 10995 	10490 	11006
f 10992 	11006 	10490
f 10884 	10885 	10986
f 10998 	10993 	10991
f 10986 	10885 	10978
f 9904 	10974 	9903
f 10986 	10978 	10987
f 10982 	9904 	10983
f 10834 	10994 	10998
f 10983 	9905 	9995
f 10993 	10958 	10925
f 10995 	10455 	10490
f 9997 	10609 	10001
f 10993 	10998 	10958
f 10455 	10995 	10675
f 10006 	10001 	8564
f 10675 	10995 	10997
f 10994 	11013 	10998
f 11029 	11073 	9295
f 11006 	10992 	10697
f 11000 	11175 	10938
f 10880 	11013 	10994
f 10662 	10991 	10993
f 10834 	10991 	10805
f 11000 	10938 	10997
f 8564 	10001 	10609
f 10932 	10630 	10670
f 9305 	11069 	9315
f 10799 	10798 	10935
f 10997 	10995 	11006
f 11000 	10997 	10985
f 10626 	10630 	10798
f 10923 	10997 	11006
f 11069 	11090 	9315
f 10935 	10798 	10630
f 10997 	10923 	10985
f 10823 	10824 	11099
f 11099 	10835 	10840
f 10924 	11075 	11010
f 10697 	10666 	11006
f 10666 	10923 	11006
f 10331 	10166 	11011
f 11071 	11010 	11075
f 10846 	11086 	10843
f 10843 	11086 	10840
f 10932 	10935 	10630
f 11030 	10816 	10813
f 10817 	11099 	10815
f 10825 	11099 	10817
f 10998 	11013 	10958
f 10816 	11030 	9152
f 11014 	11009 	11011
f 10940 	10958 	11013
f 11014 	11011 	10166
f 11012 	11009 	11014
f 10990 	10942 	8922
f 8922 	8921 	11023
f 10940 	11013 	10880
f 10336 	11011 	11009
f 8921 	8947 	11047
f 10148 	11014 	10166
f 11047 	11027 	8921
f 11023 	8921 	11027
f 11016 	11020 	11015
f 10850 	11021 	11020
f 11020 	10813 	10850
f 11017 	11018 	10749
f 11020 	11021 	11015
f 11011 	10336 	10331
f 10990 	8922 	11023
f 11018 	11036 	10749
f 11018 	10917 	10949
f 11018 	10949 	11036
f 11029 	10878 	10990
f 10990 	11023 	11029
f 11018 	10927 	10917
f 11018 	11017 	10924
f 11018 	10924 	10927
f 11023 	11027 	11029
f 10924 	11017 	11075
f 11027 	11073 	11029
f 10749 	10945 	11017
f 11030 	11016 	11031
f 10813 	11020 	11030
f 11020 	11016 	11030
f 11036 	10949 	10848
f 9152 	11030 	11031
f 11032 	11040 	11033
f 10976 	10927 	11038
f 10202 	9696 	11033
f 11040 	10202 	11033
f 11035 	8916 	8915
f 11042 	10976 	11038
f 11035 	8915 	8891
f 11043 	11021 	10850
f 10955 	10981 	11059
f 8891 	10987 	11035
f 11039 	11042 	11038
f 11059 	10981 	10989
f 10850 	10831 	11043
f 10978 	11104 	11035
f 10987 	10978 	11035
f 10852 	10143 	11044
f 11043 	11015 	11021
f 8916 	11034 	11046
f 8916 	11035 	11034
f 11059 	10952 	10955
f 11043 	11045 	11015
f 11049 	10881 	11044
f 11038 	11010 	11039
f 11044 	10952 	11049
f 11048 	11047 	8947
f 11044 	10155 	10952
f 10202 	11040 	11014
f 10959 	10865 	11052
f 10456 	10952 	10155
f 11048 	8947 	8949
f 11053 	11012 	11014
f 10852 	11044 	10881
f 11032 	11053 	11040
f 11014 	11040 	11053
f 11049 	11037 	10880
f 11014 	10148 	10202
f 11062 	11915 	11077
f 11049 	10952 	11059
f 11058 	8956 	11046
f 10281 	11110 	11061
f 11049 	11059 	11037
f 10826 	11043 	10831
f 8960 	11046 	8956
f 10881 	11049 	10880
f 11108 	11060 	11061
f 10749 	11036 	10848
f 11161 	10989 	11066
f 10989 	11068 	11066
f 11069 	9305 	9295
f 9200 	9229 	11087
f 11069 	9295 	11073
f 11048 	11090 	11047
f 11066 	11068 	11062
f 11074 	9200 	11087
f 11061 	10213 	10281
f 9200 	11074 	10858
f 11068 	10980 	11062
f 11108 	11121 	11060
f 11077 	11066 	11062
f 11047 	11090 	11069
f 11048 	11325 	11090
f 10858 	11074 	10867
f 10945 	11117 	11071
f 11073 	11047 	11069
f 11027 	11047 	11073
f 11083 	11074 	11084
f 11001 	11071 	11117
f 11001 	11010 	11071
f 11068 	10989 	10980
f 11046 	11086 	11058
f 11080 	11061 	11060
f 11017 	10945 	11075
f 11099 	10840 	11086
f 11074 	11087 	11084
f 10945 	11071 	11075
f 11060 	11079 	11080
f 10924 	11010 	11038
f 10924 	11038 	10927
f 11540 	11032 	11033
f 11052 	10865 	11083
f 10867 	11083 	10865
f 11034 	11096 	11099
f 10867 	11074 	11083
f 11080 	10213 	11061
f 11034 	11099 	11046
f 11035 	11104 	11034
f 11060 	11180 	11079
f 11010 	11103 	11039
f 11079 	11105 	11106
f 11106 	11165 	11079
f 11104 	11096 	11034
f 11104 	10978 	10869
f 11096 	11104 	10783
f 11087 	9297 	11084
f 11110 	9772 	11108
f 11086 	11046 	11099
f 11087 	9229 	9297
f 10783 	10808 	11099
f 11061 	11110 	11108
f 11094 	11095 	11098
f 11098 	11100 	11094
f 11099 	11096 	10783
f 11116 	11095 	11117
f 11001 	11094 	11100
f 11108 	11141 	11120
f 11108 	11120 	11121
f 11176 	11060 	11121
f 10105 	10118 	11128
f 11001 	11100 	11103
f 11015 	11045 	11149
f 10105 	11128 	11133
f 11103 	11010 	11001
f 11117 	11095 	11094
f 11094 	11001 	11117
f 11031 	9278 	9277
f 11191 	11022 	11126
f 11031 	11016 	11157
f 10258 	11095 	11116
f 11126 	11132 	11191
f 11117 	10966 	11116
f 10968 	10966 	11117
f 11031 	11157 	9278
f 11126 	11022 	11066
f 10968 	11117 	10945
f 11142 	11157 	11016
f 11120 	11123 	11121
f 11126 	11066 	11077
f 11116 	9924 	10258
f 11084 	9297 	11129
f 11084 	11129 	11269
f 10966 	9924 	11116
f 10962 	10979 	11134
f 11128 	11218 	11133
f 11141 	11108 	11135
f 11109 	10962 	11134
f 11100 	11098 	11144
f 11103 	11100 	11144
f 11307 	11351 	11135
f 11037 	10940 	10880
f 11141 	11135 	11123
f 11103 	11144 	11163
f 11142 	11016 	11015
f 11037 	11161 	10940
f 11161 	11037 	11059
f 11120 	11141 	11123
f 11015 	11149 	11142
f 10940 	11151 	10979
f 11128 	10118 	11154
f 10123 	10185 	11160
f 11129 	9297 	9409
f 10124 	11160 	11154
f 11151 	11066 	11022
f 11159 	11106 	11105
f 11161 	11151 	10940
f 11165 	11170 	11079
f 11159 	11165 	11106
f 11066 	11151 	11161
f 10314 	11109 	11171
f 11134 	10979 	11151
f 11159 	11170 	11165
f 11175 	11169 	11164
f 11022 	11191 	11134
f 11156 	8508 	11173
f 11180 	11060 	11176
f 11079 	11180 	11181
f 11134 	11171 	11109
f 10139 	11166 	11188
f 11079 	11181 	11105
f 11126 	11077 	11156
f 11166 	10139 	11168
f 11156 	11173 	11126
f 9189 	9184 	11171
f 11137 	11160 	10185
f 11022 	11134 	11151
f 11105 	11181 	11159
f 11175 	11164 	11179
f 11640 	11132 	11189
f 10946 	11175 	11179
f 11189 	11132 	11126
f 11183 	11159 	11181
f 11180 	11183 	11181
f 11189 	11126 	11173
f 10946 	10938 	11175
f 11134 	11191 	11171
f 11053 	11032 	11214
f 11171 	11191 	11132
f 10135 	10139 	11188
f 11161 	11059 	10989
f 11190 	10135 	11188
f 10826 	11179 	11195
f 11176 	11121 	11183
f 11123 	11183 	11121
f 11189 	8508 	8514
f 10183 	10135 	11190
f 11180 	11176 	11183
f 11328 	9315 	11090
f 11137 	10185 	9332
f 10183 	11190 	9325
f 10657 	11183 	11123
f 11190 	11385 	9325
f 11385 	11086 	9325
f 11048 	8949 	9000
f 11043 	10826 	11195
f 11206 	11325 	9000
f 11195 	11045 	11043
f 11209 	11210 	11208
f 11210 	11272 	11208
f 11045 	11195 	11211
f 11206 	9000 	8770
f 11179 	11211 	11195
f 11211 	11179 	11164
f 11403 	11399 	11211
f 11211 	11164 	11403
f 8557 	8740 	11289
f 11222 	10594 	10918
f 11224 	10758 	11933
f 11052 	11221 	10959
f 11218 	11128 	11230
f 10746 	11133 	11218
f 11218 	11230 	10515
f 11218 	10515 	10522
f 11218 	10522 	10806
f 11227 	10967 	11221
f 11221 	11220 	11239
f 11226 	10604 	11228
f 11227 	11221 	11239
f 11231 	8603 	11232
f 11228 	10604 	11222
f 8603 	8585 	11232
f 11209 	10670 	11210
f 11244 	11290 	11226
f 11238 	11240 	11237
f 11237 	11240 	11482
f 11239 	11236 	11227
f 11237 	11009 	11012
f 11154 	11230 	11128
f 11230 	11154 	11247
f 11238 	11237 	11012
f 11202 	11199 	11248
f 11254 	11238 	11253
f 11255 	11227 	11236
f 11248 	11277 	11256
f 11238 	11254 	11240
f 10275 	11248 	11256
f 11240 	11254 	10673
f 11482 	11240 	10673
f 11253 	10673 	11254
f 11154 	11263 	11247
f 11221 	11052 	11269
f 11244 	11226 	11228
f 11160 	11263 	11154
f 11269 	11220 	11221
f 11280 	11208 	11272
f 11244 	10267 	11271
f 11280 	11282 	11208
f 11214 	11208 	11282
f 8481 	11373 	11371
f 11282 	11283 	11214
f 11269 	11052 	11083
f 11084 	11269 	11083
f 11166 	11261 	11258
f 11214 	11012 	11053
f 11214 	11238 	11012
f 11188 	11258 	11273
f 11208 	11214 	11032
f 10678 	11272 	10670
f 11210 	10670 	11272
f 11214 	11279 	11238
f 11274 	11277 	11248
f 11227 	10965 	10967
f 11283 	11284 	11214
f 11284 	11285 	11214
f 11199 	11274 	11248
f 11279 	11214 	11285
f 11289 	11291 	8670
f 11305 	11206 	8770
f 11253 	11238 	11279
f 10678 	11284 	11283
f 8557 	11289 	8670
f 8816 	8810 	11305
f 11283 	11282 	10678
f 10678 	11280 	11272
f 11280 	10678 	11282
f 11293 	11290 	11271
f 10515 	11247 	10506
f 11290 	11244 	11271
f 11284 	10673 	11285
f 10515 	11230 	11247
f 11279 	11285 	10673
f 11258 	10533 	11301
f 11311 	11258 	11301
f 9104 	9134 	11306
f 10662 	11159 	11183
f 11317 	8637 	11291
f 9097 	9104 	11306
f 11108 	9772 	11304
f 11261 	10533 	11258
f 11306 	11335 	9097
f 11108 	11304 	11135
f 11263 	11206 	11305
f 12010 	11289 	11504
f 11129 	11380 	11269
f 11307 	11135 	11304
f 11341 	11307 	11304
f 11305 	8810 	10506
f 11289 	11308 	11291
f 11247 	11263 	10506
f 11309 	11344 	11357
f 11263 	11305 	10506
f 11309 	11304 	9772
f 11311 	11273 	11258
f 11300 	11291 	11308
f 11412 	11403 	11164
f 11378 	11273 	8986
f 10739 	10604 	11226
f 11232 	8585 	11353
f 8823 	8986 	11311
f 11353 	8585 	11317
f 8585 	8637 	11317
f 9095 	9111 	11319
f 11009 	11312 	10336
f 8819 	11311 	11301
f 9111 	11320 	11319
f 11300 	11317 	11291
f 11273 	11311 	8986
f 11315 	11314 	11322
f 11328 	11090 	11325
f 11325 	11048 	9000
f 11330 	11315 	11322
f 10496 	10336 	11312
f 11137 	9332 	11328
f 11169 	11330 	11322
f 11325 	11206 	11349
f 11335 	11274 	11199
f 11336 	11337 	11309
f 11304 	11309 	11337
f 11304 	11337 	11340
f 11335 	11306 	11274
f 11341 	11304 	11340
f 10561 	11335 	11199
f 10561 	10702 	11335
f 11335 	10702 	9097
f 8671 	11326 	11331
f 10464 	11342 	11344
f 11320 	11226 	11290
f 11328 	11325 	11349
f 11346 	11231 	11232
f 11000 	11315 	11330
f 11290 	11372 	11319
f 11169 	11175 	11330
f 11344 	11309 	10464
f 10739 	11226 	11320
f 11000 	11330 	11175
f 11346 	11232 	11353
f 11360 	9018 	11058
f 10496 	11312 	10953
f 11350 	11351 	11337
f 11255 	11236 	11314
f 11328 	11349 	11137
f 11257 	11346 	11392
f 11314 	11315 	11255
f 11351 	11341 	11340
f 11337 	11351 	11340
f 10965 	11255 	10985
f 11364 	11449 	11314
f 11361 	11394 	11277
f 11314 	11236 	11364
f 11350 	11337 	11336
f 11392 	11346 	11353
f 11367 	11309 	11357
f 11274 	11306 	11361
f 11277 	11274 	11361
f 11237 	11498 	11009
f 11190 	11360 	11385
f 11392 	11317 	11300
f 11306 	9134 	11361
f 11378 	9018 	11360
f 9134 	11494 	11361
f 11309 	11367 	11336
f 8671 	11331 	8679
f 11385 	11360 	11058
f 9151 	11486 	9247
f 11137 	11263 	11160
f 11319 	11320 	11290
f 11206 	11263 	11349
f 11263 	11137 	11349
f 11342 	11382 	11344
f 11384 	11357 	11344
f 11356 	11239 	11220
f 11290 	11293 	11372
f 11356 	11236 	11239
f 11166 	11168 	11261
f 11236 	11356 	11364
f 11331 	11326 	11373
f 11258 	11188 	11166
f 11373 	11326 	11371
f 11190 	11188 	11378
f 11357 	11350 	11367
f 11336 	11367 	11350
f 9095 	11319 	9153
f 11188 	11273 	11378
f 11220 	11269 	11358
f 8679 	11331 	11276
f 11356 	11220 	11358
f 11190 	11378 	11360
f 11319 	11372 	9153
f 11383 	11344 	11382
f 9153 	11486 	9151
f 11276 	11331 	11373
f 11344 	11383 	11384
f 11372 	11486 	9153
f 11384 	11383 	11420
f 9134 	9157 	11494
f 11380 	11358 	11269
f 11382 	11420 	11383
f 11058 	11086 	11385
f 11390 	11342 	11389
f 11342 	11390 	11382
f 8679 	11276 	8650
f 11389 	11419 	11390
f 11373 	11602 	11276
f 9377 	10803 	11391
f 11412 	11164 	11169
f 11261 	11391 	10803
f 10533 	11261 	10803
f 11394 	11256 	11277
f 11357 	11384 	11420
f 11350 	11357 	11420
f 11394 	11617 	11256
f 11317 	11392 	11353
f 11300 	11308 	11392
f 11404 	10105 	11133
f 11617 	11394 	11618
f 11439 	11618 	11394
f 11045 	11211 	11399
f 11404 	11133 	10746
f 11388 	11387 	11271
f 11293 	11271 	11387
f 10225 	11408 	11168
f 11498 	10947 	11312
f 11404 	10746 	10043
f 11408 	11391 	11261
f 11926 	11507 	11924
f 11168 	11408 	11261
f 11408 	9431 	9377
f 11351 	11307 	11341
f 11391 	11408 	9377
f 10225 	9431 	11408
f 11123 	11135 	11351
f 11416 	11434 	11417
f 11419 	11420 	11382
f 11382 	11390 	11419
f 10772 	11459 	11414
f 11415 	11414 	11459
f 11414 	8849 	10772
f 11045 	11399 	11149
f 8848 	10772 	8849
f 11422 	8493 	8470
f 8469 	8470 	8491
f 11434 	11456 	11417
f 11271 	10267 	11388
f 11459 	11424 	11415
f 11425 	11444 	11416
f 11426 	11443 	11425
f 8845 	8790 	10772
f 11429 	10944 	11428
f 11430 	11387 	11388
f 11429 	10961 	10944
f 11614 	11430 	11388
f 10031 	11432 	9760
f 11356 	11556 	11364
f 11579 	11434 	11436
f 11361 	11494 	11394
f 11419 	9097 	11420
f 11440 	11546 	11436
f 11424 	11459 	11435
f 11350 	9097 	8966
f 11428 	10944 	11445
f 11443 	11546 	11444
f 11452 	11451 	10944
f 11434 	11444 	11436
f 11440 	11436 	11444
f 11962 	11507 	11446
f 10944 	10947 	11452
f 11224 	11962 	11446
f 9756 	9760 	11432
f 11431 	11426 	11432
f 11443 	11426 	11431
f 11444 	11425 	11443
f 11434 	11416 	11444
f 9756 	11432 	11426
f 11224 	11446 	10244
f 10244 	11446 	8878
f 11451 	11445 	10944
f 8522 	11422 	11456
f 11412 	11169 	11668
f 11322 	11668 	11169
f 8493 	8494 	11579
f 11452 	9111 	11451
f 9149 	9154 	11579
f 11434 	11579 	11456
f 9154 	8522 	11456
f 8493 	11422 	8522
f 11422 	11417 	11456
f 9097 	11350 	11420
f 11459 	10260 	11458
f 11351 	11350 	8966
f 8966 	10703 	11351
f 11129 	9409 	11559
f 11452 	10947 	11463
f 11477 	11463 	10947
f 10772 	10260 	11459
f 11515 	11416 	11417
f 8885 	11458 	10260
f 11416 	11515 	11425
f 11445 	11451 	9111
f 11463 	9111 	11452
f 11465 	11466 	11142
f 11426 	11425 	11472
f 11515 	11472 	11425
f 11503 	11465 	11476
f 11472 	10011 	9756
f 10947 	11475 	11477
f 11399 	11606 	11476
f 11426 	11472 	9756
f 11431 	11480 	11443
f 11387 	11430 	11486
f 11477 	8995 	11463
f 11476 	11465 	11149
f 11142 	11149 	11465
f 10031 	11480 	11432
f 11431 	11432 	11480
f 11123 	11351 	10657
f 11430 	11469 	11543
f 10703 	10657 	11351
f 11476 	11149 	11399
f 11443 	11480 	11546
f 11492 	11237 	11483
f 11482 	11483 	11237
f 11486 	11372 	11387
f 8841 	11996 	10772
f 11372 	11293 	11387
f 11466 	11157 	11142
f 11492 	11496 	11237
f 11440 	11444 	11546
f 9444 	11157 	11466
f 11480 	10031 	10094
f 11486 	11541 	9247
f 11488 	11437 	11459
f 11487 	11484 	11459
f 11488 	11459 	11484
f 11459 	11437 	11435
f 11458 	8895 	8714
f 8885 	8895 	11458
f 9157 	9203 	11494
f 11520 	11521 	11498
f 11491 	9503 	11840
f 9203 	11516 	11494
f 9409 	9503 	11491
f 11494 	11439 	11394
f 9409 	11491 	11495
f 11439 	11494 	11516
f 11498 	11522 	11520
f 11498 	11237 	11522
f 11579 	11436 	11546
f 11511 	11516 	9203
f 11312 	11009 	11498
f 11456 	11579 	9154
f 11945 	11924 	11507
f 11518 	10219 	10080
f 11503 	11519 	11465
f 11504 	11507 	12010
f 11518 	10080 	11472
f 11531 	9444 	11466
f 11504 	8740 	11507
f 11496 	11522 	11237
f 11531 	11466 	11519
f 11465 	11519 	11466
f 11521 	11475 	11498
f 11439 	11516 	11511
f 8740 	11446 	11507
f 10080 	10011 	11472
f 11503 	11476 	11524
f 9231 	9236 	11533
f 11511 	9231 	11533
f 11496 	8995 	11522
f 11557 	11458 	11525
f 8995 	11521 	11520
f 11522 	8995 	11520
f 11439 	11511 	11450
f 11480 	11535 	11629
f 11498 	11475 	10947
f 10094 	10216 	11535
f 10953 	11312 	10947
f 9111 	11463 	8995
f 11535 	11480 	10094
f 11458 	11538 	11530
f 8995 	11475 	11521
f 11530 	11529 	11458
f 11458 	11529 	11526
f 11486 	11430 	11541
f 9609 	10077 	11540
f 11430 	11543 	11541
f 11531 	9484 	9444
f 11578 	11543 	11469
f 9615 	11540 	11548
f 9248 	9247 	11541
f 11540 	11033 	11548
f 11543 	9248 	11541
f 11480 	11629 	11546
f 9248 	11543 	11578
f 9696 	11548 	11033
f 11538 	11544 	11530
f 11550 	11403 	11412
f 11548 	9696 	11569
f 8714 	11538 	11458
f 11540 	9615 	9609
f 11533 	9236 	11842
f 11817 	11533 	11842
f 11557 	11558 	11458
f 11578 	9251 	9248
f 11459 	11458 	11558
f 11526 	11525 	11458
f 11558 	11487 	11459
f 10694 	8683 	9457
f 9617 	10694 	9457
f 10265 	11577 	10261
f 11577 	10674 	10261
f 8468 	8545 	11561
f 11561 	8469 	8468
f 11515 	11417 	11571
f 11563 	11358 	11559
f 11568 	11570 	11538
f 8469 	11561 	8470
f 11571 	8470 	11561
f 11559 	11358 	11380
f 11422 	8470 	11571
f 11612 	11538 	8714
f 11571 	11417 	11422
f 11609 	9909 	11591
f 10694 	9617 	11569
f 11469 	11572 	11578
f 11577 	10265 	11080
f 11570 	11574 	11538
f 11577 	11594 	9581
f 11578 	9258 	9251
f 11578 	11566 	9258
f 9581 	10674 	11577
f 11356 	11563 	11564
f 9602 	9581 	11594
f 11808 	11578 	11572
f 11356 	11358 	11563
f 10224 	10269 	11244
f 11582 	11544 	11538
f 11356 	11564 	11556
f 10269 	10267 	11244
f 10224 	11244 	11228
f 11586 	11538 	11585
f 11584 	11585 	11538
f 11574 	11584 	11538
f 11591 	9909 	9588
f 11586 	11582 	11538
f 11617 	10275 	11256
f 11079 	11591 	11080
f 10561 	11199 	11592
f 11559 	11380 	11129
f 11199 	11202 	11592
f 11591 	11594 	11080
f 10222 	10207 	11202
f 11079 	11170 	11591
f 11592 	11202 	10207
f 9602 	11591 	9588
f 10279 	11248 	10275
f 11080 	11594 	11577
f 11606 	11399 	11403
f 10279 	11202 	11248
f 11550 	11412 	11601
f 8905 	11602 	8904
f 10222 	11202 	10279
f 11594 	11591 	9602
f 11605 	11604 	11600
f 8900 	11602 	8898
f 8905 	8907 	11602
f 11518 	11600 	10219
f 11605 	11472 	11515
f 11592 	10894 	10561
f 11602 	11595 	11599
f 11606 	11403 	11550
f 11600 	11518 	11605
f 11472 	11605 	11518
f 11222 	10918 	10215
f 11608 	11609 	11591
f 11604 	11605 	11515
f 11625 	11550 	11601
f 11609 	11608 	11611
f 10215 	11228 	11222
f 11599 	11598 	11602
f 11228 	10215 	10224
f 11591 	11613 	11608
f 11608 	11613 	11611
f 11535 	10216 	10209
f 11617 	10362 	10275
f 11612 	11602 	11598
f 11617 	11618 	10362
f 11412 	11668 	11601
f 9907 	9909 	11611
f 11611 	9909 	11609
f 11613 	11591 	11170
f 11567 	11565 	11612
f 11621 	10362 	11618
f 11613 	11170 	11611
f 11449 	11364 	11615
f 11439 	11450 	11618
f 11159 	11611 	11170
f 11538 	11612 	11568
f 11364 	11556 	11615
f 11598 	11597 	11612
f 11597 	11567 	11612
f 11565 	11568 	11612
f 11611 	10925 	9907
f 11606 	11550 	11660
f 11618 	11450 	11626
f 11626 	11621 	11618
f 11373 	8481 	8920
f 8920 	11602 	11373
f 11631 	11630 	8475
f 11612 	11276 	11602
f 11629 	11535 	10209
f 8714 	8720 	11612
f 8475 	8579 	11631
f 11680 	11629 	10209
f 11611 	11159 	10993
f 8650 	11276 	11612
f 11611 	10993 	10925
f 11631 	8579 	11635
f 8650 	11612 	8720
f 11648 	11626 	11450
f 9189 	11171 	9190
f 11637 	9190 	11171
f 11629 	11680 	11633
f 11388 	10418 	11614
f 10384 	11388 	10267
f 9235 	11637 	11640
f 11388 	10384 	10418
f 11208 	11642 	11209
f 11641 	11209 	11642
f 11638 	8598 	8842
f 11635 	8579 	8586
f 11637 	11171 	11132
f 11642 	11643 	11644
f 11642 	11644 	11641
f 8842 	8539 	11638
f 11132 	11640 	11637
f 11630 	11559 	11495
f 11208 	11032 	11642
f 8567 	8602 	11658
f 11672 	11635 	8586
f 11540 	11642 	11032
f 11643 	10932 	11644
f 11630 	11563 	11559
f 9168 	9092 	11098
f 10258 	9168 	11098
f 11658 	8682 	8567
f 11098 	11095 	10258
f 11651 	11571 	11561
f 11650 	11640 	11189
f 11515 	11571 	11604
f 11644 	10670 	11641
f 11631 	11635 	11556
f 8545 	11651 	11561
f 8769 	9596 	11650
f 10077 	10109 	11642
f 9092 	9100 	8756
f 11659 	11098 	9092
f 11556 	11564 	11631
f 9092 	8756 	11659
f 8545 	8682 	11658
f 11564 	11563 	11630
f 11540 	10077 	11642
f 11658 	11651 	8545
f 11631 	11564 	11630
f 11659 	11144 	11098
f 11571 	11651 	11604
f 11606 	11660 	11524
f 11633 	11632 	8561
f 11189 	8514 	11650
f 11633 	8561 	11579
f 11650 	8514 	8769
f 11606 	11524 	11476
f 11660 	8525 	11744
f 11632 	11638 	8539
f 11660 	11550 	11625
f 8561 	11632 	8539
f 11625 	8502 	8525
f 11572 	11662 	11663
f 9447 	9443 	8872
f 11660 	11625 	8525
f 9447 	8872 	9407
f 10108 	10934 	10109
f 10934 	10932 	10109
f 11633 	11579 	11546
f 11633 	11546 	11629
f 11662 	11469 	11430
f 11669 	11670 	11671
f 11671 	11702 	11669
f 10264 	10219 	11600
f 11684 	11231 	11346
f 11430 	11614 	11662
f 11389 	11342 	11673
f 11669 	11673 	11342
f 11614 	11717 	11662
f 10270 	10264 	11600
f 11572 	11469 	11662
f 8794 	11665 	11672
f 11231 	8882 	8603
f 8794 	8799 	11665
f 10750 	11677 	11679
f 11601 	11666 	11625
f 11679 	11681 	10750
f 10759 	10750 	11681
f 10302 	11688 	11680
f 8502 	11625 	8799
f 11681 	11670 	10759
f 11670 	11669 	10759
f 11342 	10759 	11669
f 11678 	11685 	11686
f 11717 	11614 	10418
f 11668 	11322 	11314
f 11688 	11687 	11632
f 11449 	11668 	11314
f 11662 	11717 	11663
f 11666 	11615 	11665
f 10963 	11723 	10779
f 11633 	11688 	11632
f 11680 	11688 	11633
f 11668 	11615 	11666
f 8872 	8858 	11685
f 11665 	11615 	11672
f 11666 	11601 	11668
f 11681 	11679 	11690
f 11677 	11690 	11679
f 11670 	11681 	11690
f 11676 	11690 	11677
f 11671 	11670 	11690
f 11686 	11684 	11678
f 11621 	11626 	11694
f 11665 	8799 	11625
f 11686 	11231 	11684
f 11604 	11695 	11600
f 11231 	11686 	8882
f 11695 	10943 	10270
f 11600 	11695 	10270
f 11615 	11668 	11449
f 11695 	11698 	10939
f 11694 	10495 	11621
f 11665 	11625 	11666
f 11389 	11673 	11419
f 11701 	11419 	11673
f 11669 	11702 	11703
f 11669 	11703 	11673
f 10939 	10943 	11695
f 11699 	8887 	11696
f 11556 	11635 	11672
f 11695 	11604 	11698
f 10779 	11723 	10822
f 11556 	11672 	11615
f 11694 	10497 	10495
f 8602 	8922 	11706
f 10963 	10961 	11723
f 8922 	10942 	11706
f 11702 	11701 	11703
f 11673 	11703 	11701
f 11706 	11658 	8602
f 11707 	8909 	11716
f 11690 	11701 	11671
f 8909 	8740 	11716
f 11702 	11671 	11701
f 11694 	11626 	11711
f 8910 	11699 	11704
f 11710 	11721 	10961
f 11708 	11710 	10961
f 11651 	11698 	11604
f 11626 	11648 	11711
f 11712 	8976 	11707
f 8926 	11707 	8976
f 11706 	10942 	10939
f 8901 	8887 	11699
f 11711 	11648 	11692
f 11429 	11708 	10961
f 11699 	8910 	8901
f 11698 	11651 	11658
f 8741 	8831 	11707
f 11712 	11707 	8831
f 11718 	11723 	10961
f 11698 	11658 	11706
f 11708 	9095 	11710
f 11692 	10524 	11711
f 11698 	11706 	10939
f 8631 	8741 	11716
f 11428 	9095 	11429
f 11429 	9095 	11708
f 8670 	8631 	11716
f 11716 	8557 	8670
f 11691 	8891 	8915
f 11687 	8892 	8891
f 11717 	11749 	11663
f 11687 	11688 	10948
f 11718 	10961 	11740
f 11721 	11740 	10961
f 11717 	10489 	11749
f 8969 	9015 	11712
f 10948 	8892 	11687
f 11712 	8831 	8969
f 8858 	11686 	11685
f 8831 	8855 	8969
f 11828 	11831 	11718
f 11691 	11687 	8891
f 9153 	11721 	11710
f 11688 	10302 	10948
f 9134 	11419 	11701
f 9157 	11701 	11690
f 9157 	9134 	11701
f 11739 	11846 	11718
f 8563 	8843 	9484
f 11691 	11632 	11687
f 11740 	11739 	11718
f 8915 	8598 	11691
f 11531 	8563 	9484
f 11691 	8598 	11638
f 11728 	11727 	11741
f 11696 	9489 	11791
f 11721 	9151 	11740
f 11638 	11632 	11691
f 11782 	9375 	11784
f 11797 	11798 	10814
f 11782 	9383 	9375
f 11741 	11743 	11728
f 11747 	10797 	11798
f 11744 	11753 	11524
f 11654 	11762 	11692
f 11771 	11816 	10797
f 11660 	11744 	11524
f 11648 	11654 	11692
f 11744 	8525 	8562
f 8647 	11759 	11745
f 11751 	11503 	11753
f 11802 	10814 	11752
f 11751 	11519 	11503
f 11503 	11524 	11753
f 11751 	11531 	11519
f 10541 	11741 	11749
f 9398 	11371 	11757
f 11749 	10489 	10541
f 11759 	9041 	11773
f 11723 	11831 	10822
f 11756 	11746 	11773
f 11746 	11745 	11773
f 11757 	9428 	9398
f 11753 	11744 	11818
f 8496 	11755 	11767
f 9503 	9548 	11804
f 11755 	11756 	11773
f 11776 	11770 	10797
f 9483 	11772 	9036
f 11491 	8471 	11495
f 11772 	9483 	11790
f 11773 	9039 	11772
f 9036 	11772 	9039
f 11491 	11840 	8471
f 9039 	11773 	9040
f 11495 	8471 	11630
f 11762 	11867 	11935
f 11770 	11775 	11771
f 8471 	8475 	11630
f 11771 	10797 	11770
f 11776 	10797 	11747
f 11765 	11767 	11790
f 11772 	11790 	11767
f 11773 	11772 	11767
f 11767 	11755 	11773
f 11791 	9489 	9428
f 11770 	11776 	11775
f 10542 	11807 	11766
f 11346 	11257 	9383
f 11346 	9383 	11782
f 11751 	8563 	11531
f 9375 	9510 	11784
f 11782 	11784 	11678
f 11775 	11776 	11764
f 9440 	9438 	8528
f 11747 	11764 	11776
f 9440 	8528 	8559
f 9440 	8559 	8521
f 11684 	11782 	11678
f 11690 	11816 	11775
f 11741 	11785 	11645
f 11785 	11741 	11727
f 11645 	11749 	11741
f 8585 	11788 	8637
f 11645 	11793 	11808
f 11790 	8875 	11766
f 11766 	11765 	11790
f 11791 	11806 	11699
f 11699 	11696 	11791
f 10797 	10814 	11798
f 11791 	9428 	11757
f 9434 	9433 	8528
f 11785 	11795 	11645
f 11820 	11788 	11810
f 9204 	8669 	8528
f 11645 	8703 	11793
f 8482 	11800 	8680
f 8528 	9202 	9206
f 9206 	9435 	8528
f 8482 	8680 	8692
f 11699 	11326 	11704
f 8702 	11793 	8703
f 8702 	8704 	11793
f 8673 	9046 	11759
f 11795 	8703 	11645
f 11759 	11773 	11745
f 11759 	8647 	8673
f 11797 	11799 	11763
f 11791 	11757 	11806
f 11804 	9548 	11800
f 8486 	8700 	11807
f 11802 	11763 	11799
f 11807 	8700 	8496
f 11645 	11663 	11749
f 10705 	8486 	11807
f 8543 	11745 	11746
f 11756 	8505 	11746
f 8910 	8671 	11800
f 11763 	11802 	11752
f 10664 	10705 	11807
f 8543 	8647 	11745
f 8482 	11804 	11800
f 11699 	11806 	11326
f 8651 	8647 	8479
f 11797 	11763 	11798
f 11747 	11798 	11764
f 11763 	11764 	11798
f 11810 	8585 	8603
f 11816 	11676 	10797
f 8543 	11746 	8505
f 11450 	11511 	11817
f 9503 	11804 	11840
f 8496 	8505 	11755
f 11756 	11755 	8505
f 9532 	9533 	11784
f 11766 	11807 	11765
f 8496 	11765 	11807
f 11810 	11788 	8585
f 11704 	11326 	8671
f 11762 	11654 	11813
f 10542 	10664 	11807
f 11684 	11346 	11782
f 8603 	8563 	11810
f 11810 	8563 	11751
f 11677 	10797 	11676
f 11371 	11326 	11806
f 11817 	11511 	11533
f 11771 	11775 	11816
f 11654 	11648 	11812
f 11757 	11371 	11806
f 11678 	11784 	9393
f 11842 	11812 	11817
f 8562 	11818 	11744
f 9532 	11784 	9510
f 11817 	11812 	11648
f 11751 	11753 	11820
f 11654 	11812 	11813
f 11676 	11816 	11690
f 11764 	11763 	9231
f 9489 	10483 	9428
f 9231 	11775 	11764
f 11832 	8733 	8609
f 11690 	11775 	9203
f 11820 	11818 	11788
f 11753 	11818 	11820
f 9436 	11678 	9392
f 9436 	11685 	11678
f 8872 	11685 	9407
f 11648 	11450 	11817
f 11839 	9248 	11824
f 11696 	8887 	9346
f 11645 	11808 	11572
f 9319 	11696 	9346
f 11826 	8696 	8536
f 11829 	11830 	11828
f 11869 	11828 	11830
f 11830 	11839 	11869
f 8536 	8475 	11826
f 11831 	11870 	10818
f 11696 	9319 	9489
f 11831 	10818 	10822
f 8609 	11788 	11832
f 11663 	11645 	11572
f 11818 	11832 	11788
f 11869 	11870 	11828
f 11808 	11793 	11822
f 8568 	8733 	11832
f 11829 	9247 	11830
f 8568 	11832 	11818
f 11820 	11810 	11751
f 11829 	11828 	11845
f 11723 	11718 	11831
f 11837 	10917 	10927
f 8473 	8696 	11826
f 11837 	10305 	10304
f 11824 	11869 	11839
f 11840 	11804 	8482
f 9248 	11839 	9247
f 11830 	9247 	11839
f 11837 	10927 	11834
f 11840 	8482 	8471
f 11813 	11812 	11849
f 11837 	11834 	10305
f 9251 	11873 	9248
f 9293 	11849 	11842
f 11828 	11844 	11845
f 11847 	11718 	11846
f 8482 	8473 	8471
f 11847 	11844 	11828
f 11847 	11828 	11718
f 11812 	11842 	11849
f 8692 	8473 	8482
f 11845 	9151 	11829
f 11844 	9151 	11845
f 11850 	9631 	10316
f 11844 	11847 	9151
f 11846 	9151 	11847
f 8475 	8473 	11826
f 10456 	9631 	11850
f 11740 	9151 	11739
f 11739 	9151 	11846
f 10320 	11850 	10316
f 11860 	10854 	11864
f 11881 	11898 	11849
f 11850 	10955 	10952
f 10802 	11855 	11856
f 10304 	10444 	11837
f 11858 	9308 	9304
f 10802 	11861 	11855
f 11850 	11876 	10955
f 11858 	11822 	8750
f 11858 	11808 	11822
f 11942 	11862 	11854
f 10304 	9621 	10444
f 11895 	10869 	10861
f 9304 	9258 	11566
f 11854 	11862 	11863
f 11864 	11863 	11862
f 11928 	10980 	10395
f 11566 	11858 	9304
f 11578 	11808 	11566
f 11855 	11861 	11862
f 11861 	11860 	11862
f 11856 	11855 	11763
f 11763 	11855 	11862
f 11858 	11566 	11808
f 11752 	11856 	11763
f 11860 	11864 	11862
f 10976 	10535 	10355
f 11762 	11813 	11867
f 11831 	11828 	11870
f 11824 	11873 	11869
f 10818 	11870 	11874
f 8765 	8749 	11822
f 10976 	10355 	11834
f 11793 	8716 	11822
f 10981 	11876 	10395
f 10320 	10395 	11876
f 9323 	9321 	11881
f 11824 	9248 	11873
f 11881 	9293 	9323
f 11850 	10320 	11876
f 11849 	9293 	11881
f 11954 	11950 	11882
f 11950 	11887 	11882
f 10395 	10980 	10981
f 11888 	11887 	11880
f 11950 	11880 	11887
f 11889 	11882 	11887
f 11862 	11882 	11889
f 11892 	10535 	10976
f 11894 	11881 	9321
f 11763 	11887 	9260
f 11888 	9260 	11887
f 9410 	11894 	9321
f 11885 	11881 	11894
f 11862 	11889 	11763
f 11887 	11763 	11889
f 11042 	11892 	10976
f 10589 	11892 	11042
f 11895 	10861 	11874
f 11813 	11849 	11898
f 10861 	10862 	11874
f 11898 	11881 	11885
f 11975 	11964 	11900
f 11900 	11964 	11895
f 11813 	11898 	11867
f 11898 	11885 	11867
f 11928 	11062 	10980
f 11904 	8750 	8736
f 11975 	11900 	9258
f 10395 	10607 	11928
f 11909 	11910 	11911
f 11910 	11913 	11911
f 11910 	11916 	11917
f 11910 	11917 	11913
f 11904 	11918 	8750
f 11915 	10785 	10738
f 11919 	11917 	11916
f 10738 	8497 	11915
f 11915 	11156 	11077
f 11916 	11920 	11919
f 11858 	8750 	11918
f 11873 	11922 	11869
f 11920 	11916 	11922
f 11869 	11922 	11916
f 9308 	11904 	9337
f 11909 	11900 	11910
f 11918 	11904 	9308
f 11895 	11910 	11900
f 11874 	11916 	11895
f 11910 	11895 	11916
f 11916 	11870 	11869
f 11928 	11915 	11062
f 10559 	11915 	11928
f 11916 	11874 	11870
f 11911 	9258 	11909
f 11913 	9258 	11911
f 11913 	11917 	9258
f 11917 	11919 	9258
f 11922 	9258 	11920
f 11919 	11920 	9258
f 11931 	10589 	11042
f 11933 	10524 	11692
f 11909 	9258 	11900
f 9251 	9258 	11922
f 9251 	11922 	11873
f 11931 	11042 	8472
f 10686 	10683 	11964
f 10690 	10689 	11964
f 12010 	11507 	11925
f 11926 	11925 	11507
f 11943 	11854 	10871
f 11935 	11925 	11927
f 11943 	10871 	11940
f 10687 	10686 	11964
f 11863 	10871 	11854
f 11942 	11940 	10378
f 11163 	8472 	11103
f 11854 	11943 	11942
f 8472 	11039 	11103
f 11942 	11943 	11940
f 11935 	11927 	11945
f 11945 	11927 	11924
f 10689 	10687 	11964
f 10671 	10690 	11964
f 10869 	11895 	11964
f 8476 	11163 	11144
f 11942 	11955 	11862
f 11955 	11954 	11862
f 11948 	11949 	11950
f 8476 	8477 	11163
f 11949 	11880 	11950
f 11952 	11948 	11950
f 11042 	11039 	8472
f 11950 	10562 	11952
f 11952 	10562 	11953
f 11955 	11956 	11954
f 10755 	11933 	10758
f 10562 	11954 	11956
f 11173 	8508 	11189
f 11949 	11948 	9293
f 11948 	11952 	9293
f 11953 	9293 	11952
f 10755 	10524 	11933
f 8508 	11156 	8497
f 11882 	11862 	11954
f 11915 	8497 	11156
f 11692 	11945 	11933
f 10563 	10574 	9293
f 11933 	11945 	11962
f 11956 	11955 	11942
f 11962 	11945 	11507
f 10393 	11956 	10426
f 11224 	11933 	11962
f 10660 	10661 	11964
f 10671 	11964 	10668
f 8756 	8476 	11659
f 11144 	11659 	8476
f 10640 	10639 	11967
f 10642 	10654 	11967
f 11964 	10654 	10660
f 11945 	11692 	11762
f 11964 	11969 	11970
f 11964 	11970 	11967
f 11163 	8477 	10725
f 9308 	11967 	11970
f 8472 	11163 	10725
f 11762 	11935 	11945
f 9304 	11970 	11969
f 11964 	11975 	11976
f 11964 	11976 	11969
f 9258 	11976 	11975
f 9258 	9304 	11976
f 9471 	9457 	8683
f 11983 	11982 	11990
f 11741 	11990 	11993
f 11982 	11993 	11990
f 9581 	8739 	10674
f 11741 	11993 	11743
f 11997 	9471 	8683
f 11997 	8683 	8688
f 8806 	11997 	8688
f 9523 	9522 	8933
f 10772 	11996 	11990
f 11996 	11983 	11990
f 11741 	10541 	11990
f 9522 	9471 	8933
f 10772 	11990 	10771
f 9471 	11997 	8933
f 10541 	10771 	11990
f 9523 	8933 	8912
f 9686 	9061 	9581
f 9061 	8739 	9581
f 12010 	11308 	11289
f 11885 	12004 	12015
f 9523 	8912 	9207
f 11392 	11308 	12004
f 12004 	12010 	12015
f 11308 	12010 	12004
f 9080 	9061 	9874
f 9078 	9080 	9836
f 11935 	12015 	12010
f 11935 	12010 	11925
f 11867 	11885 	12015
f 12015 	11935 	11867
f 12004 	12019 	11392
f 12019 	11257 	11392
f 12019 	9410 	11257
f 9410 	9383 	11257
f 12019 	12004 	11885
f 11885 	11894 	12019
f 12019 	11894 	9410
# 4371 faces

g group_5_15277357

usemtl color_15277357
s 0

f 12074 	12075 	12076
f 12074 	12076 	12077
f 12078 	12079 	12080
f 12078 	12080 	12081
f 12077 	12078 	12081
f 12077 	12081 	12074
f 12075 	12080 	12079
f 12075 	12079 	12076
f 12081 	12080 	12075
f 12081 	12075 	12074
f 12077 	12076 	12079
f 12077 	12079 	12078
# 12 faces

g group_5_16089887

usemtl color_16089887
s 0

f 9768 	9784 	9767
f 9766 	9767 	9784
f 9765 	9766 	9784
f 9769 	9784 	9768
f 9770 	9784 	9769
f 9771 	9784 	9770
f 9774 	9784 	9773
f 9798 	9809 	9776
f 9777 	9798 	9776
f 9778 	9798 	9777
f 9779 	9798 	9778
f 9786 	9787 	9785
f 9784 	9785 	9787
f 9784 	9787 	9788
f 9784 	9788 	9789
f 9784 	9789 	9790
f 9784 	9790 	9791
f 9784 	9791 	9792
f 9784 	9792 	9793
f 9784 	9793 	9794
f 9784 	9794 	9795
f 9784 	9795 	9796
f 9784 	9796 	9797
f 9764 	9765 	9784
f 9797 	9764 	9784
f 9771 	9773 	9784
f 9775 	9776 	9811
f 9799 	9798 	9779
f 9800 	9798 	9799
f 9809 	9811 	9776
f 9798 	9800 	9801
f 9798 	9801 	9802
f 9798 	9802 	9803
f 9798 	9803 	9804
f 9805 	9807 	9804
f 9808 	9804 	9807
f 9798 	9804 	9808
f 9813 	9774 	9812
f 9811 	9812 	9774
f 9814 	9774 	9813
f 9815 	9774 	9814
f 9816 	9774 	9815
f 9817 	9774 	9816
f 9818 	9774 	9817
f 9784 	9774 	9818
f 9774 	9775 	9811
f 10370 	10390 	10333
f 10334 	10333 	10390
f 10352 	10334 	10390
f 10373 	10352 	10390
f 10499 	10500 	10399
f 10408 	10399 	10500
f 10408 	10500 	10501
f 10501 	10394 	10408
f 10425 	10409 	10426
f 10408 	10426 	10409
f 10426 	10408 	10394
f 10426 	10394 	10393
f 9283 	10367 	9284
f 10370 	9312 	10367
f 10370 	10333 	9281
f 10344 	10367 	9283
f 10359 	10367 	10344
f 9281 	9312 	10370
f 10511 	10399 	10510
f 10510 	10399 	10509
f 10514 	10507 	10396
f 10396 	10507 	10508
f 10509 	10399 	10508
f 10396 	10508 	10398
f 10398 	10508 	10399
f 10511 	10499 	10399
f 10399 	10408 	10412
f 9284 	10367 	9312
f 10443 	10441 	10548
f 9287 	10548 	9288
f 10440 	10432 	10441
f 10432 	9288 	10441
f 10441 	9288 	10548
f 10514 	10396 	10513
f 10513 	10396 	10534
f 10450 	10474 	10451
f 10451 	10534 	10396
f 10471 	10534 	10472
f 10451 	10472 	10534
f 10472 	10451 	10474
f 10466 	10474 	10450
f 10486 	10548 	10482
f 10443 	10548 	10449
f 10449 	10548 	10486
f 10545 	10482 	10544
f 10546 	10482 	10545
f 10547 	10482 	10546
f 10483 	10482 	10547
f 10544 	10482 	10548
f 9326 	10550 	9327
f 9326 	9330 	10550
f 10550 	10551 	9327
f 10551 	10552 	9327
f 10552 	10553 	9327
f 10553 	10554 	9327
f 10555 	9327 	10554
f 10548 	9287 	10555
f 9327 	10555 	9328
f 10558 	10549 	9330
f 10549 	10550 	9330
f 9328 	10555 	9287
f 9330 	9352 	10558
f 10586 	10569 	10581
f 10570 	10569 	10586
f 10511 	10581 	10569
f 10511 	10569 	10568
f 10511 	10568 	10566
f 10579 	10499 	10566
f 10511 	10566 	10499
f 10500 	10499 	10613
f 10579 	10613 	10499
f 10618 	10596 	9770
f 10623 	10501 	10624
f 10501 	10500 	10624
f 10613 	10624 	10500
f 10628 	10627 	9769
f 10627 	10618 	9769
f 9770 	9769 	10618
f 10623 	10635 	10501
f 10394 	10501 	10636
f 10635 	10636 	10501
f 10642 	10639 	9768
f 10632 	9768 	10641
f 10639 	10641 	9768
f 9768 	9767 	10642
f 9767 	9766 	10654
f 10681 	10680 	9797
f 10683 	10686 	9797
f 10686 	10687 	9797
f 10687 	10689 	9797
f 10689 	10690 	9797
f 10680 	10683 	9797
f 10690 	10671 	9797
f 9764 	9797 	10671
f 10708 	10707 	10513
f 10709 	9799 	10710
f 10710 	9799 	10714
f 10514 	10513 	10718
f 10717 	10514 	10718
f 10720 	10718 	10513
f 10707 	10720 	10513
f 10714 	9779 	10721
f 10717 	9650 	10507
f 10717 	10507 	10514
f 10507 	9650 	10508
f 10730 	10508 	9650
f 10730 	10741 	10508
f 10509 	10508 	10741
f 10740 	10509 	10741
f 10732 	9776 	10743
f 10743 	9775 	10744
f 9775 	10745 	10744
f 10747 	10510 	10509
f 10747 	10509 	10740
f 9775 	9774 	10745
f 10751 	10511 	10510
f 10751 	10510 	10747
f 10751 	10582 	10511
f 10582 	10581 	10511
f 10764 	10681 	9797
f 9797 	9796 	10764
f 10776 	9796 	10786
f 10796 	10795 	9793
f 10793 	9794 	10795
f 9793 	9792 	10796
f 10808 	9790 	10810
f 10804 	9791 	10809
f 9790 	9789 	10815
f 10823 	10825 	9788
f 10817 	9789 	10825
f 9788 	9787 	10824
f 9787 	9786 	10830
f 9786 	9785 	10835
f 10849 	10846 	9784
f 9784 	9818 	10849
f 10547 	9805 	10483
f 10864 	9804 	10868
f 10876 	10874 	9803
f 9803 	10873 	10868
f 10873 	9803 	10874
f 10876 	9802 	10882
f 10882 	9801 	10891
f 10888 	9801 	10889
f 10891 	9801 	10888
f 9800 	10889 	9801
f 10471 	10895 	10534
f 9799 	10899 	9800
f 10889 	9800 	10899
f 10895 	10902 	10534
f 10513 	10534 	10902
f 10513 	10902 	10708
f 10899 	9799 	10905
f 10905 	9799 	10709
f 10853 	10849 	9818
f 10853 	9818 	9352
f 9817 	10550 	10549
f 9809 	10548 	10555
f 10544 	10548 	9809
f 10596 	10595 	9771
f 10660 	10654 	9766
f 9766 	9765 	10661
f 10671 	10668 	9764
f 10721 	9779 	10722
f 9778 	9659 	10722
f 9775 	10743 	9776
f 10654 	10642 	9767
f 10661 	10660 	9766
f 10668 	10661 	9765
f 9765 	9764 	10668
f 9778 	10722 	9779
f 9771 	10595 	10753
f 10776 	10764 	9796
f 10801 	9792 	10804
f 10809 	9791 	10808
f 10815 	10810 	9790
f 10824 	10823 	9788
f 10830 	10824 	9787
f 10840 	10835 	9785
f 9784 	10846 	10843
f 10843 	10840 	9785
f 9785 	9784 	10843
f 9805 	10547 	10546
f 10483 	9805 	10864
f 9804 	10864 	9805
f 9803 	10868 	9804
f 9802 	10876 	9803
f 9801 	10882 	9802
f 9779 	10714 	9799
f 9815 	10551 	10550
f 10551 	9815 	10552
f 10596 	9771 	9770
f 10632 	10628 	9769
f 9769 	9768 	10632
f 10786 	9795 	10793
f 9793 	10795 	9794
f 9790 	10808 	9791
f 9788 	10825 	9789
f 10835 	10830 	9786
f 10544 	9798 	10545
f 9808 	10545 	9798
f 9807 	10546 	10545
f 9807 	10545 	9808
f 9805 	10546 	9807
f 10544 	9809 	9798
f 9817 	10549 	10558
f 9814 	10552 	9815
f 10553 	10552 	9814
f 9812 	10554 	10553
f 10555 	10554 	9812
f 10555 	9811 	9809
f 9778 	9777 	9659
f 9659 	9777 	10732
f 9776 	10732 	9777
f 10748 	10745 	9774
f 9774 	9773 	10748
f 10753 	10748 	9773
f 9771 	10753 	9773
f 10786 	9796 	9795
f 9794 	10793 	9795
f 10801 	10796 	9792
f 9791 	10804 	9792
f 10817 	10815 	9789
f 10558 	9352 	9818
f 9818 	9817 	10558
f 9817 	9816 	10550
f 9816 	9815 	10550
f 9813 	10553 	9814
f 10553 	9813 	9812
f 9811 	10555 	9812
# 275 faces

 #end of obj_5

